Run,Assay Type,AvgSpotLen,Bases,BioProject,BioSample,BioSampleModel,Bytes,Center Name,Collection_Date,Consent,DATASTORE filetype,DATASTORE provider,DATASTORE region,env_broad_scale,env_local_scale,env_medium,Experiment,geo_loc_name_country,geo_loc_name_country_continent,geo_loc_name,Host_age,host_body_mass_index,Host,Instrument,lat_lon,Library Name,LibraryLayout,LibrarySelection,LibrarySource,Organism,Platform,ReleaseDate,create_date,version,Sample Name,SRA Study
SRR32393053,AMPLICON,500,23148500,PRJNA1225157,SAMN46890594,"MIMS.me,MIGS/MIMS/MIMARKS.human-gut",13457009,RESEARCH INSTITUTE FOR SYSTEMS BIOLOGY AND MEDICINE (RISBM),2016-09-06/2017-11-27,public,"fastq,run.zq,sra","gs,ncbi,s3","gs.us-east1,ncbi.public,s3.us-east-1",human population,human gut,stool,SRX27725700,Russia,Europe,Russia: Arkhangelsk,47.47433,28.91263,Homo sapiens,Illumina MiSeq,64.31 N 40.32 E,KYH512155,PAIRED,PCR,METAGENOMIC,human gut metagenome,ILLUMINA,2025-03-07T00:00:00Z,2025-02-19T06:22:00Z,1,KYH512155,SRP564871
SRR32393054,AMPLICON,501,13156273,PRJNA1225157,SAMN46891187,"MIMS.me,MIGS/MIMS/MIMARKS.human-gut",8161868,RESEARCH INSTITUTE FOR SYSTEMS BIOLOGY AND MEDICINE (RISBM),2016-09-06/2017-11-27,public,"fastq,run.zq,sra","gs,ncbi,s3","gs.us-east1,ncbi.public,s3.us-east-1",human population,human gut,stool,SRX27725699,Russia,Europe,Russia: Arkhangelsk,41.28953,24.44071,Homo sapiens,Illumina MiSeq,64.31 N 40.32 E,KYH950050,PAIRED,PCR,METAGENOMIC,human gut metagenome,ILLUMINA,2025-03-07T00:00:00Z,2025-02-19T06:22:00Z,1,KYH950050,SRP564871
SRR32393055,AMPLICON,501,16897469,PRJNA1225157,SAMN46891186,"MIMS.me,MIGS/MIMS/MIMARKS.human-gut",9919188,RESEARCH INSTITUTE FOR SYSTEMS BIOLOGY AND MEDICINE (RISBM),2016-09-06/2017-11-27,public,"fastq,run.zq,sra","gs,ncbi,s3","gs.us-east1,ncbi.public,s3.us-east-1",human population,human gut,stool,SRX27725698,Russia,Europe,Russia: Arkhangelsk,63.96715,29.26234,Homo sapiens,Illumina MiSeq,64.31 N 40.32 E,KYH337127,PAIRED,PCR,METAGENOMIC,human gut metagenome,ILLUMINA,2025-03-07T00:00:00Z,2025-02-19T06:22:00Z,1,KYH337127,SRP564871
SRR32393056,AMPLICON,501,16019213,PRJNA1225157,SAMN46891185,"MIMS.me,MIGS/MIMS/MIMARKS.human-gut",10286511,RESEARCH INSTITUTE FOR SYSTEMS BIOLOGY AND MEDICINE (RISBM),2016-09-06/2017-11-27,public,"fastq,run.zq,sra","gs,ncbi,s3","gs.us-east1,ncbi.public,s3.us-east-1",human population,human gut,stool,SRX27725697,Russia,Europe,Russia: Arkhangelsk,42.93498,28.71966,Homo sapiens,Illumina MiSeq,64.31 N 40.32 E,KYH643147,PAIRED,PCR,METAGENOMIC,human gut metagenome,ILLUMINA,2025-03-07T00:00:00Z,2025-02-19T06:22:00Z,1,KYH643147,SRP564871
SRR32393057,AMPLICON,501,21237212,PRJNA1225157,SAMN46891184,"MIMS.me,MIGS/MIMS/MIMARKS.human-gut",12225672,RESEARCH INSTITUTE FOR SYSTEMS BIOLOGY AND MEDICINE (RISBM),2016-09-06/2017-11-27,public,"fastq,run.zq,sra","gs,ncbi,s3","gs.us-east1,ncbi.public,s3.us-east-1",human population,human gut,stool,SRX27725696,Russia,Europe,Russia: Arkhangelsk,50.6256,23.34316,Homo sapiens,Illumina MiSeq,64.31 N 40.32 E,KYH619523,PAIRED,PCR,METAGENOMIC,human gut metagenome,ILLUMINA,2025-03-07T00:00:00Z,2025-02-19T06:22:00Z,1,KYH619523,SRP564871
SRR32393058,AMPLICON,501,32939091,PRJNA1225157,SAMN46891183,"MIMS.me,MIGS/MIMS/MIMARKS.human-gut",18915719,RESEARCH INSTITUTE FOR SYSTEMS BIOLOGY AND MEDICINE (RISBM),2016-09-06/2017-11-27,public,"fastq,run.zq,sra","gs,ncbi,s3","gs.us-east1,ncbi.public,s3.us-east-1",human population,human gut,stool,SRX27725695,Russia,Europe,Russia: Arkhangelsk,49.33333,26.16529,Homo sapiens,Illumina MiSeq,64.31 N 40.32 E,KYH886891,PAIRED,PCR,METAGENOMIC,human gut metagenome,ILLUMINA,2025-03-07T00:00:00Z,2025-02-19T06:22:00Z,1,KYH886891,SRP564871
SRR32393059,AMPLICON,501,15981674,PRJNA1225157,SAMN46891182,"MIMS.me,MIGS/MIMS/MIMARKS.human-gut",9669763,RESEARCH INSTITUTE FOR SYSTEMS BIOLOGY AND MEDICINE (RISBM),2016-09-06/2017-11-27,public,"fastq,run.zq,sra","gs,ncbi,s3","gs.us-east1,ncbi.public,s3.us-east-1",human population,human gut,stool,SRX27725694,Russia,Europe,Russia: Arkhangelsk,54.80903,22.39737,Homo sapiens,Illumina MiSeq,64.31 N 40.32 E,KYH310974,PAIRED,PCR,METAGENOMIC,human gut metagenome,ILLUMINA,2025-03-07T00:00:00Z,2025-02-19T06:22:00Z,1,KYH310974,SRP564871
SRR32393060,AMPLICON,501,16150716,PRJNA1225157,SAMN46891181,"MIMS.me,MIGS/MIMS/MIMARKS.human-gut",9589888,RESEARCH INSTITUTE FOR SYSTEMS BIOLOGY AND MEDICINE (RISBM),2016-09-06/2017-11-27,public,"fastq,run.zq,sra","gs,ncbi,s3","gs.us-east1,ncbi.public,s3.us-east-1",human population,human gut,stool,SRX27725693,Russia,Europe,Russia: Arkhangelsk,55.60575,25.91593,Homo sapiens,Illumina MiSeq,64.31 N 40.32 E,KYH403346,PAIRED,PCR,METAGENOMIC,human gut metagenome,ILLUMINA,2025-03-07T00:00:00Z,2025-02-19T06:22:00Z,1,KYH403346,SRP564871
SRR32393061,AMPLICON,501,3407847,PRJNA1225157,SAMN46891180,"MIMS.me,MIGS/MIMS/MIMARKS.human-gut",2036961,RESEARCH INSTITUTE FOR SYSTEMS BIOLOGY AND MEDICINE (RISBM),2016-09-06/2017-11-27,public,"fastq,run.zq,sra","gs,ncbi,s3","gs.us-east1,ncbi.public,s3.us-east-1",human population,human gut,stool,SRX27725692,Russia,Europe,Russia: Arkhangelsk,58.22587,28.12107,Homo sapiens,Illumina MiSeq,64.31 N 40.32 E,KYH167484,PAIRED,PCR,METAGENOMIC,human gut metagenome,ILLUMINA,2025-03-07T00:00:00Z,2025-02-19T06:22:00Z,1,KYH167484,SRP564871
SRR32393062,AMPLICON,501,20355918,PRJNA1225157,SAMN46891179,"MIGS/MIMS/MIMARKS.human-gut,MIMS.me",11713696,RESEARCH INSTITUTE FOR SYSTEMS BIOLOGY AND MEDICINE (RISBM),2016-09-06/2017-11-27,public,"fastq,run.zq,sra","gs,ncbi,s3","gs.us-east1,ncbi.public,s3.us-east-1",human population,human gut,stool,SRX27725691,Russia,Europe,Russia: Arkhangelsk,41.32512,30.31591,Homo sapiens,Illumina MiSeq,64.31 N 40.32 E,KYH434168,PAIRED,PCR,METAGENOMIC,human gut metagenome,ILLUMINA,2025-03-07T00:00:00Z,2025-02-19T06:22:00Z,1,KYH434168,SRP564871
SRR32393063,AMPLICON,501,4755859,PRJNA1225157,SAMN46891178,"MIMS.me,MIGS/MIMS/MIMARKS.human-gut",2708449,RESEARCH INSTITUTE FOR SYSTEMS BIOLOGY AND MEDICINE (RISBM),2016-09-06/2017-11-27,public,"fastq,run.zq,sra","gs,ncbi,s3","gs.us-east1,ncbi.public,s3.us-east-1",human population,human gut,stool,SRX27725690,Russia,Europe,Russia: Arkhangelsk,66.83641,26.91712,Homo sapiens,Illumina MiSeq,64.31 N 40.32 E,KYH848130,PAIRED,PCR,METAGENOMIC,human gut metagenome,ILLUMINA,2025-03-07T00:00:00Z,2025-02-19T06:22:00Z,1,KYH848130,SRP564871
SRR32393064,AMPLICON,500,24329500,PRJNA1225157,SAMN46890593,"MIMS.me,MIGS/MIMS/MIMARKS.human-gut",14090564,RESEARCH INSTITUTE FOR SYSTEMS BIOLOGY AND MEDICINE (RISBM),2016-09-06/2017-11-27,public,"fastq,run.zq,sra","gs,ncbi,s3","gs.us-east1,ncbi.public,s3.us-east-1",human population,human gut,stool,SRX27725689,Russia,Europe,Russia: Arkhangelsk,37.1937,26.47089,Homo sapiens,Illumina MiSeq,64.31 N 40.32 E,KYH672671,PAIRED,PCR,METAGENOMIC,human gut metagenome,ILLUMINA,2025-03-07T00:00:00Z,2025-02-19T06:22:00Z,1,KYH672671,SRP564871
SRR32393065,AMPLICON,501,16025501,PRJNA1225157,SAMN46891004,"MIMS.me,MIGS/MIMS/MIMARKS.human-gut",9178947,RESEARCH INSTITUTE FOR SYSTEMS BIOLOGY AND MEDICINE (RISBM),2016-09-06/2017-11-27,public,"fastq,run.zq,sra","gs,ncbi,s3","gs.us-east1,ncbi.public,s3.us-east-1",human population,human gut,stool,SRX27725688,Russia,Europe,Russia: Arkhangelsk,54.51608,25.17976,Homo sapiens,Illumina MiSeq,64.31 N 40.32 E,KYH363948,PAIRED,PCR,METAGENOMIC,human gut metagenome,ILLUMINA,2025-03-07T00:00:00Z,2025-02-19T06:22:00Z,1,KYH363948,SRP564871
SRR32393066,AMPLICON,501,15682379,PRJNA1225157,SAMN46891003,"MIMS.me,MIGS/MIMS/MIMARKS.human-gut",9583756,RESEARCH INSTITUTE FOR SYSTEMS BIOLOGY AND MEDICINE (RISBM),2016-09-06/2017-11-27,public,"fastq,run.zq,sra","gs,ncbi,s3","gs.us-east1,ncbi.public,s3.us-east-1",human population,human gut,stool,SRX27725687,Russia,Europe,Russia: Arkhangelsk,45.61259,23.83451,Homo sapiens,Illumina MiSeq,64.31 N 40.32 E,KYH951495,PAIRED,PCR,METAGENOMIC,human gut metagenome,ILLUMINA,2025-03-07T00:00:00Z,2025-02-19T06:22:00Z,1,KYH951495,SRP564871
SRR32393067,AMPLICON,501,8779181,PRJNA1225157,SAMN46891002,"MIMS.me,MIGS/MIMS/MIMARKS.human-gut",5403327,RESEARCH INSTITUTE FOR SYSTEMS BIOLOGY AND MEDICINE (RISBM),2016-09-06/2017-11-27,public,"fastq,run.zq,sra","gs,ncbi,s3","gs.us-east1,ncbi.public,s3.us-east-1",human population,human gut,stool,SRX27725686,Russia,Europe,Russia: Arkhangelsk,42.98152,22.87995,Homo sapiens,Illumina MiSeq,64.31 N 40.32 E,KYH449761,PAIRED,PCR,METAGENOMIC,human gut metagenome,ILLUMINA,2025-03-07T00:00:00Z,2025-02-19T06:22:00Z,1,KYH449761,SRP564871
SRR32393068,AMPLICON,501,8882384,PRJNA1225157,SAMN46891001,"MIMS.me,MIGS/MIMS/MIMARKS.human-gut",5885219,RESEARCH INSTITUTE FOR SYSTEMS BIOLOGY AND MEDICINE (RISBM),2016-09-06/2017-11-27,public,"fastq,run.zq,sra","gs,ncbi,s3","gs.us-east1,ncbi.public,s3.us-east-1",human population,human gut,stool,SRX27725685,Russia,Europe,Russia: Arkhangelsk,69.57974,28.2193,Homo sapiens,Illumina MiSeq,64.31 N 40.32 E,KYH456637,PAIRED,PCR,METAGENOMIC,human gut metagenome,ILLUMINA,2025-03-07T00:00:00Z,2025-02-19T06:22:00Z,1,KYH456637,SRP564871
SRR32393069,AMPLICON,501,13127639,PRJNA1225157,SAMN46891000,"MIMS.me,MIGS/MIMS/MIMARKS.human-gut",8330222,RESEARCH INSTITUTE FOR SYSTEMS BIOLOGY AND MEDICINE (RISBM),2016-09-06/2017-11-27,public,"fastq,run.zq,sra","gs,ncbi,s3","gs.us-east1,ncbi.public,s3.us-east-1",human population,human gut,stool,SRX27725684,Russia,Europe,Russia: Arkhangelsk,63.46886,24.74545,Homo sapiens,Illumina MiSeq,64.31 N 40.32 E,KYH879782,PAIRED,PCR,METAGENOMIC,human gut metagenome,ILLUMINA,2025-03-07T00:00:00Z,2025-02-19T06:22:00Z,1,KYH879782,SRP564871
SRR32393070,AMPLICON,501,8666873,PRJNA1225157,SAMN46890999,"MIMS.me,MIGS/MIMS/MIMARKS.human-gut",5504366,RESEARCH INSTITUTE FOR SYSTEMS BIOLOGY AND MEDICINE (RISBM),2016-09-06/2017-11-27,public,"fastq,run.zq,sra","gs,ncbi,s3","gs.us-east1,ncbi.public,s3.us-east-1",human population,human gut,stool,SRX27725683,Russia,Europe,Russia: Arkhangelsk,54.44764,31.35992,Homo sapiens,Illumina MiSeq,64.31 N 40.32 E,KYH395799,PAIRED,PCR,METAGENOMIC,human gut metagenome,ILLUMINA,2025-03-07T00:00:00Z,2025-02-19T06:22:00Z,1,KYH395799,SRP564871
SRR32393071,AMPLICON,501,36292383,PRJNA1225157,SAMN46890998,"MIMS.me,MIGS/MIMS/MIMARKS.human-gut",20956676,RESEARCH INSTITUTE FOR SYSTEMS BIOLOGY AND MEDICINE (RISBM),2016-09-06/2017-11-27,public,"fastq,run.zq,sra","gs,ncbi,s3","gs.us-east1,ncbi.public,s3.us-east-1",human population,human gut,stool,SRX27725682,Russia,Europe,Russia: Arkhangelsk,50.1629,25.23051,Homo sapiens,Illumina MiSeq,64.31 N 40.32 E,KYH968485,PAIRED,PCR,METAGENOMIC,human gut metagenome,ILLUMINA,2025-03-07T00:00:00Z,2025-02-19T06:22:00Z,1,KYH968485,SRP564871
SRR32393072,AMPLICON,500,21587000,PRJNA1225157,SAMN46890575,"MIMS.me,MIGS/MIMS/MIMARKS.human-gut",12512306,RESEARCH INSTITUTE FOR SYSTEMS BIOLOGY AND MEDICINE (RISBM),2016-09-06/2017-11-27,public,"fastq,run.zq,sra","gs,ncbi,s3","gs.us-east1,ncbi.public,s3.us-east-1",human population,human gut,stool,SRX27725681,Russia,Europe,Russia: Arkhangelsk,39.66872,22.95508,Homo sapiens,Illumina MiSeq,64.31 N 40.32 E,KYH641048,PAIRED,PCR,METAGENOMIC,human gut metagenome,ILLUMINA,2025-03-07T00:00:00Z,2025-02-19T06:22:00Z,1,KYH641048,SRP564871
SRR32393073,AMPLICON,501,7300849,PRJNA1225157,SAMN46890997,"MIMS.me,MIGS/MIMS/MIMARKS.human-gut",4540442,RESEARCH INSTITUTE FOR SYSTEMS BIOLOGY AND MEDICINE (RISBM),2016-09-06/2017-11-27,public,"fastq,run.zq,sra","gs,ncbi,s3","gs.us-east1,ncbi.public,s3.us-east-1",human population,human gut,stool,SRX27725680,Russia,Europe,Russia: Arkhangelsk,43.99452,20.89424,Homo sapiens,Illumina MiSeq,64.31 N 40.32 E,KYH521236,PAIRED,PCR,METAGENOMIC,human gut metagenome,ILLUMINA,2025-03-07T00:00:00Z,2025-02-19T06:22:00Z,1,KYH521236,SRP564871
SRR32393074,AMPLICON,501,8103055,PRJNA1225157,SAMN46890996,"MIMS.me,MIGS/MIMS/MIMARKS.human-gut",4820340,RESEARCH INSTITUTE FOR SYSTEMS BIOLOGY AND MEDICINE (RISBM),2016-09-06/2017-11-27,public,"fastq,run.zq,sra","gs,ncbi,s3","gs.us-east1,ncbi.public,s3.us-east-1",human population,human gut,stool,SRX27725679,Russia,Europe,Russia: Arkhangelsk,58.23409,37.89087,Homo sapiens,Illumina MiSeq,64.31 N 40.32 E,KYH116637,PAIRED,PCR,METAGENOMIC,human gut metagenome,ILLUMINA,2025-03-07T00:00:00Z,2025-02-19T06:22:00Z,1,KYH116637,SRP564871
SRR32393075,AMPLICON,501,8775692,PRJNA1225157,SAMN46890995,"MIMS.me,MIGS/MIMS/MIMARKS.human-gut",5375975,RESEARCH INSTITUTE FOR SYSTEMS BIOLOGY AND MEDICINE (RISBM),2016-09-06/2017-11-27,public,"fastq,run.zq,sra","gs,ncbi,s3","gs.us-east1,ncbi.public,s3.us-east-1",human population,human gut,stool,SRX27725678,Russia,Europe,Russia: Arkhangelsk,50.45859,31.40522,Homo sapiens,Illumina MiSeq,64.31 N 40.32 E,KYH965644,PAIRED,PCR,METAGENOMIC,human gut metagenome,ILLUMINA,2025-03-07T00:00:00Z,2025-02-19T06:22:00Z,1,KYH965644,SRP564871
SRR32393076,AMPLICON,501,9865587,PRJNA1225157,SAMN46890994,"MIMS.me,MIGS/MIMS/MIMARKS.human-gut",6323442,RESEARCH INSTITUTE FOR SYSTEMS BIOLOGY AND MEDICINE (RISBM),2016-09-06/2017-11-27,public,"fastq,run.zq,sra","gs,ncbi,s3","gs.us-east1,ncbi.public,s3.us-east-1",human population,human gut,stool,SRX27725677,Russia,Europe,Russia: Arkhangelsk,51.69884,29.07322,Homo sapiens,Illumina MiSeq,64.31 N 40.32 E,KYH800196,PAIRED,PCR,METAGENOMIC,human gut metagenome,ILLUMINA,2025-03-07T00:00:00Z,2025-02-19T06:22:00Z,1,KYH800196,SRP564871
SRR32393077,AMPLICON,501,15492736,PRJNA1225157,SAMN46890993,"MIMS.me,MIGS/MIMS/MIMARKS.human-gut",9039209,RESEARCH INSTITUTE FOR SYSTEMS BIOLOGY AND MEDICINE (RISBM),2016-09-06/2017-11-27,public,"fastq,run.zq,sra","gs,ncbi,s3","gs.us-east1,ncbi.public,s3.us-east-1",human population,human gut,stool,SRX27725676,Russia,Europe,Russia: Arkhangelsk,47.72621,23.98629,Homo sapiens,Illumina MiSeq,64.31 N 40.32 E,KYH939203,PAIRED,PCR,METAGENOMIC,human gut metagenome,ILLUMINA,2025-03-07T00:00:00Z,2025-02-19T06:22:00Z,1,KYH939203,SRP564871
SRR32393078,AMPLICON,501,9221461,PRJNA1225157,SAMN46890992,"MIMS.me,MIGS/MIMS/MIMARKS.human-gut",5435375,RESEARCH INSTITUTE FOR SYSTEMS BIOLOGY AND MEDICINE (RISBM),2016-09-06/2017-11-27,public,"fastq,run.zq,sra","gs,ncbi,s3","gs.us-east1,ncbi.public,s3.us-east-1",human population,human gut,stool,SRX27725675,Russia,Europe,Russia: Arkhangelsk,58.98426,33.98466,Homo sapiens,Illumina MiSeq,64.31 N 40.32 E,KYH970664,PAIRED,PCR,METAGENOMIC,human gut metagenome,ILLUMINA,2025-03-07T00:00:00Z,2025-02-19T06:22:00Z,1,KYH970664,SRP564871
SRR32393079,AMPLICON,501,17781023,PRJNA1225157,SAMN46890991,"MIMS.me,MIGS/MIMS/MIMARKS.human-gut",10223348,RESEARCH INSTITUTE FOR SYSTEMS BIOLOGY AND MEDICINE (RISBM),2016-09-06/2017-11-27,public,"fastq,run.zq,sra","gs,ncbi,s3","gs.us-east1,ncbi.public,s3.us-east-1",human population,human gut,stool,SRX27725674,Russia,Europe,Russia: Arkhangelsk,51.52361,28.88803,Homo sapiens,Illumina MiSeq,64.31 N 40.32 E,KYH376899,PAIRED,PCR,METAGENOMIC,human gut metagenome,ILLUMINA,2025-03-07T00:00:00Z,2025-02-19T06:22:00Z,1,KYH376899,SRP564871
SRR32393080,AMPLICON,501,17871353,PRJNA1225157,SAMN46890990,"MIMS.me,MIGS/MIMS/MIMARKS.human-gut",11361704,RESEARCH INSTITUTE FOR SYSTEMS BIOLOGY AND MEDICINE (RISBM),2016-09-06/2017-11-27,public,"fastq,run.zq,sra","gs,ncbi,s3","gs.us-east1,ncbi.public,s3.us-east-1",human population,human gut,stool,SRX27725673,Russia,Europe,Russia: Arkhangelsk,70.50513,27.22152,Homo sapiens,Illumina MiSeq,64.31 N 40.32 E,KYH300979,PAIRED,PCR,METAGENOMIC,human gut metagenome,ILLUMINA,2025-03-07T00:00:00Z,2025-02-19T06:22:00Z,1,KYH300979,SRP564871
SRR32393081,AMPLICON,501,12197285,PRJNA1225157,SAMN46890989,"MIMS.me,MIGS/MIMS/MIMARKS.human-gut",7682364,RESEARCH INSTITUTE FOR SYSTEMS BIOLOGY AND MEDICINE (RISBM),2016-09-06/2017-11-27,public,"fastq,run.zq,sra","gs,ncbi,s3","gs.us-east1,ncbi.public,s3.us-east-1",human population,human gut,stool,SRX27725672,Russia,Europe,Russia: Arkhangelsk,70.44764,25.72016,Homo sapiens,Illumina MiSeq,64.31 N 40.32 E,KYH190875,PAIRED,PCR,METAGENOMIC,human gut metagenome,ILLUMINA,2025-03-07T00:00:00Z,2025-02-19T06:22:00Z,1,KYH190875,SRP564871
SRR32393082,AMPLICON,501,9500632,PRJNA1225157,SAMN46890988,"MIMS.me,MIGS/MIMS/MIMARKS.human-gut",6402507,RESEARCH INSTITUTE FOR SYSTEMS BIOLOGY AND MEDICINE (RISBM),2016-09-06/2017-11-27,public,"fastq,run.zq,sra","gs,ncbi,s3","gs.us-east1,ncbi.public,s3.us-east-1",human population,human gut,stool,SRX27725671,Russia,Europe,Russia: Arkhangelsk,58.85558,29.1773,Homo sapiens,Illumina MiSeq,64.31 N 40.32 E,KYH959818,PAIRED,PCR,METAGENOMIC,human gut metagenome,ILLUMINA,2025-03-07T00:00:00Z,2025-02-19T06:22:00Z,1,KYH959818,SRP564871
SRR32393083,AMPLICON,500,11123000,PRJNA1225157,SAMN46890574,"MIMS.me,MIGS/MIMS/MIMARKS.human-gut",6532283,RESEARCH INSTITUTE FOR SYSTEMS BIOLOGY AND MEDICINE (RISBM),2016-09-06/2017-11-27,public,"fastq,run.zq,sra","gs,ncbi,s3","gs.us-east1,ncbi.public,s3.us-east-1",human population,human gut,stool,SRX27725670,Russia,Europe,Russia: Arkhangelsk,56.78303,25.98345,Homo sapiens,Illumina MiSeq,64.31 N 40.32 E,KYH527900,PAIRED,PCR,METAGENOMIC,human gut metagenome,ILLUMINA,2025-03-07T00:00:00Z,2025-02-19T06:22:00Z,1,KYH527900,SRP564871
SRR32393084,AMPLICON,501,12525020,PRJNA1225157,SAMN46890987,"MIMS.me,MIGS/MIMS/MIMARKS.human-gut",8022076,RESEARCH INSTITUTE FOR SYSTEMS BIOLOGY AND MEDICINE (RISBM),2016-09-06/2017-11-27,public,"fastq,run.zq,sra","gs,ncbi,s3","gs.us-east1,ncbi.public,s3.us-east-1",human population,human gut,stool,SRX27725669,Russia,Europe,Russia: Arkhangelsk,54.46954,28.2319,Homo sapiens,Illumina MiSeq,64.31 N 40.32 E,KYH975300,PAIRED,PCR,METAGENOMIC,human gut metagenome,ILLUMINA,2025-03-07T00:00:00Z,2025-02-19T06:22:00Z,1,KYH975300,SRP564871
SRR32393085,AMPLICON,501,22242326,PRJNA1225157,SAMN46890986,"MIMS.me,MIGS/MIMS/MIMARKS.human-gut",13948181,RESEARCH INSTITUTE FOR SYSTEMS BIOLOGY AND MEDICINE (RISBM),2016-09-06/2017-11-27,public,"fastq,run.zq,sra","gs,ncbi,s3","gs.us-east1,ncbi.public,s3.us-east-1",human population,human gut,stool,SRX27725668,Russia,Europe,Russia: Arkhangelsk,55.33744,30.99063,Homo sapiens,Illumina MiSeq,64.31 N 40.32 E,KYH397234,PAIRED,PCR,METAGENOMIC,human gut metagenome,ILLUMINA,2025-03-07T00:00:00Z,2025-02-19T06:22:00Z,1,KYH397234,SRP564871
SRR32393086,AMPLICON,501,15798068,PRJNA1225157,SAMN46890985,"MIMS.me,MIGS/MIMS/MIMARKS.human-gut",9827828,RESEARCH INSTITUTE FOR SYSTEMS BIOLOGY AND MEDICINE (RISBM),2016-09-06/2017-11-27,public,"fastq,run.zq,sra","gs,ncbi,s3","gs.us-east1,ncbi.public,s3.us-east-1",human population,human gut,stool,SRX27725667,Russia,Europe,Russia: Arkhangelsk,67.89322,26.025,Homo sapiens,Illumina MiSeq,64.31 N 40.32 E,KYH888213,PAIRED,PCR,METAGENOMIC,human gut metagenome,ILLUMINA,2025-03-07T00:00:00Z,2025-02-19T06:22:00Z,1,KYH888213,SRP564871
SRR32393087,AMPLICON,501,17957791,PRJNA1225157,SAMN46890984,"MIMS.me,MIGS/MIMS/MIMARKS.human-gut",11227963,RESEARCH INSTITUTE FOR SYSTEMS BIOLOGY AND MEDICINE (RISBM),2016-09-06/2017-11-27,public,"fastq,run.zq,sra","gs,ncbi,s3","gs.us-east1,ncbi.public,s3.us-east-1",human population,human gut,stool,SRX27725666,Russia,Europe,Russia: Arkhangelsk,51.98905,24.04756,Homo sapiens,Illumina MiSeq,64.31 N 40.32 E,KYH178707,PAIRED,PCR,METAGENOMIC,human gut metagenome,ILLUMINA,2025-03-07T00:00:00Z,2025-02-19T06:22:00Z,1,KYH178707,SRP564871
SRR32393088,AMPLICON,501,15505223,PRJNA1225157,SAMN46890983,"MIMS.me,MIGS/MIMS/MIMARKS.human-gut",9956083,RESEARCH INSTITUTE FOR SYSTEMS BIOLOGY AND MEDICINE (RISBM),2016-09-06/2017-11-27,public,"fastq,run.zq,sra","gs,ncbi,s3","gs.us-east1,ncbi.public,s3.us-east-1",human population,human gut,stool,SRX27725665,Russia,Europe,Russia: Arkhangelsk,60.62149,35.35133,Homo sapiens,Illumina MiSeq,64.31 N 40.32 E,KYH801178,PAIRED,PCR,METAGENOMIC,human gut metagenome,ILLUMINA,2025-03-07T00:00:00Z,2025-02-19T06:23:00Z,1,KYH801178,SRP564871
SRR32393089,AMPLICON,501,14668461,PRJNA1225157,SAMN46890982,"MIMS.me,MIGS/MIMS/MIMARKS.human-gut",9156543,RESEARCH INSTITUTE FOR SYSTEMS BIOLOGY AND MEDICINE (RISBM),2016-09-06/2017-11-27,public,"fastq,run.zq,sra","gs,ncbi,s3","gs.us-east1,ncbi.public,s3.us-east-1",human population,human gut,stool,SRX27725664,Russia,Europe,Russia: Arkhangelsk,61.67556,49.79593,Homo sapiens,Illumina MiSeq,64.31 N 40.32 E,KYH249857,PAIRED,PCR,METAGENOMIC,human gut metagenome,ILLUMINA,2025-03-07T00:00:00Z,2025-02-19T06:22:00Z,1,KYH249857,SRP564871
SRR32393090,AMPLICON,501,10956845,PRJNA1225157,SAMN46890981,"MIMS.me,MIGS/MIMS/MIMARKS.human-gut",7168369,RESEARCH INSTITUTE FOR SYSTEMS BIOLOGY AND MEDICINE (RISBM),2016-09-06/2017-11-27,public,"fastq,run.zq,sra","gs,ncbi,s3","gs.us-east1,ncbi.public,s3.us-east-1",human population,human gut,stool,SRX27725663,Russia,Europe,Russia: Arkhangelsk,45.48392,23.16489,Homo sapiens,Illumina MiSeq,64.31 N 40.32 E,KYH291255,PAIRED,PCR,METAGENOMIC,human gut metagenome,ILLUMINA,2025-03-07T00:00:00Z,2025-02-19T06:22:00Z,1,KYH291255,SRP564871
SRR32393091,AMPLICON,501,22569226,PRJNA1225157,SAMN46890980,"MIMS.me,MIGS/MIMS/MIMARKS.human-gut",14192532,RESEARCH INSTITUTE FOR SYSTEMS BIOLOGY AND MEDICINE (RISBM),2016-09-06/2017-11-27,public,"fastq,run.zq,sra","gs,ncbi,s3","gs.us-east1,ncbi.public,s3.us-east-1",human population,human gut,stool,SRX27725662,Russia,Europe,Russia: Arkhangelsk,52.99384,20.96429,Homo sapiens,Illumina MiSeq,64.31 N 40.32 E,KYH258736,PAIRED,PCR,METAGENOMIC,human gut metagenome,ILLUMINA,2025-03-07T00:00:00Z,2025-02-19T06:22:00Z,1,KYH258736,SRP564871
SRR32393092,AMPLICON,501,13310977,PRJNA1225157,SAMN46890979,"MIMS.me,MIGS/MIMS/MIMARKS.human-gut",8408841,RESEARCH INSTITUTE FOR SYSTEMS BIOLOGY AND MEDICINE (RISBM),2016-09-06/2017-11-27,public,"fastq,run.zq,sra","gs,ncbi,s3","gs.us-east1,ncbi.public,s3.us-east-1",human population,human gut,stool,SRX27725661,Russia,Europe,Russia: Arkhangelsk,71.28542,31.26427,Homo sapiens,Illumina MiSeq,64.31 N 40.32 E,KYH661669,PAIRED,PCR,METAGENOMIC,human gut metagenome,ILLUMINA,2025-03-07T00:00:00Z,2025-02-19T06:22:00Z,1,KYH661669,SRP564871
SRR32393093,AMPLICON,501,23638228,PRJNA1225157,SAMN46890978,"MIMS.me,MIGS/MIMS/MIMARKS.human-gut",15379058,RESEARCH INSTITUTE FOR SYSTEMS BIOLOGY AND MEDICINE (RISBM),2016-09-06/2017-11-27,public,"fastq,run.zq,sra","gs,ncbi,s3","gs.us-east1,ncbi.public,s3.us-east-1",human population,human gut,stool,SRX27725660,Russia,Europe,Russia: Arkhangelsk,43.66598,38.93414,Homo sapiens,Illumina MiSeq,64.31 N 40.32 E,KYH350536,PAIRED,PCR,METAGENOMIC,human gut metagenome,ILLUMINA,2025-03-07T00:00:00Z,2025-02-19T06:23:00Z,1,KYH350536,SRP564871
SRR32393094,AMPLICON,500,39211500,PRJNA1225157,SAMN46890573,"MIMS.me,MIGS/MIMS/MIMARKS.human-gut",23396066,RESEARCH INSTITUTE FOR SYSTEMS BIOLOGY AND MEDICINE (RISBM),2016-09-06/2017-11-27,public,"fastq,run.zq,sra","gs,ncbi,s3","gs.us-east1,ncbi.public,s3.us-east-1",human population,human gut,stool,SRX27725659,Russia,Europe,Russia: Arkhangelsk,41.15264,32.90633,Homo sapiens,Illumina MiSeq,64.31 N 40.32 E,KYH392810,PAIRED,PCR,METAGENOMIC,human gut metagenome,ILLUMINA,2025-03-07T00:00:00Z,2025-02-19T06:23:00Z,1,KYH392810,SRP564871
SRR32393095,AMPLICON,501,5176075,PRJNA1225157,SAMN46890977,"MIMS.me,MIGS/MIMS/MIMARKS.human-gut",3312098,RESEARCH INSTITUTE FOR SYSTEMS BIOLOGY AND MEDICINE (RISBM),2016-09-06/2017-11-27,public,"fastq,run.zq,sra","gs,ncbi,s3","gs.us-east1,ncbi.public,s3.us-east-1",human population,human gut,stool,SRX27725658,Russia,Europe,Russia: Arkhangelsk,46.88843,32.79016,Homo sapiens,Illumina MiSeq,64.31 N 40.32 E,KYH487370,PAIRED,PCR,METAGENOMIC,human gut metagenome,ILLUMINA,2025-03-07T00:00:00Z,2025-02-19T06:22:00Z,1,KYH487370,SRP564871
SRR32393096,AMPLICON,501,14159142,PRJNA1225157,SAMN46890976,"MIMS.me,MIGS/MIMS/MIMARKS.human-gut",9069903,RESEARCH INSTITUTE FOR SYSTEMS BIOLOGY AND MEDICINE (RISBM),2016-09-06/2017-11-27,public,"fastq,run.zq,sra","gs,ncbi,s3","gs.us-east1,ncbi.public,s3.us-east-1",human population,human gut,stool,SRX27725657,Russia,Europe,Russia: Arkhangelsk,42.06434,30.40239,Homo sapiens,Illumina MiSeq,64.31 N 40.32 E,KYH950512,PAIRED,PCR,METAGENOMIC,human gut metagenome,ILLUMINA,2025-03-07T00:00:00Z,2025-02-19T06:22:00Z,1,KYH950512,SRP564871
SRR32393097,AMPLICON,501,31342184,PRJNA1225157,SAMN46890888,"MIMS.me,MIGS/MIMS/MIMARKS.human-gut",17755842,RESEARCH INSTITUTE FOR SYSTEMS BIOLOGY AND MEDICINE (RISBM),2016-09-06/2017-11-27,public,"fastq,run.zq,sra","gs,ncbi,s3","gs.us-east1,ncbi.public,s3.us-east-1",human population,human gut,stool,SRX27725656,Russia,Europe,Russia: Arkhangelsk,59.46338,28.63551,Homo sapiens,Illumina MiSeq,64.31 N 40.32 E,KYH814756,PAIRED,PCR,METAGENOMIC,human gut metagenome,ILLUMINA,2025-03-07T00:00:00Z,2025-02-19T06:22:00Z,1,KYH814756,SRP564871
SRR32393098,AMPLICON,500,21450500,PRJNA1225157,SAMN46890564,"MIMS.me,MIGS/MIMS/MIMARKS.human-gut",12458792,RESEARCH INSTITUTE FOR SYSTEMS BIOLOGY AND MEDICINE (RISBM),2016-09-06/2017-11-27,public,"fastq,run.zq,sra","gs,ncbi,s3","gs.us-east1,ncbi.public,s3.us-east-1",human population,human gut,stool,SRX27725655,Russia,Europe,Russia: Arkhangelsk,57.85626,19.79234,Homo sapiens,Illumina MiSeq,64.31 N 40.32 E,KYH838214,PAIRED,PCR,METAGENOMIC,human gut metagenome,ILLUMINA,2025-03-07T00:00:00Z,2025-02-19T06:22:00Z,1,KYH838214,SRP564871
SRR32393099,AMPLICON,501,13200297,PRJNA1225157,SAMN46890887,"MIMS.me,MIGS/MIMS/MIMARKS.human-gut",7433618,RESEARCH INSTITUTE FOR SYSTEMS BIOLOGY AND MEDICINE (RISBM),2016-09-06/2017-11-27,public,"fastq,run.zq,sra","gs,ncbi,s3","gs.us-east1,ncbi.public,s3.us-east-1",human population,human gut,stool,SRX27725654,Russia,Europe,Russia: Arkhangelsk,43.61123,19.7039,Homo sapiens,Illumina MiSeq,64.31 N 40.32 E,KYH455948,PAIRED,PCR,METAGENOMIC,human gut metagenome,ILLUMINA,2025-03-07T00:00:00Z,2025-02-19T06:22:00Z,1,KYH455948,SRP564871
SRR32393100,AMPLICON,501,16442918,PRJNA1225157,SAMN46890886,"MIMS.me,MIGS/MIMS/MIMARKS.human-gut",9259169,RESEARCH INSTITUTE FOR SYSTEMS BIOLOGY AND MEDICINE (RISBM),2016-09-06/2017-11-27,public,"run.zq,sra,fastq","gs,ncbi,s3","gs.us-east1,ncbi.public,s3.us-east-1",human population,human gut,stool,SRX27725653,Russia,Europe,Russia: Arkhangelsk,57.16359,24.93664,Homo sapiens,Illumina MiSeq,64.31 N 40.32 E,KYH416112,PAIRED,PCR,METAGENOMIC,human gut metagenome,ILLUMINA,2025-03-07T00:00:00Z,2025-02-19T06:22:00Z,1,KYH416112,SRP564871
SRR32393101,AMPLICON,501,10933487,PRJNA1225157,SAMN46890885,"MIMS.me,MIGS/MIMS/MIMARKS.human-gut",6015222,RESEARCH INSTITUTE FOR SYSTEMS BIOLOGY AND MEDICINE (RISBM),2016-09-06/2017-11-27,public,"fastq,run.zq,sra","gs,ncbi,s3","gs.us-east1,ncbi.public,s3.us-east-1",human population,human gut,stool,SRX27725652,Russia,Europe,Russia: Arkhangelsk,49.4538,36.59131,Homo sapiens,Illumina MiSeq,64.31 N 40.32 E,KYH287931,PAIRED,PCR,METAGENOMIC,human gut metagenome,ILLUMINA,2025-03-07T00:00:00Z,2025-02-19T06:22:00Z,1,KYH287931,SRP564871
SRR32393102,AMPLICON,501,12794550,PRJNA1225157,SAMN46890884,"MIMS.me,MIGS/MIMS/MIMARKS.human-gut",7200523,RESEARCH INSTITUTE FOR SYSTEMS BIOLOGY AND MEDICINE (RISBM),2016-09-06/2017-11-27,public,"fastq,run.zq,sra","gs,ncbi,s3","gs.us-east1,ncbi.public,s3.us-east-1",human population,human gut,stool,SRX27725651,Russia,Europe,Russia: Arkhangelsk,44.78576,22.93762,Homo sapiens,Illumina MiSeq,64.31 N 40.32 E,KYH952510,PAIRED,PCR,METAGENOMIC,human gut metagenome,ILLUMINA,2025-03-07T00:00:00Z,2025-02-19T06:22:00Z,1,KYH952510,SRP564871
SRR32393103,AMPLICON,501,21649771,PRJNA1225157,SAMN46890883,"MIMS.me,MIGS/MIMS/MIMARKS.human-gut",12159148,RESEARCH INSTITUTE FOR SYSTEMS BIOLOGY AND MEDICINE (RISBM),2016-09-06/2017-11-27,public,"fastq,run.zq,sra","gs,ncbi,s3","gs.us-east1,ncbi.public,s3.us-east-1",human population,human gut,stool,SRX27725650,Russia,Europe,Russia: Arkhangelsk,69.83984,23.72336,Homo sapiens,Illumina MiSeq,64.31 N 40.32 E,KYH152261,PAIRED,PCR,METAGENOMIC,human gut metagenome,ILLUMINA,2025-03-07T00:00:00Z,2025-02-19T06:22:00Z,1,KYH152261,SRP564871
SRR32393104,AMPLICON,500,21692154,PRJNA1225157,SAMN46890882,"MIMS.me,MIGS/MIMS/MIMARKS.human-gut",12829516,RESEARCH INSTITUTE FOR SYSTEMS BIOLOGY AND MEDICINE (RISBM),2016-09-06/2017-11-27,public,"fastq,run.zq,sra","gs,ncbi,s3","gs.us-east1,ncbi.public,s3.us-east-1",human population,human gut,stool,SRX27725649,Russia,Europe,Russia: Arkhangelsk,48.45996,41.41813,Homo sapiens,Illumina MiSeq,64.31 N 40.32 E,KYH540790,PAIRED,PCR,METAGENOMIC,human gut metagenome,ILLUMINA,2025-03-07T00:00:00Z,2025-02-19T06:22:00Z,1,KYH540790,SRP564871
SRR32393105,AMPLICON,501,26516638,PRJNA1225157,SAMN46890881,"MIMS.me,MIGS/MIMS/MIMARKS.human-gut",14569709,RESEARCH INSTITUTE FOR SYSTEMS BIOLOGY AND MEDICINE (RISBM),2016-09-06/2017-11-27,public,"fastq,run.zq,sra","gs,ncbi,s3","gs.us-east1,ncbi.public,s3.us-east-1",human population,human gut,stool,SRX27725648,Russia,Europe,Russia: Arkhangelsk,64.3833,30.62192,Homo sapiens,Illumina MiSeq,64.31 N 40.32 E,KYH511405,PAIRED,PCR,METAGENOMIC,human gut metagenome,ILLUMINA,2025-03-07T00:00:00Z,2025-02-19T06:22:00Z,1,KYH511405,SRP564871
SRR32393106,AMPLICON,501,18329506,PRJNA1225157,SAMN46890880,"MIMS.me,MIGS/MIMS/MIMARKS.human-gut",10322848,RESEARCH INSTITUTE FOR SYSTEMS BIOLOGY AND MEDICINE (RISBM),2016-09-06/2017-11-27,public,"fastq,run.zq,sra","gs,ncbi,s3","gs.us-east1,ncbi.public,s3.us-east-1",human population,human gut,stool,SRX27725647,Russia,Europe,Russia: Arkhangelsk,61.43737,32.08083,Homo sapiens,Illumina MiSeq,64.31 N 40.32 E,KYH657345,PAIRED,PCR,METAGENOMIC,human gut metagenome,ILLUMINA,2025-03-07T00:00:00Z,2025-02-19T06:22:00Z,1,KYH657345,SRP564871
SRR32393107,AMPLICON,501,4142577,PRJNA1225157,SAMN46890879,"MIMS.me,MIGS/MIMS/MIMARKS.human-gut",2339693,RESEARCH INSTITUTE FOR SYSTEMS BIOLOGY AND MEDICINE (RISBM),2016-09-06/2017-11-27,public,"fastq,run.zq,sra","gs,ncbi,s3","gs.us-east1,ncbi.public,s3.us-east-1",human population,human gut,stool,SRX27725646,Russia,Europe,Russia: Arkhangelsk,64.00548,31.78592,Homo sapiens,Illumina MiSeq,64.31 N 40.32 E,KYH982158,PAIRED,PCR,METAGENOMIC,human gut metagenome,ILLUMINA,2025-03-07T00:00:00Z,2025-02-19T06:22:00Z,1,KYH982158,SRP564871
SRR32393108,AMPLICON,501,16208752,PRJNA1225157,SAMN46890878,"MIMS.me,MIGS/MIMS/MIMARKS.human-gut",9579623,RESEARCH INSTITUTE FOR SYSTEMS BIOLOGY AND MEDICINE (RISBM),2016-09-06/2017-11-27,public,"fastq,run.zq,sra","gs,ncbi,s3","gs.us-east1,ncbi.public,s3.us-east-1",human population,human gut,stool,SRX27725645,Russia,Europe,Russia: Arkhangelsk,53.65366,36.4644,Homo sapiens,Illumina MiSeq,64.31 N 40.32 E,KYH125809,PAIRED,PCR,METAGENOMIC,human gut metagenome,ILLUMINA,2025-03-07T00:00:00Z,2025-02-19T06:23:00Z,1,KYH125809,SRP564871
SRR32393109,AMPLICON,500,23295000,PRJNA1225157,SAMN46890563,"MIMS.me,MIGS/MIMS/MIMARKS.human-gut",13165969,RESEARCH INSTITUTE FOR SYSTEMS BIOLOGY AND MEDICINE (RISBM),2016-09-06/2017-11-27,public,"fastq,run.zq,sra","gs,ncbi,s3","gs.us-east1,ncbi.public,s3.us-east-1",human population,human gut,stool,SRX27725644,Russia,Europe,Russia: Arkhangelsk,45.15264,30.06574,Homo sapiens,Illumina MiSeq,64.31 N 40.32 E,KYH427413,PAIRED,PCR,METAGENOMIC,human gut metagenome,ILLUMINA,2025-03-07T00:00:00Z,2025-02-19T06:23:00Z,1,KYH427413,SRP564871
SRR32393110,AMPLICON,501,6530831,PRJNA1225157,SAMN46890877,"MIMS.me,MIGS/MIMS/MIMARKS.human-gut",3693898,RESEARCH INSTITUTE FOR SYSTEMS BIOLOGY AND MEDICINE (RISBM),2016-09-06/2017-11-27,public,"fastq,run.zq,sra","gs,ncbi,s3","gs.us-east1,ncbi.public,s3.us-east-1",human population,human gut,stool,SRX27725643,Russia,Europe,Russia: Arkhangelsk,66.79535,25.47866,Homo sapiens,Illumina MiSeq,64.31 N 40.32 E,KYH760186,PAIRED,PCR,METAGENOMIC,human gut metagenome,ILLUMINA,2025-03-07T00:00:00Z,2025-02-19T06:22:00Z,1,KYH760186,SRP564871
SRR32393111,AMPLICON,501,24914210,PRJNA1225157,SAMN46890876,"MIMS.me,MIGS/MIMS/MIMARKS.human-gut",13691045,RESEARCH INSTITUTE FOR SYSTEMS BIOLOGY AND MEDICINE (RISBM),2016-09-06/2017-11-27,public,"fastq,run.zq,sra","gs,ncbi,s3","gs.us-east1,ncbi.public,s3.us-east-1",human population,human gut,stool,SRX27725642,Russia,Europe,Russia: Arkhangelsk,61.71663,21.09691,Homo sapiens,Illumina MiSeq,64.31 N 40.32 E,KYH790979,PAIRED,PCR,METAGENOMIC,human gut metagenome,ILLUMINA,2025-03-07T00:00:00Z,2025-02-19T06:22:00Z,1,KYH790979,SRP564871
SRR32393112,AMPLICON,501,8957016,PRJNA1225157,SAMN46890875,"MIMS.me,MIGS/MIMS/MIMARKS.human-gut",4981321,RESEARCH INSTITUTE FOR SYSTEMS BIOLOGY AND MEDICINE (RISBM),2016-09-06/2017-11-27,public,"fastq,run.zq,sra","gs,ncbi,s3","gs.us-east1,ncbi.public,s3.us-east-1",human population,human gut,stool,SRX27725641,Russia,Europe,Russia: Arkhangelsk,69.51129,33.9115,Homo sapiens,Illumina MiSeq,64.31 N 40.32 E,KYH751896,PAIRED,PCR,METAGENOMIC,human gut metagenome,ILLUMINA,2025-03-07T00:00:00Z,2025-02-19T06:22:00Z,1,KYH751896,SRP564871
SRR32393113,AMPLICON,501,8065648,PRJNA1225157,SAMN46890874,"MIMS.me,MIGS/MIMS/MIMARKS.human-gut",4560048,RESEARCH INSTITUTE FOR SYSTEMS BIOLOGY AND MEDICINE (RISBM),2016-09-06/2017-11-27,public,"fastq,run.zq,sra","gs,ncbi,s3","gs.us-east1,ncbi.public,s3.us-east-1",human population,human gut,stool,SRX27725640,Russia,Europe,Russia: Arkhangelsk,68.4846,43.98367,Homo sapiens,Illumina MiSeq,64.31 N 40.32 E,KYH204320,PAIRED,PCR,METAGENOMIC,human gut metagenome,ILLUMINA,2025-03-07T00:00:00Z,2025-02-19T06:22:00Z,1,KYH204320,SRP564871
SRR32393114,AMPLICON,501,12185247,PRJNA1225157,SAMN46890873,"MIMS.me,MIGS/MIMS/MIMARKS.human-gut",6600240,RESEARCH INSTITUTE FOR SYSTEMS BIOLOGY AND MEDICINE (RISBM),2016-09-06/2017-11-27,public,"fastq,run.zq,sra","gs,ncbi,s3","gs.us-east1,ncbi.public,s3.us-east-1",human population,human gut,stool,SRX27725639,Russia,Europe,Russia: Arkhangelsk,61.69473,27.22472,Homo sapiens,Illumina MiSeq,64.31 N 40.32 E,KYH927058,PAIRED,PCR,METAGENOMIC,human gut metagenome,ILLUMINA,2025-03-07T00:00:00Z,2025-02-19T06:22:00Z,1,KYH927058,SRP564871
SRR32393115,AMPLICON,501,12007967,PRJNA1225157,SAMN46890872,"MIMS.me,MIGS/MIMS/MIMARKS.human-gut",6662200,RESEARCH INSTITUTE FOR SYSTEMS BIOLOGY AND MEDICINE (RISBM),2016-09-06/2017-11-27,public,"fastq,run.zq,sra","gs,ncbi,s3","gs.us-east1,ncbi.public,s3.us-east-1",human population,human gut,stool,SRX27725638,Russia,Europe,Russia: Arkhangelsk,69.08693,24.86508,Homo sapiens,Illumina MiSeq,64.31 N 40.32 E,KYH954426,PAIRED,PCR,METAGENOMIC,human gut metagenome,ILLUMINA,2025-03-07T00:00:00Z,2025-02-19T06:22:00Z,1,KYH954426,SRP564871
SRR32393116,AMPLICON,501,25596111,PRJNA1225157,SAMN46890871,"MIMS.me,MIGS/MIMS/MIMARKS.human-gut",14413401,RESEARCH INSTITUTE FOR SYSTEMS BIOLOGY AND MEDICINE (RISBM),2016-09-06/2017-11-27,public,"fastq,run.zq,sra","gs,ncbi,s3","gs.us-east1,ncbi.public,s3.us-east-1",human population,human gut,stool,SRX27725637,Russia,Europe,Russia: Arkhangelsk,46.95688,29.70796,Homo sapiens,Illumina MiSeq,64.31 N 40.32 E,KYH541685,PAIRED,PCR,METAGENOMIC,human gut metagenome,ILLUMINA,2025-03-07T00:00:00Z,2025-02-19T06:23:00Z,1,KYH541685,SRP564871
SRR32393117,AMPLICON,501,10852115,PRJNA1225157,SAMN46890870,"MIMS.me,MIGS/MIMS/MIMARKS.human-gut",6027695,RESEARCH INSTITUTE FOR SYSTEMS BIOLOGY AND MEDICINE (RISBM),2016-09-06/2017-11-27,public,"fastq,run.zq,sra","gs,ncbi,s3","gs.us-east1,ncbi.public,s3.us-east-1",human population,human gut,stool,SRX27725636,Russia,Europe,Russia: Arkhangelsk,61.71389,27.33316,Homo sapiens,Illumina MiSeq,64.31 N 40.32 E,KYH876864,PAIRED,PCR,METAGENOMIC,human gut metagenome,ILLUMINA,2025-03-07T00:00:00Z,2025-02-19T06:22:00Z,1,KYH876864,SRP564871
SRR32393118,AMPLICON,501,12331385,PRJNA1225157,SAMN46890869,"MIMS.me,MIGS/MIMS/MIMARKS.human-gut",7129066,RESEARCH INSTITUTE FOR SYSTEMS BIOLOGY AND MEDICINE (RISBM),2016-09-06/2017-11-27,public,"fastq,run.zq,sra","gs,ncbi,s3","gs.us-east1,ncbi.public,s3.us-east-1",human population,human gut,stool,SRX27725635,Russia,Europe,Russia: Arkhangelsk,62.24504,41.52201,Homo sapiens,Illumina MiSeq,64.31 N 40.32 E,KYH292253,PAIRED,PCR,METAGENOMIC,human gut metagenome,ILLUMINA,2025-03-07T00:00:00Z,2025-02-19T06:22:00Z,1,KYH292253,SRP564871
SRR32393119,AMPLICON,501,3962193,PRJNA1225157,SAMN46890868,"MIMS.me,MIGS/MIMS/MIMARKS.human-gut",2206302,RESEARCH INSTITUTE FOR SYSTEMS BIOLOGY AND MEDICINE (RISBM),2016-09-06/2017-11-27,public,"fastq,run.zq,sra","gs,ncbi,s3","gs.us-east1,ncbi.public,s3.us-east-1",human population,human gut,stool,SRX27725634,Russia,Europe,Russia: Arkhangelsk,37.49213,26.68731,Homo sapiens,Illumina MiSeq,64.31 N 40.32 E,KYH357013,PAIRED,PCR,METAGENOMIC,human gut metagenome,ILLUMINA,2025-03-07T00:00:00Z,2025-02-19T06:22:00Z,1,KYH357013,SRP564871
SRR32393120,AMPLICON,500,29286500,PRJNA1225157,SAMN46890562,"MIMS.me,MIGS/MIMS/MIMARKS.human-gut",16845286,RESEARCH INSTITUTE FOR SYSTEMS BIOLOGY AND MEDICINE (RISBM),2016-09-06/2017-11-27,public,"fastq,run.zq,sra","gs,ncbi,s3","gs.us-east1,ncbi.public,s3.us-east-1",human population,human gut,stool,SRX27725633,Russia,Europe,Russia: Arkhangelsk,59.5729,25.51509,Homo sapiens,Illumina MiSeq,64.31 N 40.32 E,KYH303960,PAIRED,PCR,METAGENOMIC,human gut metagenome,ILLUMINA,2025-03-07T00:00:00Z,2025-02-19T06:23:00Z,1,KYH303960,SRP564871
SRR32393121,AMPLICON,501,1821824,PRJNA1225157,SAMN46890867,"MIMS.me,MIGS/MIMS/MIMARKS.human-gut",1100766,RESEARCH INSTITUTE FOR SYSTEMS BIOLOGY AND MEDICINE (RISBM),2016-09-06/2017-11-27,public,"fastq,run.zq,sra","gs,ncbi,s3","gs.us-east1,ncbi.public,s3.us-east-1",human population,human gut,stool,SRX27725632,Russia,Europe,Russia: Arkhangelsk,41.31964,22.77028,Homo sapiens,Illumina MiSeq,64.31 N 40.32 E,KYH132825,PAIRED,PCR,METAGENOMIC,human gut metagenome,ILLUMINA,2025-03-07T00:00:00Z,2025-02-19T06:22:00Z,1,KYH132825,SRP564871
SRR32393122,AMPLICON,501,10287427,PRJNA1225157,SAMN46890866,"MIMS.me,MIGS/MIMS/MIMARKS.human-gut",5935435,RESEARCH INSTITUTE FOR SYSTEMS BIOLOGY AND MEDICINE (RISBM),2016-09-06/2017-11-27,public,"fastq,run.zq,sra","gs,ncbi,s3","gs.us-east1,ncbi.public,s3.us-east-1",human population,human gut,stool,SRX27725631,Russia,Europe,Russia: Arkhangelsk,57.13073,43.20263,Homo sapiens,Illumina MiSeq,64.31 N 40.32 E,KYH105591,PAIRED,PCR,METAGENOMIC,human gut metagenome,ILLUMINA,2025-03-07T00:00:00Z,2025-02-19T06:23:00Z,1,KYH105591,SRP564871
SRR32393123,AMPLICON,501,18420673,PRJNA1225157,SAMN46890865,"MIMS.me,MIGS/MIMS/MIMARKS.human-gut",10762048,RESEARCH INSTITUTE FOR SYSTEMS BIOLOGY AND MEDICINE (RISBM),2016-09-06/2017-11-27,public,"fastq,run.zq,sra","gs,ncbi,s3","gs.us-east1,ncbi.public,s3.us-east-1",human population,human gut,stool,SRX27725630,Russia,Europe,Russia: Arkhangelsk,70.45859,21.11441,Homo sapiens,Illumina MiSeq,64.31 N 40.32 E,KYH986519,PAIRED,PCR,METAGENOMIC,human gut metagenome,ILLUMINA,2025-03-07T00:00:00Z,2025-02-19T06:22:00Z,1,KYH986519,SRP564871
SRR32393124,AMPLICON,501,9936283,PRJNA1225157,SAMN46890864,"MIMS.me,MIGS/MIMS/MIMARKS.human-gut",5497867,RESEARCH INSTITUTE FOR SYSTEMS BIOLOGY AND MEDICINE (RISBM),2016-09-06/2017-11-27,public,"fastq,run.zq,sra","gs,ncbi,s3","gs.us-east1,ncbi.public,s3.us-east-1",human population,human gut,stool,SRX27725629,Russia,Europe,Russia: Arkhangelsk,63.31554,29.53538,Homo sapiens,Illumina MiSeq,64.31 N 40.32 E,KYH907265,PAIRED,PCR,METAGENOMIC,human gut metagenome,ILLUMINA,2025-03-07T00:00:00Z,2025-02-19T06:22:00Z,1,KYH907265,SRP564871
SRR32393125,AMPLICON,501,10665169,PRJNA1225157,SAMN46890863,"MIMS.me,MIGS/MIMS/MIMARKS.human-gut",6170375,RESEARCH INSTITUTE FOR SYSTEMS BIOLOGY AND MEDICINE (RISBM),2016-09-06/2017-11-27,public,"fastq,run.zq,sra","gs,ncbi,s3","gs.us-east1,ncbi.public,s3.us-east-1",human population,human gut,stool,SRX27725628,Russia,Europe,Russia: Arkhangelsk,63.41958,22.70292,Homo sapiens,Illumina MiSeq,64.31 N 40.32 E,KYH594551,PAIRED,PCR,METAGENOMIC,human gut metagenome,ILLUMINA,2025-03-07T00:00:00Z,2025-02-19T06:23:00Z,1,KYH594551,SRP564871
SRR32393126,AMPLICON,501,21019840,PRJNA1225157,SAMN46890862,"MIMS.me,MIGS/MIMS/MIMARKS.human-gut",11764918,RESEARCH INSTITUTE FOR SYSTEMS BIOLOGY AND MEDICINE (RISBM),2016-09-06/2017-11-27,public,"fastq,run.zq,sra","gs,ncbi,s3","gs.us-east1,ncbi.public,s3.us-east-1",human population,human gut,stool,SRX27725627,Russia,Europe,Russia: Arkhangelsk,47.82478,22.19343,Homo sapiens,Illumina MiSeq,64.31 N 40.32 E,KYH510638,PAIRED,PCR,METAGENOMIC,human gut metagenome,ILLUMINA,2025-03-07T00:00:00Z,2025-02-19T06:22:00Z,1,KYH510638,SRP564871
SRR32393127,AMPLICON,501,6427321,PRJNA1225157,SAMN46890861,"MIMS.me,MIGS/MIMS/MIMARKS.human-gut",3684412,RESEARCH INSTITUTE FOR SYSTEMS BIOLOGY AND MEDICINE (RISBM),2016-09-06/2017-11-27,public,"fastq,run.zq,sra","gs,ncbi,s3","gs.us-east1,ncbi.public,s3.us-east-1",human population,human gut,stool,SRX27725626,Russia,Europe,Russia: Arkhangelsk,56.53388,22.44294,Homo sapiens,Illumina MiSeq,64.31 N 40.32 E,KYH470481,PAIRED,PCR,METAGENOMIC,human gut metagenome,ILLUMINA,2025-03-07T00:00:00Z,2025-02-19T06:22:00Z,1,KYH470481,SRP564871
SRR32393128,AMPLICON,501,14677229,PRJNA1225157,SAMN46890860,"MIMS.me,MIGS/MIMS/MIMARKS.human-gut",8155189,RESEARCH INSTITUTE FOR SYSTEMS BIOLOGY AND MEDICINE (RISBM),2016-09-06/2017-11-27,public,"fastq,run.zq,sra","gs,ncbi,s3","gs.us-east1,ncbi.public,s3.us-east-1",human population,human gut,stool,SRX27725625,Russia,Europe,Russia: Arkhangelsk,60.8679,24.28283,Homo sapiens,Illumina MiSeq,64.31 N 40.32 E,KYH704190,PAIRED,PCR,METAGENOMIC,human gut metagenome,ILLUMINA,2025-03-07T00:00:00Z,2025-02-19T06:22:00Z,1,KYH704190,SRP564871
SRR32393129,AMPLICON,501,23275163,PRJNA1225157,SAMN46890744,"MIMS.me,MIGS/MIMS/MIMARKS.human-gut",12989513,RESEARCH INSTITUTE FOR SYSTEMS BIOLOGY AND MEDICINE (RISBM),2016-09-06/2017-11-27,public,"fastq,run.zq,sra","gs,ncbi,s3","gs.us-east1,ncbi.public,s3.us-east-1",human population,human gut,stool,SRX27725624,Russia,Europe,Russia: Arkhangelsk,48.21629,21.30144,Homo sapiens,Illumina MiSeq,64.31 N 40.32 E,KYH414099,PAIRED,PCR,METAGENOMIC,human gut metagenome,ILLUMINA,2025-03-07T00:00:00Z,2025-02-19T06:22:00Z,1,KYH414099,SRP564871
SRR32393130,AMPLICON,501,23200551,PRJNA1225157,SAMN46890743,"MIMS.me,MIGS/MIMS/MIMARKS.human-gut",13040486,RESEARCH INSTITUTE FOR SYSTEMS BIOLOGY AND MEDICINE (RISBM),2016-09-06/2017-11-27,public,"fastq,run.zq,sra","gs,ncbi,s3","gs.us-east1,ncbi.public,s3.us-east-1",human population,human gut,stool,SRX27725623,Russia,Europe,Russia: Arkhangelsk,49.42916,23.50207,Homo sapiens,Illumina MiSeq,64.31 N 40.32 E,KYH729306,PAIRED,PCR,METAGENOMIC,human gut metagenome,ILLUMINA,2025-03-07T00:00:00Z,2025-02-19T06:22:00Z,1,KYH729306,SRP564871
SRR32393131,AMPLICON,501,24980065,PRJNA1225157,SAMN46890742,"MIMS.me,MIGS/MIMS/MIMARKS.human-gut",14351229,RESEARCH INSTITUTE FOR SYSTEMS BIOLOGY AND MEDICINE (RISBM),2016-09-06/2017-11-27,public,"fastq,run.zq,sra","gs,ncbi,s3","gs.us-east1,ncbi.public,s3.us-east-1",human population,human gut,stool,SRX27725622,Russia,Europe,Russia: Arkhangelsk,68.39425,35.90602,Homo sapiens,Illumina MiSeq,64.31 N 40.32 E,KYH823093,PAIRED,PCR,METAGENOMIC,human gut metagenome,ILLUMINA,2025-03-07T00:00:00Z,2025-02-19T06:22:00Z,1,KYH823093,SRP564871
SRR32393132,AMPLICON,501,22939622,PRJNA1225157,SAMN46890741,"MIMS.me,MIGS/MIMS/MIMARKS.human-gut",12734707,RESEARCH INSTITUTE FOR SYSTEMS BIOLOGY AND MEDICINE (RISBM),2016-09-06/2017-11-27,public,"fastq,run.zq,sra","gs,ncbi,s3","gs.us-east1,ncbi.public,s3.us-east-1",human population,human gut,stool,SRX27725621,Russia,Europe,Russia: Arkhangelsk,51.28816,32.23441,Homo sapiens,Illumina MiSeq,64.31 N 40.32 E,KYH772940,PAIRED,PCR,METAGENOMIC,human gut metagenome,ILLUMINA,2025-03-07T00:00:00Z,2025-02-19T06:22:00Z,1,KYH772940,SRP564871
SRR32393133,AMPLICON,501,15703125,PRJNA1225157,SAMN46890740,"MIMS.me,MIGS/MIMS/MIMARKS.human-gut",8866536,RESEARCH INSTITUTE FOR SYSTEMS BIOLOGY AND MEDICINE (RISBM),2016-09-06/2017-11-27,public,"fastq,run.zq,sra","gs,ncbi,s3","gs.us-east1,ncbi.public,s3.us-east-1",human population,human gut,stool,SRX27725620,Russia,Europe,Russia: Arkhangelsk,47.38672,21.93179,Homo sapiens,Illumina MiSeq,64.31 N 40.32 E,KYH333509,PAIRED,PCR,METAGENOMIC,human gut metagenome,ILLUMINA,2025-03-07T00:00:00Z,2025-02-19T06:22:00Z,1,KYH333509,SRP564871
SRR32393134,AMPLICON,501,13224956,PRJNA1225157,SAMN46890739,"MIMS.me,MIGS/MIMS/MIMARKS.human-gut",7442582,RESEARCH INSTITUTE FOR SYSTEMS BIOLOGY AND MEDICINE (RISBM),2016-09-06/2017-11-27,public,"fastq,run.zq,sra","gs,ncbi,s3","gs.us-east1,ncbi.public,s3.us-east-1",human population,human gut,stool,SRX27725619,Russia,Europe,Russia: Arkhangelsk,46.3217,19.49662,Homo sapiens,Illumina MiSeq,64.31 N 40.32 E,KYH447742,PAIRED,PCR,METAGENOMIC,human gut metagenome,ILLUMINA,2025-03-07T00:00:00Z,2025-02-19T06:22:00Z,1,KYH447742,SRP564871
SRR32393135,AMPLICON,501,15476614,PRJNA1225157,SAMN46890738,"MIMS.me,MIGS/MIMS/MIMARKS.human-gut",8935917,RESEARCH INSTITUTE FOR SYSTEMS BIOLOGY AND MEDICINE (RISBM),2016-09-06/2017-11-27,public,"fastq,run.zq,sra","gs,ncbi,s3","gs.us-east1,ncbi.public,s3.us-east-1",human population,human gut,stool,SRX27725618,Russia,Europe,Russia: Arkhangelsk,57.77413,36.0761,Homo sapiens,Illumina MiSeq,64.31 N 40.32 E,KYH798325,PAIRED,PCR,METAGENOMIC,human gut metagenome,ILLUMINA,2025-03-07T00:00:00Z,2025-02-19T06:22:00Z,1,KYH798325,SRP564871
SRR32393136,AMPLICON,500,22282000,PRJNA1225157,SAMN46890549,"MIMS.me,MIGS/MIMS/MIMARKS.human-gut",13461705,RESEARCH INSTITUTE FOR SYSTEMS BIOLOGY AND MEDICINE (RISBM),2016-09-06/2017-11-27,public,"fastq,run.zq,sra","gs,ncbi,s3","gs.us-east1,ncbi.public,s3.us-east-1",human population,human gut,stool,SRX27725617,Russia,Europe,Russia: Arkhangelsk,64.33949,30.43261,Homo sapiens,Illumina MiSeq,64.31 N 40.32 E,KYH578483,PAIRED,PCR,METAGENOMIC,human gut metagenome,ILLUMINA,2025-03-07T00:00:00Z,2025-02-19T06:22:00Z,1,KYH578483,SRP564871
SRR32393137,AMPLICON,501,12723197,PRJNA1225157,SAMN46890737,"MIMS.me,MIGS/MIMS/MIMARKS.human-gut",7141843,RESEARCH INSTITUTE FOR SYSTEMS BIOLOGY AND MEDICINE (RISBM),2016-09-06/2017-11-27,public,"fastq,run.zq,sra","gs,ncbi,s3","gs.us-east1,ncbi.public,s3.us-east-1",human population,human gut,stool,SRX27725616,Russia,Europe,Russia: Arkhangelsk,46.75428,25.68628,Homo sapiens,Illumina MiSeq,64.31 N 40.32 E,KYH273162,PAIRED,PCR,METAGENOMIC,human gut metagenome,ILLUMINA,2025-03-07T00:00:00Z,2025-02-19T06:22:00Z,1,KYH273162,SRP564871
SRR32393138,AMPLICON,501,12109010,PRJNA1225157,SAMN46890736,"MIMS.me,MIGS/MIMS/MIMARKS.human-gut",6705939,RESEARCH INSTITUTE FOR SYSTEMS BIOLOGY AND MEDICINE (RISBM),2016-09-06/2017-11-27,public,"fastq,run.zq,sra","gs,ncbi,s3","gs.us-east1,ncbi.public,s3.us-east-1",human population,human gut,stool,SRX27725615,Russia,Europe,Russia: Arkhangelsk,48.61054,23.97388,Homo sapiens,Illumina MiSeq,64.31 N 40.32 E,KYH631500,PAIRED,PCR,METAGENOMIC,human gut metagenome,ILLUMINA,2025-03-07T00:00:00Z,2025-02-19T06:22:00Z,1,KYH631500,SRP564871
SRR32393139,AMPLICON,501,9720633,PRJNA1225157,SAMN46890735,"MIMS.me,MIGS/MIMS/MIMARKS.human-gut",5336329,RESEARCH INSTITUTE FOR SYSTEMS BIOLOGY AND MEDICINE (RISBM),2016-09-06/2017-11-27,public,"fastq,run.zq,sra","gs,ncbi,s3","gs.us-east1,ncbi.public,s3.us-east-1",human population,human gut,stool,SRX27725614,Russia,Europe,Russia: Arkhangelsk,54.13005,29.75887,Homo sapiens,Illumina MiSeq,64.31 N 40.32 E,KYH936175,PAIRED,PCR,METAGENOMIC,human gut metagenome,ILLUMINA,2025-03-07T00:00:00Z,2025-02-19T06:23:00Z,1,KYH936175,SRP564871
SRR32393140,AMPLICON,501,10754619,PRJNA1225157,SAMN46890734,"MIMS.me,MIGS/MIMS/MIMARKS.human-gut",6183103,RESEARCH INSTITUTE FOR SYSTEMS BIOLOGY AND MEDICINE (RISBM),2016-09-06/2017-11-27,public,"fastq,run.zq,sra","gs,ncbi,s3","gs.us-east1,ncbi.public,s3.us-east-1",human population,human gut,stool,SRX27725613,Russia,Europe,Russia: Arkhangelsk,51.88227,24.72772,Homo sapiens,Illumina MiSeq,64.31 N 40.32 E,KYH152923,PAIRED,PCR,METAGENOMIC,human gut metagenome,ILLUMINA,2025-03-07T00:00:00Z,2025-02-19T06:22:00Z,1,KYH152923,SRP564871
SRR32393141,AMPLICON,501,1869105,PRJNA1225157,SAMN46890733,"MIMS.me,MIGS/MIMS/MIMARKS.human-gut",1088738,RESEARCH INSTITUTE FOR SYSTEMS BIOLOGY AND MEDICINE (RISBM),2016-09-06/2017-11-27,public,"fastq,run.zq,sra","gs,ncbi,s3","gs.us-east1,ncbi.public,s3.us-east-1",human population,human gut,stool,SRX27725612,Russia,Europe,Russia: Arkhangelsk,69.42916,27.02351,Homo sapiens,Illumina MiSeq,64.31 N 40.32 E,KYH153070,PAIRED,PCR,METAGENOMIC,human gut metagenome,ILLUMINA,2025-03-07T00:00:00Z,2025-02-19T06:22:00Z,1,KYH153070,SRP564871
SRR32393142,AMPLICON,501,30012978,PRJNA1225157,SAMN46890732,"MIMS.me,MIGS/MIMS/MIMARKS.human-gut",17164508,RESEARCH INSTITUTE FOR SYSTEMS BIOLOGY AND MEDICINE (RISBM),2016-09-06/2017-11-27,public,"fastq,run.zq,sra","gs,ncbi,s3","gs.us-east1,ncbi.public,s3.us-east-1",human population,human gut,stool,SRX27725611,Russia,Europe,Russia: Arkhangelsk,69.70842,30.65597,Homo sapiens,Illumina MiSeq,64.31 N 40.32 E,KYH265258,PAIRED,PCR,METAGENOMIC,human gut metagenome,ILLUMINA,2025-03-07T00:00:00Z,2025-02-19T06:22:00Z,1,KYH265258,SRP564871
SRR32393143,AMPLICON,501,21200403,PRJNA1225157,SAMN46890731,"MIMS.me,MIGS/MIMS/MIMARKS.human-gut",12152641,RESEARCH INSTITUTE FOR SYSTEMS BIOLOGY AND MEDICINE (RISBM),2016-09-06/2017-11-27,public,"fastq,run.zq,sra","gs,ncbi,s3","gs.us-east1,ncbi.public,s3.us-east-1",human population,human gut,stool,SRX27725610,Russia,Europe,Russia: Arkhangelsk,61.8371,24.79793,Homo sapiens,Illumina MiSeq,64.31 N 40.32 E,KYH846382,PAIRED,PCR,METAGENOMIC,human gut metagenome,ILLUMINA,2025-03-07T00:00:00Z,2025-02-19T06:22:00Z,1,KYH846382,SRP564871
SRR32393144,AMPLICON,501,17691979,PRJNA1225157,SAMN46890730,"MIMS.me,MIGS/MIMS/MIMARKS.human-gut",10329550,RESEARCH INSTITUTE FOR SYSTEMS BIOLOGY AND MEDICINE (RISBM),2016-09-06/2017-11-27,public,"fastq,run.zq,sra","gs,ncbi,s3","gs.us-east1,ncbi.public,s3.us-east-1",human population,human gut,stool,SRX27725609,Russia,Europe,Russia: Arkhangelsk,68.00548,21.50052,Homo sapiens,Illumina MiSeq,64.31 N 40.32 E,KYH452396,PAIRED,PCR,METAGENOMIC,human gut metagenome,ILLUMINA,2025-03-07T00:00:00Z,2025-02-19T06:23:00Z,1,KYH452396,SRP564871
SRR32393145,AMPLICON,501,15148423,PRJNA1225157,SAMN46890729,"MIMS.me,MIGS/MIMS/MIMARKS.human-gut",8888410,RESEARCH INSTITUTE FOR SYSTEMS BIOLOGY AND MEDICINE (RISBM),2016-09-06/2017-11-27,public,"fastq,run.zq,sra","gs,ncbi,s3","gs.us-east1,ncbi.public,s3.us-east-1",human population,human gut,stool,SRX27725608,Russia,Europe,Russia: Arkhangelsk,63.52909,26.632,Homo sapiens,Illumina MiSeq,64.31 N 40.32 E,KYH279905,PAIRED,PCR,METAGENOMIC,human gut metagenome,ILLUMINA,2025-03-07T00:00:00Z,2025-02-19T06:23:00Z,1,KYH279905,SRP564871
SRR32393146,AMPLICON,501,32192906,PRJNA1225157,SAMN46890728,"MIMS.me,MIGS/MIMS/MIMARKS.human-gut",18692777,RESEARCH INSTITUTE FOR SYSTEMS BIOLOGY AND MEDICINE (RISBM),2016-09-06/2017-11-27,public,"fastq,run.zq,sra","gs,ncbi,s3","gs.us-east1,ncbi.public,s3.us-east-1",human population,human gut,stool,SRX27725607,Russia,Europe,Russia: Arkhangelsk,62.71595,23.67853,Homo sapiens,Illumina MiSeq,64.31 N 40.32 E,KYH615528,PAIRED,PCR,METAGENOMIC,human gut metagenome,ILLUMINA,2025-03-07T00:00:00Z,2025-02-19T06:22:00Z,1,KYH615528,SRP564871
SRR32393147,AMPLICON,500,31069000,PRJNA1225157,SAMN46890548,"MIMS.me,MIGS/MIMS/MIMARKS.human-gut",17828105,RESEARCH INSTITUTE FOR SYSTEMS BIOLOGY AND MEDICINE (RISBM),2016-09-06/2017-11-27,public,"fastq,run.zq,sra","gs,ncbi,s3","gs.us-east1,ncbi.public,s3.us-east-1",human population,human gut,stool,SRX27725606,Russia,Europe,Russia: Arkhangelsk,43.33196,21.7403,Homo sapiens,Illumina MiSeq,64.31 N 40.32 E,KYH557613,PAIRED,PCR,METAGENOMIC,human gut metagenome,ILLUMINA,2025-03-07T00:00:00Z,2025-02-19T06:23:00Z,1,KYH557613,SRP564871
SRR32393148,AMPLICON,500,20668500,PRJNA1225157,SAMN46890530,"MIMS.me,MIGS/MIMS/MIMARKS.human-gut",11761180,RESEARCH INSTITUTE FOR SYSTEMS BIOLOGY AND MEDICINE (RISBM),2016-09-06/2017-11-27,public,"fastq,run.zq,sra","gs,ncbi,s3","gs.us-east1,ncbi.public,s3.us-east-1",human population,human gut,stool,SRX27725605,Russia,Europe,Russia: Arkhangelsk,41.21561,18.73885,Homo sapiens,Illumina MiSeq,64.31 N 40.32 E,KYH518700,PAIRED,PCR,METAGENOMIC,human gut metagenome,ILLUMINA,2025-03-07T00:00:00Z,2025-02-19T06:22:00Z,1,KYH518700,SRP564871
SRR32393149,AMPLICON,501,10332265,PRJNA1225157,SAMN46890727,"MIMS.me,MIGS/MIMS/MIMARKS.human-gut",5724679,RESEARCH INSTITUTE FOR SYSTEMS BIOLOGY AND MEDICINE (RISBM),2016-09-06/2017-11-27,public,"fastq,run.zq,sra","gs,ncbi,s3","gs.us-east1,ncbi.public,s3.us-east-1",human population,human gut,stool,SRX27725604,Russia,Europe,Russia: Arkhangelsk,67.89322,34.21112,Homo sapiens,Illumina MiSeq,64.31 N 40.32 E,KYH389569,PAIRED,PCR,METAGENOMIC,human gut metagenome,ILLUMINA,2025-03-07T00:00:00Z,2025-02-19T06:22:00Z,1,KYH389569,SRP564871
SRR32393150,AMPLICON,501,6640320,PRJNA1225157,SAMN46890726,"MIMS.me,MIGS/MIMS/MIMARKS.human-gut",3630338,RESEARCH INSTITUTE FOR SYSTEMS BIOLOGY AND MEDICINE (RISBM),2016-09-06/2017-11-27,public,"fastq,run.zq,sra","gs,ncbi,s3","gs.us-east1,ncbi.public,s3.us-east-1",human population,human gut,stool,SRX27725603,Russia,Europe,Russia: Arkhangelsk,67.40862,31.03801,Homo sapiens,Illumina MiSeq,64.31 N 40.32 E,KYH198476,PAIRED,PCR,METAGENOMIC,human gut metagenome,ILLUMINA,2025-03-07T00:00:00Z,2025-02-19T06:22:00Z,1,KYH198476,SRP564871
SRR32393151,AMPLICON,501,33385427,PRJNA1225157,SAMN46890725,"MIMS.me,MIGS/MIMS/MIMARKS.human-gut",18840445,RESEARCH INSTITUTE FOR SYSTEMS BIOLOGY AND MEDICINE (RISBM),2016-09-06/2017-11-27,public,"fastq,run.zq,sra","gs,ncbi,s3","gs.us-east1,ncbi.public,s3.us-east-1",human population,human gut,stool,SRX27725602,Russia,Europe,Russia: Arkhangelsk,60.29843,25.42281,Homo sapiens,Illumina MiSeq,64.31 N 40.32 E,KYH587352,PAIRED,PCR,METAGENOMIC,human gut metagenome,ILLUMINA,2025-03-07T00:00:00Z,2025-02-19T06:22:00Z,1,KYH587352,SRP564871
SRR32393152,AMPLICON,501,22349467,PRJNA1225157,SAMN46890724,"MIMS.me,MIGS/MIMS/MIMARKS.human-gut",12593702,RESEARCH INSTITUTE FOR SYSTEMS BIOLOGY AND MEDICINE (RISBM),2016-09-06/2017-11-27,public,"fastq,run.zq,sra","gs,ncbi,s3","gs.us-east1,ncbi.public,s3.us-east-1",human population,human gut,stool,SRX27725601,Russia,Europe,Russia: Arkhangelsk,51.38946,34.77379,Homo sapiens,Illumina MiSeq,64.31 N 40.32 E,KYH661684,PAIRED,PCR,METAGENOMIC,human gut metagenome,ILLUMINA,2025-03-07T00:00:00Z,2025-02-19T06:22:00Z,1,KYH661684,SRP564871
SRR32393153,AMPLICON,501,28230317,PRJNA1225157,SAMN46890723,"MIMS.me,MIGS/MIMS/MIMARKS.human-gut",15863354,RESEARCH INSTITUTE FOR SYSTEMS BIOLOGY AND MEDICINE (RISBM),2016-09-06/2017-11-27,public,"fastq,run.zq,sra","gs,ncbi,s3","gs.us-east1,ncbi.public,s3.us-east-1",human population,human gut,stool,SRX27725600,Russia,Europe,Russia: Arkhangelsk,39.90418,22.22741,Homo sapiens,Illumina MiSeq,64.31 N 40.32 E,KYH644672,PAIRED,PCR,METAGENOMIC,human gut metagenome,ILLUMINA,2025-03-07T00:00:00Z,2025-02-19T06:22:00Z,1,KYH644672,SRP564871
SRR32393154,AMPLICON,501,9516050,PRJNA1225157,SAMN46890722,"MIMS.me,MIGS/MIMS/MIMARKS.human-gut",5580396,RESEARCH INSTITUTE FOR SYSTEMS BIOLOGY AND MEDICINE (RISBM),2016-09-06/2017-11-27,public,"fastq,run.zq,sra","gs,ncbi,s3","gs.us-east1,ncbi.public,s3.us-east-1",human population,human gut,stool,SRX27725599,Russia,Europe,Russia: Arkhangelsk,60.4627,35.22865,Homo sapiens,Illumina MiSeq,64.31 N 40.32 E,KYH948088,PAIRED,PCR,METAGENOMIC,human gut metagenome,ILLUMINA,2025-03-07T00:00:00Z,2025-02-19T06:22:00Z,1,KYH948088,SRP564871
SRR32393155,AMPLICON,501,12607584,PRJNA1225157,SAMN46890721,"MIMS.me,MIGS/MIMS/MIMARKS.human-gut",7182848,RESEARCH INSTITUTE FOR SYSTEMS BIOLOGY AND MEDICINE (RISBM),2016-09-06/2017-11-27,public,"fastq,run.zq,sra","gs,ncbi,s3","gs.us-east1,ncbi.public,s3.us-east-1",human population,human gut,stool,SRX27725598,Russia,Europe,Russia: Arkhangelsk,53.78234,26.36714,Homo sapiens,Illumina MiSeq,64.31 N 40.32 E,KYH977352,PAIRED,PCR,METAGENOMIC,human gut metagenome,ILLUMINA,2025-03-07T00:00:00Z,2025-02-19T06:23:00Z,1,KYH977352,SRP564871
SRR32393156,AMPLICON,501,18148790,PRJNA1225157,SAMN46890720,"MIMS.me,MIGS/MIMS/MIMARKS.human-gut",10701118,RESEARCH INSTITUTE FOR SYSTEMS BIOLOGY AND MEDICINE (RISBM),2016-09-06/2017-11-27,public,"fastq,run.zq,sra","gs,ncbi,s3","gs.us-east1,ncbi.public,s3.us-east-1",human population,human gut,stool,SRX27725597,Russia,Europe,Russia: Arkhangelsk,64.05202,20.23684,Homo sapiens,Illumina MiSeq,64.31 N 40.32 E,KYH165991,PAIRED,PCR,METAGENOMIC,human gut metagenome,ILLUMINA,2025-03-07T00:00:00Z,2025-02-19T06:22:00Z,1,KYH165991,SRP564871
SRR32393157,AMPLICON,501,25190406,PRJNA1225157,SAMN46890719,"MIMS.me,MIGS/MIMS/MIMARKS.human-gut",14313749,RESEARCH INSTITUTE FOR SYSTEMS BIOLOGY AND MEDICINE (RISBM),2016-09-06/2017-11-27,public,"fastq,run.zq,sra","gs,ncbi,s3","gs.us-east1,ncbi.public,s3.us-east-1",human population,human gut,stool,SRX27725596,Russia,Europe,Russia: Arkhangelsk,60.55031,27.42331,Homo sapiens,Illumina MiSeq,64.31 N 40.32 E,KYH778413,PAIRED,PCR,METAGENOMIC,human gut metagenome,ILLUMINA,2025-03-07T00:00:00Z,2025-02-19T06:22:00Z,1,KYH778413,SRP564871
SRR32393158,AMPLICON,501,25731562,PRJNA1225157,SAMN46890718,"MIMS.me,MIGS/MIMS/MIMARKS.human-gut",14578369,RESEARCH INSTITUTE FOR SYSTEMS BIOLOGY AND MEDICINE (RISBM),2016-09-06/2017-11-27,public,"fastq,run.zq,sra","gs,ncbi,s3","gs.us-east1,ncbi.public,s3.us-east-1",human population,human gut,stool,SRX27725595,Russia,Europe,Russia: Arkhangelsk,61.19918,33.51193,Homo sapiens,Illumina MiSeq,64.31 N 40.32 E,KYH311292,PAIRED,PCR,METAGENOMIC,human gut metagenome,ILLUMINA,2025-03-07T00:00:00Z,2025-02-19T06:22:00Z,1,KYH311292,SRP564871
SRR32393159,AMPLICON,500,16428000,PRJNA1225157,SAMN46890547,"MIMS.me,MIGS/MIMS/MIMARKS.human-gut",9433261,RESEARCH INSTITUTE FOR SYSTEMS BIOLOGY AND MEDICINE (RISBM),2016-09-06/2017-11-27,public,"fastq,run.zq,sra","gs,ncbi,s3","gs.us-east1,ncbi.public,s3.us-east-1",human population,human gut,stool,SRX27725594,Russia,Europe,Russia: Arkhangelsk,44.31759,30.19645,Homo sapiens,Illumina MiSeq,64.31 N 40.32 E,KYH906380,PAIRED,PCR,METAGENOMIC,human gut metagenome,ILLUMINA,2025-03-07T00:00:00Z,2025-02-19T06:22:00Z,1,KYH906380,SRP564871
SRR32393160,AMPLICON,501,13871458,PRJNA1225157,SAMN46890717,"MIMS.me,MIGS/MIMS/MIMARKS.human-gut",7652094,RESEARCH INSTITUTE FOR SYSTEMS BIOLOGY AND MEDICINE (RISBM),2016-09-06/2017-11-27,public,"fastq,run.zq,sra","gs,ncbi,s3","gs.us-east1,ncbi.public,s3.us-east-1",human population,human gut,stool,SRX27725593,Russia,Europe,Russia: Arkhangelsk,60.69815,28.4576,Homo sapiens,Illumina MiSeq,64.31 N 40.32 E,KYH737660,PAIRED,PCR,METAGENOMIC,human gut metagenome,ILLUMINA,2025-03-07T00:00:00Z,2025-02-19T06:23:00Z,1,KYH737660,SRP564871
SRR32393161,AMPLICON,500,21482000,PRJNA1225157,SAMN46890541,"MIMS.me,MIGS/MIMS/MIMARKS.human-gut",12360227,RESEARCH INSTITUTE FOR SYSTEMS BIOLOGY AND MEDICINE (RISBM),2016-09-06/2017-11-27,public,"fastq,run.zq,sra","gs,ncbi,s3","gs.us-east1,ncbi.public,s3.us-east-1",human population,human gut,stool,SRX27725592,Russia,Europe,Russia: Arkhangelsk,57.09514,31.97613,Homo sapiens,Illumina MiSeq,64.31 N 40.32 E,KYH195965,PAIRED,PCR,METAGENOMIC,human gut metagenome,ILLUMINA,2025-03-07T00:00:00Z,2025-02-19T06:23:00Z,1,KYH195965,SRP564871
SRR32393162,AMPLICON,500,11507000,PRJNA1225157,SAMN46890657,"MIMS.me,MIGS/MIMS/MIMARKS.human-gut",6842517,RESEARCH INSTITUTE FOR SYSTEMS BIOLOGY AND MEDICINE (RISBM),2016-09-06/2017-11-27,public,"fastq,run.zq,sra","gs,ncbi,s3","gs.us-east1,ncbi.public,s3.us-east-1",human population,human gut,stool,SRX27725591,Russia,Europe,Russia: Arkhangelsk,57.79055,37.68047,Homo sapiens,Illumina MiSeq,64.31 N 40.32 E,KYH987427,PAIRED,PCR,METAGENOMIC,human gut metagenome,ILLUMINA,2025-03-07T00:00:00Z,2025-02-19T06:22:00Z,1,KYH987427,SRP564871
SRR32393163,AMPLICON,500,137019500,PRJNA1225157,SAMN46890656,"MIMS.me,MIGS/MIMS/MIMARKS.human-gut",78033858,RESEARCH INSTITUTE FOR SYSTEMS BIOLOGY AND MEDICINE (RISBM),2016-09-06/2017-11-27,public,"fastq,run.zq,sra","gs,ncbi,s3","gs.us-east1,ncbi.public,s3.us-east-1",human population,human gut,stool,SRX27725590,Russia,Europe,Russia: Arkhangelsk,55.97536,31.08571,Homo sapiens,Illumina MiSeq,64.31 N 40.32 E,KYH969294,PAIRED,PCR,METAGENOMIC,human gut metagenome,ILLUMINA,2025-03-07T00:00:00Z,2025-02-19T06:23:00Z,1,KYH969294,SRP564871
SRR32393164,AMPLICON,500,26412000,PRJNA1225157,SAMN46890655,"MIMS.me,MIGS/MIMS/MIMARKS.human-gut",15247598,RESEARCH INSTITUTE FOR SYSTEMS BIOLOGY AND MEDICINE (RISBM),2016-09-06/2017-11-27,public,"fastq,run.zq,sra","gs,ncbi,s3","gs.us-east1,ncbi.public,s3.us-east-1",human population,human gut,stool,SRX27725589,Russia,Europe,Russia: Arkhangelsk,44.77755,30.1915,Homo sapiens,Illumina MiSeq,64.31 N 40.32 E,KYH665019,PAIRED,PCR,METAGENOMIC,human gut metagenome,ILLUMINA,2025-03-07T00:00:00Z,2025-02-19T06:22:00Z,1,KYH665019,SRP564871
SRR32393165,AMPLICON,500,25027000,PRJNA1225157,SAMN46890654,"MIMS.me,MIGS/MIMS/MIMARKS.human-gut",14363132,RESEARCH INSTITUTE FOR SYSTEMS BIOLOGY AND MEDICINE (RISBM),2016-09-06/2017-11-27,public,"fastq,run.zq,sra","gs,ncbi,s3","gs.us-east1,ncbi.public,s3.us-east-1",human population,human gut,stool,SRX27725588,Russia,Europe,Russia: Arkhangelsk,58.56263,30.20511,Homo sapiens,Illumina MiSeq,64.31 N 40.32 E,KYH810487,PAIRED,PCR,METAGENOMIC,human gut metagenome,ILLUMINA,2025-03-07T00:00:00Z,2025-02-19T06:22:00Z,1,KYH810487,SRP564871
SRR32393166,AMPLICON,500,26632000,PRJNA1225157,SAMN46890653,"MIMS.me,MIGS/MIMS/MIMARKS.human-gut",15054162,RESEARCH INSTITUTE FOR SYSTEMS BIOLOGY AND MEDICINE (RISBM),2016-09-06/2017-11-27,public,"fastq,run.zq,sra","gs,ncbi,s3","gs.us-east1,ncbi.public,s3.us-east-1",human population,human gut,stool,SRX27725587,Russia,Europe,Russia: Arkhangelsk,37.63176,30.41543,Homo sapiens,Illumina MiSeq,64.31 N 40.32 E,KYH767036,PAIRED,PCR,METAGENOMIC,human gut metagenome,ILLUMINA,2025-03-07T00:00:00Z,2025-02-19T06:23:00Z,1,KYH767036,SRP564871
SRR32393167,AMPLICON,500,26123000,PRJNA1225157,SAMN46890652,"MIMS.me,MIGS/MIMS/MIMARKS.human-gut",14852500,RESEARCH INSTITUTE FOR SYSTEMS BIOLOGY AND MEDICINE (RISBM),2016-09-06/2017-11-27,public,"fastq,run.zq,sra","gs,ncbi,s3","gs.us-east1,ncbi.public,s3.us-east-1",human population,human gut,stool,SRX27725586,Russia,Europe,Russia: Arkhangelsk,37.91923,21.10958,Homo sapiens,Illumina MiSeq,64.31 N 40.32 E,KYH690194,PAIRED,PCR,METAGENOMIC,human gut metagenome,ILLUMINA,2025-03-07T00:00:00Z,2025-02-19T06:22:00Z,1,KYH690194,SRP564871
SRR32393168,AMPLICON,500,19725500,PRJNA1225157,SAMN46890651,"MIMS.me,MIGS/MIMS/MIMARKS.human-gut",11590175,RESEARCH INSTITUTE FOR SYSTEMS BIOLOGY AND MEDICINE (RISBM),2016-09-06/2017-11-27,public,"fastq,run.zq,sra","gs,ncbi,s3","gs.us-east1,ncbi.public,s3.us-east-1",human population,human gut,stool,SRX27725585,Russia,Europe,Russia: Arkhangelsk,44.50103,21.21888,Homo sapiens,Illumina MiSeq,64.31 N 40.32 E,KYH395587,PAIRED,PCR,METAGENOMIC,human gut metagenome,ILLUMINA,2025-03-07T00:00:00Z,2025-02-19T06:23:00Z,1,KYH395587,SRP564871
SRR32393169,AMPLICON,500,23285000,PRJNA1225157,SAMN46890650,"MIMS.me,MIGS/MIMS/MIMARKS.human-gut",13852560,RESEARCH INSTITUTE FOR SYSTEMS BIOLOGY AND MEDICINE (RISBM),2016-09-06/2017-11-27,public,"fastq,run.zq,sra","gs,ncbi,s3","gs.us-east1,ncbi.public,s3.us-east-1",human population,human gut,stool,SRX27725584,Russia,Europe,Russia: Arkhangelsk,67.87953,25.57431,Homo sapiens,Illumina MiSeq,64.31 N 40.32 E,KYH133777,PAIRED,PCR,METAGENOMIC,human gut metagenome,ILLUMINA,2025-03-07T00:00:00Z,2025-02-19T06:22:00Z,1,KYH133777,SRP564871
SRR32393170,AMPLICON,500,26389500,PRJNA1225157,SAMN46890649,"MIMS.me,MIGS/MIMS/MIMARKS.human-gut",15508878,RESEARCH INSTITUTE FOR SYSTEMS BIOLOGY AND MEDICINE (RISBM),2016-09-06/2017-11-27,public,"fastq,run.zq,sra","gs,ncbi,s3","gs.us-east1,ncbi.public,s3.us-east-1",human population,human gut,stool,SRX27725583,Russia,Europe,Russia: Arkhangelsk,57.33881,31.26543,Homo sapiens,Illumina MiSeq,64.31 N 40.32 E,KYH489320,PAIRED,PCR,METAGENOMIC,human gut metagenome,ILLUMINA,2025-03-07T00:00:00Z,2025-02-19T06:22:00Z,1,KYH489320,SRP564871
SRR32393171,AMPLICON,500,24036000,PRJNA1225157,SAMN46890648,"MIMS.me,MIGS/MIMS/MIMARKS.human-gut",14547113,RESEARCH INSTITUTE FOR SYSTEMS BIOLOGY AND MEDICINE (RISBM),2016-09-06/2017-11-27,public,"fastq,run.zq,sra","gs,ncbi,s3","gs.us-east1,ncbi.public,s3.us-east-1",human population,human gut,stool,SRX27725582,Russia,Europe,Russia: Arkhangelsk,38.93771,21.61349,Homo sapiens,Illumina MiSeq,64.31 N 40.32 E,KYH693904,PAIRED,PCR,METAGENOMIC,human gut metagenome,ILLUMINA,2025-03-07T00:00:00Z,2025-02-19T06:22:00Z,1,KYH693904,SRP564871
SRR32393172,AMPLICON,500,11815500,PRJNA1225157,SAMN46890540,"MIMS.me,MIGS/MIMS/MIMARKS.human-gut",7159241,RESEARCH INSTITUTE FOR SYSTEMS BIOLOGY AND MEDICINE (RISBM),2016-09-06/2017-11-27,public,"fastq,run.zq,sra","gs,ncbi,s3","gs.us-east1,ncbi.public,s3.us-east-1",human population,human gut,stool,SRX27725581,Russia,Europe,Russia: Arkhangelsk,55.36482,23.06182,Homo sapiens,Illumina MiSeq,64.31 N 40.32 E,KYH940846,PAIRED,PCR,METAGENOMIC,human gut metagenome,ILLUMINA,2025-03-07T00:00:00Z,2025-02-19T06:22:00Z,1,KYH940846,SRP564871
SRR32393173,AMPLICON,500,26028500,PRJNA1225157,SAMN46890647,"MIMS.me,MIGS/MIMS/MIMARKS.human-gut",14988820,RESEARCH INSTITUTE FOR SYSTEMS BIOLOGY AND MEDICINE (RISBM),2016-09-06/2017-11-27,public,"fastq,run.zq,sra","gs,ncbi,s3","gs.us-east1,ncbi.public,s3.us-east-1",human population,human gut,stool,SRX27725580,Russia,Europe,Russia: Arkhangelsk,59.34565,33.68714,Homo sapiens,Illumina MiSeq,64.31 N 40.32 E,KYH170910,PAIRED,PCR,METAGENOMIC,human gut metagenome,ILLUMINA,2025-03-07T00:00:00Z,2025-02-19T06:23:00Z,1,KYH170910,SRP564871
SRR32393174,AMPLICON,500,25478500,PRJNA1225157,SAMN46890646,"MIMS.me,MIGS/MIMS/MIMARKS.human-gut",14928516,RESEARCH INSTITUTE FOR SYSTEMS BIOLOGY AND MEDICINE (RISBM),2016-09-06/2017-11-27,public,"fastq,run.zq,sra","gs,ncbi,s3","gs.us-east1,ncbi.public,s3.us-east-1",human population,human gut,stool,SRX27725579,Russia,Europe,Russia: Arkhangelsk,63.47981,28.6338,Homo sapiens,Illumina MiSeq,64.31 N 40.32 E,KYH671412,PAIRED,PCR,METAGENOMIC,human gut metagenome,ILLUMINA,2025-03-07T00:00:00Z,2025-02-19T06:22:00Z,1,KYH671412,SRP564871
SRR32393175,AMPLICON,500,23062000,PRJNA1225157,SAMN46890645,"MIMS.me,MIGS/MIMS/MIMARKS.human-gut",13199849,RESEARCH INSTITUTE FOR SYSTEMS BIOLOGY AND MEDICINE (RISBM),2016-09-06/2017-11-27,public,"fastq,run.zq,sra","gs,ncbi,s3","gs.us-east1,ncbi.public,s3.us-east-1",human population,human gut,stool,SRX27725578,Russia,Europe,Russia: Arkhangelsk,60.54209,29.30071,Homo sapiens,Illumina MiSeq,64.31 N 40.32 E,KYH797671,PAIRED,PCR,METAGENOMIC,human gut metagenome,ILLUMINA,2025-03-07T00:00:00Z,2025-02-19T06:23:00Z,1,KYH797671,SRP564871
SRR32393176,AMPLICON,500,17681500,PRJNA1225157,SAMN46890644,"MIMS.me,MIGS/MIMS/MIMARKS.human-gut",9995822,RESEARCH INSTITUTE FOR SYSTEMS BIOLOGY AND MEDICINE (RISBM),2016-09-06/2017-11-27,public,"fastq,run.zq,sra","gs,ncbi,s3","gs.us-east1,ncbi.public,s3.us-east-1",human population,human gut,stool,SRX27725577,Russia,Europe,Russia: Arkhangelsk,55.96167,28.09265,Homo sapiens,Illumina MiSeq,64.31 N 40.32 E,KYH224571,PAIRED,PCR,METAGENOMIC,human gut metagenome,ILLUMINA,2025-03-07T00:00:00Z,2025-02-19T06:23:00Z,1,KYH224571,SRP564871
SRR32393177,AMPLICON,500,17223000,PRJNA1225157,SAMN46890643,"MIMS.me,MIGS/MIMS/MIMARKS.human-gut",10349128,RESEARCH INSTITUTE FOR SYSTEMS BIOLOGY AND MEDICINE (RISBM),2016-09-06/2017-11-27,public,"fastq,run.zq,sra","gs,ncbi,s3","gs.us-east1,ncbi.public,s3.us-east-1",human population,human gut,stool,SRX27725576,Russia,Europe,Russia: Arkhangelsk,38.68309,25.43011,Homo sapiens,Illumina MiSeq,64.31 N 40.32 E,KYH587990,PAIRED,PCR,METAGENOMIC,human gut metagenome,ILLUMINA,2025-03-07T00:00:00Z,2025-02-19T06:22:00Z,1,KYH587990,SRP564871
SRR32393178,AMPLICON,500,22857000,PRJNA1225157,SAMN46890642,"MIMS.me,MIGS/MIMS/MIMARKS.human-gut",13176215,RESEARCH INSTITUTE FOR SYSTEMS BIOLOGY AND MEDICINE (RISBM),2016-09-06/2017-11-27,public,"fastq,run.zq,sra","gs,ncbi,s3","gs.us-east1,ncbi.public,s3.us-east-1",human population,human gut,stool,SRX27725575,Russia,Europe,Russia: Arkhangelsk,52.29569,23.6063,Homo sapiens,Illumina MiSeq,64.31 N 40.32 E,KYH817634,PAIRED,PCR,METAGENOMIC,human gut metagenome,ILLUMINA,2025-03-07T00:00:00Z,2025-02-19T06:23:00Z,1,KYH817634,SRP564871
SRR32393179,AMPLICON,500,23410000,PRJNA1225157,SAMN46890641,"MIMS.me,MIGS/MIMS/MIMARKS.human-gut",13752293,RESEARCH INSTITUTE FOR SYSTEMS BIOLOGY AND MEDICINE (RISBM),2016-09-06/2017-11-27,public,"fastq,run.zq,sra","gs,ncbi,s3","gs.us-east1,ncbi.public,s3.us-east-1",human population,human gut,stool,SRX27725574,Russia,Europe,Russia: Arkhangelsk,55.14579,21.40744,Homo sapiens,Illumina MiSeq,64.31 N 40.32 E,KYH262830,PAIRED,PCR,METAGENOMIC,human gut metagenome,ILLUMINA,2025-03-07T00:00:00Z,2025-02-19T06:23:00Z,1,KYH262830,SRP564871
SRR32393180,AMPLICON,500,17152000,PRJNA1225157,SAMN46890640,"MIMS.me,MIGS/MIMS/MIMARKS.human-gut",9909622,RESEARCH INSTITUTE FOR SYSTEMS BIOLOGY AND MEDICINE (RISBM),2016-09-06/2017-11-27,public,"fastq,run.zq,sra","gs,ncbi,s3","gs.us-east1,ncbi.public,s3.us-east-1",human population,human gut,stool,SRX27725573,Russia,Europe,Russia: Arkhangelsk,37.03491,31.26564,Homo sapiens,Illumina MiSeq,64.31 N 40.32 E,KYH226422,PAIRED,PCR,METAGENOMIC,human gut metagenome,ILLUMINA,2025-03-07T00:00:00Z,2025-02-19T06:22:00Z,1,KYH226422,SRP564871
SRR32393181,AMPLICON,500,12564000,PRJNA1225157,SAMN46890639,"MIMS.me,MIGS/MIMS/MIMARKS.human-gut",7220862,RESEARCH INSTITUTE FOR SYSTEMS BIOLOGY AND MEDICINE (RISBM),2016-09-06/2017-11-27,public,"fastq,run.zq,sra","gs,ncbi,s3","gs.us-east1,ncbi.public,s3.us-east-1",human population,human gut,stool,SRX27725572,Russia,Europe,Russia: Arkhangelsk,43.82752,20.65585,Homo sapiens,Illumina MiSeq,64.31 N 40.32 E,KYH452108,PAIRED,PCR,METAGENOMIC,human gut metagenome,ILLUMINA,2025-03-07T00:00:00Z,2025-02-19T06:22:00Z,1,KYH452108,SRP564871
SRR32393182,AMPLICON,500,23551500,PRJNA1225157,SAMN46890638,"MIMS.me,MIGS/MIMS/MIMARKS.human-gut",13460348,RESEARCH INSTITUTE FOR SYSTEMS BIOLOGY AND MEDICINE (RISBM),2016-09-06/2017-11-27,public,"fastq,run.zq,sra","gs,ncbi,s3","gs.us-east1,ncbi.public,s3.us-east-1",human population,human gut,stool,SRX27725571,Russia,Europe,Russia: Arkhangelsk,67.50992,28.10651,Homo sapiens,Illumina MiSeq,64.31 N 40.32 E,KYH976148,PAIRED,PCR,METAGENOMIC,human gut metagenome,ILLUMINA,2025-03-07T00:00:00Z,2025-02-19T06:23:00Z,1,KYH976148,SRP564871
SRR32393183,AMPLICON,500,25351500,PRJNA1225157,SAMN46890539,"MIMS.me,MIGS/MIMS/MIMARKS.human-gut",15408371,RESEARCH INSTITUTE FOR SYSTEMS BIOLOGY AND MEDICINE (RISBM),2016-09-06/2017-11-27,public,"fastq,run.zq,sra","gs,ncbi,s3","gs.us-east1,ncbi.public,s3.us-east-1",human population,human gut,stool,SRX27725570,Russia,Europe,Russia: Arkhangelsk,60.85147,23.27622,Homo sapiens,Illumina MiSeq,64.31 N 40.32 E,KYH491717,PAIRED,PCR,METAGENOMIC,human gut metagenome,ILLUMINA,2025-03-07T00:00:00Z,2025-02-19T06:22:00Z,1,KYH491717,SRP564871
SRR32393184,AMPLICON,500,13795000,PRJNA1225157,SAMN46890637,"MIMS.me,MIGS/MIMS/MIMARKS.human-gut",7937292,RESEARCH INSTITUTE FOR SYSTEMS BIOLOGY AND MEDICINE (RISBM),2016-09-06/2017-11-27,public,"fastq,run.zq,sra","gs,ncbi,s3","gs.us-east1,ncbi.public,s3.us-east-1",human population,human gut,stool,SRX27725569,Russia,Europe,Russia: Arkhangelsk,48.94182,34.50133,Homo sapiens,Illumina MiSeq,64.31 N 40.32 E,KYH437455,PAIRED,PCR,METAGENOMIC,human gut metagenome,ILLUMINA,2025-03-07T00:00:00Z,2025-02-19T06:22:00Z,1,KYH437455,SRP564871
SRR32393185,AMPLICON,500,23684500,PRJNA1225157,SAMN46890636,"MIMS.me,MIGS/MIMS/MIMARKS.human-gut",14243387,RESEARCH INSTITUTE FOR SYSTEMS BIOLOGY AND MEDICINE (RISBM),2016-09-06/2017-11-27,public,"fastq,run.zq,sra","gs,ncbi,s3","gs.us-east1,ncbi.public,s3.us-east-1",human population,human gut,stool,SRX27725568,Russia,Europe,Russia: Arkhangelsk,43.49076,23.0501,Homo sapiens,Illumina MiSeq,64.31 N 40.32 E,KYH109318,PAIRED,PCR,METAGENOMIC,human gut metagenome,ILLUMINA,2025-03-07T00:00:00Z,2025-02-19T06:23:00Z,1,KYH109318,SRP564871
SRR32393186,AMPLICON,500,21785500,PRJNA1225157,SAMN46890635,"MIMS.me,MIGS/MIMS/MIMARKS.human-gut",13126351,RESEARCH INSTITUTE FOR SYSTEMS BIOLOGY AND MEDICINE (RISBM),2016-09-06/2017-11-27,public,"fastq,run.zq,sra","gs,ncbi,s3","gs.us-east1,ncbi.public,s3.us-east-1",human population,human gut,stool,SRX27725567,Russia,Europe,Russia: Arkhangelsk,51.0527,25.7466,Homo sapiens,Illumina MiSeq,64.31 N 40.32 E,KYH861908,PAIRED,PCR,METAGENOMIC,human gut metagenome,ILLUMINA,2025-03-07T00:00:00Z,2025-02-19T06:22:00Z,1,KYH861908,SRP564871
SRR32393187,AMPLICON,500,12583000,PRJNA1225157,SAMN46890634,"MIMS.me,MIGS/MIMS/MIMARKS.human-gut",7451357,RESEARCH INSTITUTE FOR SYSTEMS BIOLOGY AND MEDICINE (RISBM),2016-09-06/2017-11-27,public,"fastq,run.zq,sra","gs,ncbi,s3","gs.us-east1,ncbi.public,s3.us-east-1",human population,human gut,stool,SRX27725566,Russia,Europe,Russia: Arkhangelsk,56.67077,19.96698,Homo sapiens,Illumina MiSeq,64.31 N 40.32 E,KYH344019,PAIRED,PCR,METAGENOMIC,human gut metagenome,ILLUMINA,2025-03-07T00:00:00Z,2025-02-19T06:22:00Z,1,KYH344019,SRP564871
SRR32393188,AMPLICON,500,17163500,PRJNA1225157,SAMN46890633,"MIMS.me,MIGS/MIMS/MIMARKS.human-gut",9768916,RESEARCH INSTITUTE FOR SYSTEMS BIOLOGY AND MEDICINE (RISBM),2016-09-06/2017-11-27,public,"fastq,run.zq,sra","gs,ncbi,s3","gs.us-east1,ncbi.public,s3.us-east-1",human population,human gut,stool,SRX27725565,Russia,Europe,Russia: Arkhangelsk,57.72758,27.29197,Homo sapiens,Illumina MiSeq,64.31 N 40.32 E,KYH253898,PAIRED,PCR,METAGENOMIC,human gut metagenome,ILLUMINA,2025-03-07T00:00:00Z,2025-02-19T06:23:00Z,1,KYH253898,SRP564871
SRR32393189,AMPLICON,500,20893000,PRJNA1225157,SAMN46890632,"MIMS.me,MIGS/MIMS/MIMARKS.human-gut",12337731,RESEARCH INSTITUTE FOR SYSTEMS BIOLOGY AND MEDICINE (RISBM),2016-09-06/2017-11-27,public,"fastq,run.zq,sra","gs,ncbi,s3","gs.us-east1,ncbi.public,s3.us-east-1",human population,human gut,stool,SRX27725564,Russia,Europe,Russia: Arkhangelsk,52.36413,30.48339,Homo sapiens,Illumina MiSeq,64.31 N 40.32 E,KYH691878,PAIRED,PCR,METAGENOMIC,human gut metagenome,ILLUMINA,2025-03-07T00:00:00Z,2025-02-19T06:22:00Z,1,KYH691878,SRP564871
SRR32393190,AMPLICON,500,22787000,PRJNA1225157,SAMN46890631,"MIMS.me,MIGS/MIMS/MIMARKS.human-gut",13101119,RESEARCH INSTITUTE FOR SYSTEMS BIOLOGY AND MEDICINE (RISBM),2016-09-06/2017-11-27,public,"fastq,run.zq,sra","gs,ncbi,s3","gs.us-east1,ncbi.public,s3.us-east-1",human population,human gut,stool,SRX27725563,Russia,Europe,Russia: Arkhangelsk,37.43737,23.38529,Homo sapiens,Illumina MiSeq,64.31 N 40.32 E,KYH308881,PAIRED,PCR,METAGENOMIC,human gut metagenome,ILLUMINA,2025-03-07T00:00:00Z,2025-02-19T06:22:00Z,1,KYH308881,SRP564871
SRR32393191,AMPLICON,500,22265500,PRJNA1225157,SAMN46890630,"MIMS.me,MIGS/MIMS/MIMARKS.human-gut",12676234,RESEARCH INSTITUTE FOR SYSTEMS BIOLOGY AND MEDICINE (RISBM),2016-09-06/2017-11-27,public,"fastq,run.zq,sra","gs,ncbi,s3","gs.us-east1,ncbi.public,s3.us-east-1",human population,human gut,stool,SRX27725562,Russia,Europe,Russia: Arkhangelsk,56.15058,34.31941,Homo sapiens,Illumina MiSeq,64.31 N 40.32 E,KYH557794,PAIRED,PCR,METAGENOMIC,human gut metagenome,ILLUMINA,2025-03-07T00:00:00Z,2025-02-19T06:22:00Z,1,KYH557794,SRP564871
SRR32393192,AMPLICON,500,38088000,PRJNA1225157,SAMN46890629,"MIMS.me,MIGS/MIMS/MIMARKS.human-gut",21610011,RESEARCH INSTITUTE FOR SYSTEMS BIOLOGY AND MEDICINE (RISBM),2016-09-06/2017-11-27,public,"fastq,run.zq,sra","gs,ncbi,s3","gs.us-east1,ncbi.public,s3.us-east-1",human population,human gut,stool,SRX27725561,Russia,Europe,Russia: Arkhangelsk,50.11088,16.31227,Homo sapiens,Illumina MiSeq,64.31 N 40.32 E,KYH115326,PAIRED,PCR,METAGENOMIC,human gut metagenome,ILLUMINA,2025-03-07T00:00:00Z,2025-02-19T06:23:00Z,1,KYH115326,SRP564871
SRR32393193,AMPLICON,501,23909600,PRJNA1225157,SAMN46891177,"MIMS.me,MIGS/MIMS/MIMARKS.human-gut",14591733,RESEARCH INSTITUTE FOR SYSTEMS BIOLOGY AND MEDICINE (RISBM),2016-09-06/2017-11-27,public,"fastq,run.zq,sra","gs,ncbi,s3","gs.us-east1,ncbi.public,s3.us-east-1",human population,human gut,stool,SRX27725560,Russia,Europe,Russia: Arkhangelsk,51.86585,26.48116,Homo sapiens,Illumina MiSeq,64.31 N 40.32 E,KYH238041,PAIRED,PCR,METAGENOMIC,human gut metagenome,ILLUMINA,2025-03-07T00:00:00Z,2025-02-19T06:23:00Z,1,KYH238041,SRP564871
SRR32393194,AMPLICON,501,35281334,PRJNA1225157,SAMN46891176,"MIMS.me,MIGS/MIMS/MIMARKS.human-gut",21239744,RESEARCH INSTITUTE FOR SYSTEMS BIOLOGY AND MEDICINE (RISBM),2016-09-06/2017-11-27,public,"fastq,run.zq,sra","gs,ncbi,s3","gs.us-east1,ncbi.public,s3.us-east-1",human population,human gut,stool,SRX27725559,Russia,Europe,Russia: Arkhangelsk,52.65708,32.639,Homo sapiens,Illumina MiSeq,64.31 N 40.32 E,KYH703192,PAIRED,PCR,METAGENOMIC,human gut metagenome,ILLUMINA,2025-03-07T00:00:00Z,2025-02-19T06:22:00Z,1,KYH703192,SRP564871
SRR32393195,AMPLICON,501,11026846,PRJNA1225157,SAMN46891175,"MIMS.me,MIGS/MIMS/MIMARKS.human-gut",6800042,RESEARCH INSTITUTE FOR SYSTEMS BIOLOGY AND MEDICINE (RISBM),2016-09-06/2017-11-27,public,"fastq,run.zq,sra","gs,ncbi,s3","gs.us-east1,ncbi.public,s3.us-east-1",human population,human gut,stool,SRX27725558,Russia,Europe,Russia: Arkhangelsk,51.7974,24.83641,Homo sapiens,Illumina MiSeq,64.31 N 40.32 E,KYH156282,PAIRED,PCR,METAGENOMIC,human gut metagenome,ILLUMINA,2025-03-07T00:00:00Z,2025-02-19T06:23:00Z,1,KYH156282,SRP564871
SRR32393196,AMPLICON,501,121270527,PRJNA1225157,SAMN46891174,"MIMS.me,MIGS/MIMS/MIMARKS.human-gut",70178734,RESEARCH INSTITUTE FOR SYSTEMS BIOLOGY AND MEDICINE (RISBM),2016-09-06/2017-11-27,public,"fastq,run.zq,sra","gs,ncbi,s3","gs.us-east1,ncbi.public,s3.us-east-1",human population,human gut,stool,SRX27725557,Russia,Europe,Russia: Arkhangelsk,36.24641,31.21043,Homo sapiens,Illumina MiSeq,64.31 N 40.32 E,KYH456325,PAIRED,PCR,METAGENOMIC,human gut metagenome,ILLUMINA,2025-03-07T00:00:00Z,2025-02-19T06:23:00Z,1,KYH456325,SRP564871
SRR32393197,AMPLICON,501,11055159,PRJNA1225157,SAMN46891173,"MIMS.me,MIGS/MIMS/MIMARKS.human-gut",6829715,RESEARCH INSTITUTE FOR SYSTEMS BIOLOGY AND MEDICINE (RISBM),2016-09-06/2017-11-27,public,"fastq,run.zq,sra","gs,ncbi,s3","gs.us-east1,ncbi.public,s3.us-east-1",human population,human gut,stool,SRX27725556,Russia,Europe,Russia: Arkhangelsk,48.58042,23.30443,Homo sapiens,Illumina MiSeq,64.31 N 40.32 E,KYH213918,PAIRED,PCR,METAGENOMIC,human gut metagenome,ILLUMINA,2025-03-07T00:00:00Z,2025-02-19T06:22:00Z,1,KYH213918,SRP564871
SRR32393198,AMPLICON,501,21554577,PRJNA1225157,SAMN46891172,"MIMS.me,MIGS/MIMS/MIMARKS.human-gut",12460429,RESEARCH INSTITUTE FOR SYSTEMS BIOLOGY AND MEDICINE (RISBM),2016-09-06/2017-11-27,public,"fastq,run.zq,sra","gs,ncbi,s3","gs.us-east1,ncbi.public,s3.us-east-1",human population,human gut,stool,SRX27725555,Russia,Europe,Russia: Arkhangelsk,68.60233,23.64426,Homo sapiens,Illumina MiSeq,64.31 N 40.32 E,KYH486013,PAIRED,PCR,METAGENOMIC,human gut metagenome,ILLUMINA,2025-03-07T00:00:00Z,2025-02-19T06:23:00Z,1,KYH486013,SRP564871
SRR32393199,AMPLICON,501,34173904,PRJNA1225157,SAMN46891171,"MIMS.me,MIGS/MIMS/MIMARKS.human-gut",20844975,RESEARCH INSTITUTE FOR SYSTEMS BIOLOGY AND MEDICINE (RISBM),2016-09-06/2017-11-27,public,"fastq,run.zq,sra","gs,ncbi,s3","gs.us-east1,ncbi.public,s3.us-east-1",human population,human gut,stool,SRX27725554,Russia,Europe,Russia: Arkhangelsk,48.67077,21.04532,Homo sapiens,Illumina MiSeq,64.31 N 40.32 E,KYH780945,PAIRED,PCR,METAGENOMIC,human gut metagenome,ILLUMINA,2025-03-07T00:00:00Z,2025-02-19T06:22:00Z,1,KYH780945,SRP564871
SRR32393200,AMPLICON,501,13523268,PRJNA1225157,SAMN46891170,"MIMS.me,MIGS/MIMS/MIMARKS.human-gut",7959724,RESEARCH INSTITUTE FOR SYSTEMS BIOLOGY AND MEDICINE (RISBM),2016-09-06/2017-11-27,public,"fastq,run.zq,sra","gs,ncbi,s3","gs.us-east1,ncbi.public,s3.us-east-1",human population,human gut,stool,SRX27725553,Russia,Europe,Russia: Arkhangelsk,59.29637,24.47531,Homo sapiens,Illumina MiSeq,64.31 N 40.32 E,KYH451391,PAIRED,PCR,METAGENOMIC,human gut metagenome,ILLUMINA,2025-03-07T00:00:00Z,2025-02-19T06:22:00Z,1,KYH451391,SRP564871
SRR32393201,AMPLICON,501,13415448,PRJNA1225157,SAMN46891169,"MIMS.me,MIGS/MIMS/MIMARKS.human-gut",8159744,RESEARCH INSTITUTE FOR SYSTEMS BIOLOGY AND MEDICINE (RISBM),2016-09-06/2017-11-27,public,"fastq,run.zq,sra","gs,ncbi,s3","gs.us-east1,ncbi.public,s3.us-east-1",human population,human gut,stool,SRX27725552,Russia,Europe,Russia: Arkhangelsk,40.27652,25.62352,Homo sapiens,Illumina MiSeq,64.31 N 40.32 E,KYH329420,PAIRED,PCR,METAGENOMIC,human gut metagenome,ILLUMINA,2025-03-07T00:00:00Z,2025-02-19T06:23:00Z,1,KYH329420,SRP564871
SRR32393202,AMPLICON,501,16410650,PRJNA1225157,SAMN46891168,"MIMS.me,MIGS/MIMS/MIMARKS.human-gut",9282594,RESEARCH INSTITUTE FOR SYSTEMS BIOLOGY AND MEDICINE (RISBM),2016-09-06/2017-11-27,public,"fastq,run.zq,sra","gs,ncbi,s3","gs.us-east1,ncbi.public,s3.us-east-1",human population,human gut,stool,SRX27725551,Russia,Europe,Russia: Arkhangelsk,69.82067,40.25145,Homo sapiens,Illumina MiSeq,64.31 N 40.32 E,KYH445560,PAIRED,PCR,METAGENOMIC,human gut metagenome,ILLUMINA,2025-03-07T00:00:00Z,2025-02-19T06:23:00Z,1,KYH445560,SRP564871
SRR32393203,AMPLICON,500,23377000,PRJNA1225157,SAMN46890592,"MIMS.me,MIGS/MIMS/MIMARKS.human-gut",13485010,RESEARCH INSTITUTE FOR SYSTEMS BIOLOGY AND MEDICINE (RISBM),2016-09-06/2017-11-27,public,"fastq,run.zq,sra","gs,ncbi,s3","gs.us-east1,ncbi.public,s3.us-east-1",human population,human gut,stool,SRX27725550,Russia,Europe,Russia: Arkhangelsk,43.40041,27.29177,Homo sapiens,Illumina MiSeq,64.31 N 40.32 E,KYH735392,PAIRED,PCR,METAGENOMIC,human gut metagenome,ILLUMINA,2025-03-07T00:00:00Z,2025-02-19T06:22:00Z,1,KYH735392,SRP564871
SRR32393204,AMPLICON,501,19839021,PRJNA1225157,SAMN46891167,"MIMS.me,MIGS/MIMS/MIMARKS.human-gut",11980093,RESEARCH INSTITUTE FOR SYSTEMS BIOLOGY AND MEDICINE (RISBM),2016-09-06/2017-11-27,public,"fastq,run.zq,sra","gs,ncbi,s3","gs.us-east1,ncbi.public,s3.us-east-1",human population,human gut,stool,SRX27725549,Russia,Europe,Russia: Arkhangelsk,56.88706,26.61899,Homo sapiens,Illumina MiSeq,64.31 N 40.32 E,KYH908846,PAIRED,PCR,METAGENOMIC,human gut metagenome,ILLUMINA,2025-03-07T00:00:00Z,2025-02-19T06:22:00Z,1,KYH908846,SRP564871
SRR32393205,AMPLICON,501,11131208,PRJNA1225157,SAMN46891166,"MIMS.me,MIGS/MIMS/MIMARKS.human-gut",6552008,RESEARCH INSTITUTE FOR SYSTEMS BIOLOGY AND MEDICINE (RISBM),2016-09-06/2017-11-27,public,"fastq,run.zq,sra","gs,ncbi,s3","gs.us-east1,ncbi.public,s3.us-east-1",human population,human gut,stool,SRX27725548,Russia,Europe,Russia: Arkhangelsk,68.564,31.24272,Homo sapiens,Illumina MiSeq,64.31 N 40.32 E,KYH460225,PAIRED,PCR,METAGENOMIC,human gut metagenome,ILLUMINA,2025-03-07T00:00:00Z,2025-02-19T06:22:00Z,1,KYH460225,SRP564871
SRR32393206,AMPLICON,500,10897726,PRJNA1225157,SAMN46891165,"MIMS.me,MIGS/MIMS/MIMARKS.human-gut",6949604,RESEARCH INSTITUTE FOR SYSTEMS BIOLOGY AND MEDICINE (RISBM),2016-09-06/2017-11-27,public,"fastq,run.zq,sra","gs,ncbi,s3","gs.us-east1,ncbi.public,s3.us-east-1",human population,human gut,stool,SRX27725547,Russia,Europe,Russia: Arkhangelsk,41.79329,22.99821,Homo sapiens,Illumina MiSeq,64.31 N 40.32 E,KYH517541,PAIRED,PCR,METAGENOMIC,human gut metagenome,ILLUMINA,2025-03-07T00:00:00Z,2025-02-19T06:23:00Z,1,KYH517541,SRP564871
SRR32393207,AMPLICON,501,13903086,PRJNA1225157,SAMN46891164,"MIMS.me,MIGS/MIMS/MIMARKS.human-gut",8071380,RESEARCH INSTITUTE FOR SYSTEMS BIOLOGY AND MEDICINE (RISBM),2016-09-06/2017-11-27,public,"fastq,run.zq,sra","gs,ncbi,s3","gs.us-east1,ncbi.public,s3.us-east-1",human population,human gut,stool,SRX27725546,Russia,Europe,Russia: Arkhangelsk,39.56742,29.46794,Homo sapiens,Illumina MiSeq,64.31 N 40.32 E,KYH665089,PAIRED,PCR,METAGENOMIC,human gut metagenome,ILLUMINA,2025-03-07T00:00:00Z,2025-02-19T06:22:00Z,1,KYH665089,SRP564871
SRR32393208,AMPLICON,501,6416039,PRJNA1225157,SAMN46891163,"MIMS.me,MIGS/MIMS/MIMARKS.human-gut",4068737,RESEARCH INSTITUTE FOR SYSTEMS BIOLOGY AND MEDICINE (RISBM),2016-09-06/2017-11-27,public,"fastq,run.zq,sra","gs,ncbi,s3","gs.us-east1,ncbi.public,s3.us-east-1",human population,human gut,stool,SRX27725545,Russia,Europe,Russia: Arkhangelsk,37.51951,17.71989,Homo sapiens,Illumina MiSeq,64.31 N 40.32 E,KYH218423,PAIRED,PCR,METAGENOMIC,human gut metagenome,ILLUMINA,2025-03-07T00:00:00Z,2025-02-19T06:22:00Z,1,KYH218423,SRP564871
SRR32393209,AMPLICON,501,10235928,PRJNA1225157,SAMN46891162,"MIMS.me,MIGS/MIMS/MIMARKS.human-gut",6503696,RESEARCH INSTITUTE FOR SYSTEMS BIOLOGY AND MEDICINE (RISBM),2016-09-06/2017-11-27,public,"fastq,run.zq,sra","gs,ncbi,s3","gs.us-east1,ncbi.public,s3.us-east-1",human population,human gut,stool,SRX27725544,Russia,Europe,Russia: Arkhangelsk,49.7577,20.45788,Homo sapiens,Illumina MiSeq,64.31 N 40.32 E,KYH813254,PAIRED,PCR,METAGENOMIC,human gut metagenome,ILLUMINA,2025-03-07T00:00:00Z,2025-02-19T06:23:00Z,1,KYH813254,SRP564871
SRR32393210,AMPLICON,501,49928667,PRJNA1225157,SAMN46891161,"MIMS.me,MIGS/MIMS/MIMARKS.human-gut",29627771,RESEARCH INSTITUTE FOR SYSTEMS BIOLOGY AND MEDICINE (RISBM),2016-09-06/2017-11-27,public,"fastq,run.zq,sra","gs,ncbi,s3","gs.us-east1,ncbi.public,s3.us-east-1",human population,human gut,stool,SRX27725543,Russia,Europe,Russia: Arkhangelsk,36.66256,21.2808,Homo sapiens,Illumina MiSeq,64.31 N 40.32 E,KYH537321,PAIRED,PCR,METAGENOMIC,human gut metagenome,ILLUMINA,2025-03-07T00:00:00Z,2025-02-19T06:23:00Z,1,KYH537321,SRP564871
SRR32393211,AMPLICON,501,15199973,PRJNA1225157,SAMN46891160,"MIMS.me,MIGS/MIMS/MIMARKS.human-gut",8746746,RESEARCH INSTITUTE FOR SYSTEMS BIOLOGY AND MEDICINE (RISBM),2016-09-06/2017-11-27,public,"fastq,run.zq,sra","gs,ncbi,s3","gs.us-east1,ncbi.public,s3.us-east-1",human population,human gut,stool,SRX27725542,Russia,Europe,Russia: Arkhangelsk,37.60438,31.25161,Homo sapiens,Illumina MiSeq,64.31 N 40.32 E,KYH357551,PAIRED,PCR,METAGENOMIC,human gut metagenome,ILLUMINA,2025-03-07T00:00:00Z,2025-02-19T06:23:00Z,1,KYH357551,SRP564871
SRR32393212,AMPLICON,501,69617819,PRJNA1225157,SAMN46891159,"MIMS.me,MIGS/MIMS/MIMARKS.human-gut",39803877,RESEARCH INSTITUTE FOR SYSTEMS BIOLOGY AND MEDICINE (RISBM),2016-09-06/2017-11-27,public,"fastq,run.zq,sra","gs,ncbi,s3","gs.us-east1,ncbi.public,s3.us-east-1",human population,human gut,stool,SRX27725541,Russia,Europe,Russia: Arkhangelsk,64.07118,32.75187,Homo sapiens,Illumina MiSeq,64.31 N 40.32 E,KYH196776,PAIRED,PCR,METAGENOMIC,human gut metagenome,ILLUMINA,2025-03-07T00:00:00Z,2025-02-19T06:23:00Z,1,KYH196776,SRP564871
SRR32393213,AMPLICON,501,9279632,PRJNA1225157,SAMN46891158,"MIMS.me,MIGS/MIMS/MIMARKS.human-gut",5649164,RESEARCH INSTITUTE FOR SYSTEMS BIOLOGY AND MEDICINE (RISBM),2016-09-06/2017-11-27,public,"fastq,run.zq,sra","gs,ncbi,s3","gs.us-east1,ncbi.public,s3.us-east-1",human population,human gut,stool,SRX27725540,Russia,Europe,Russia: Arkhangelsk,64.85695,25.46461,Homo sapiens,Illumina MiSeq,64.31 N 40.32 E,KYH697983,PAIRED,PCR,METAGENOMIC,human gut metagenome,ILLUMINA,2025-03-07T00:00:00Z,2025-02-19T06:23:00Z,1,KYH697983,SRP564871
SRR32393214,AMPLICON,500,19194500,PRJNA1225157,SAMN46890591,"MIMS.me,MIGS/MIMS/MIMARKS.human-gut",11211821,RESEARCH INSTITUTE FOR SYSTEMS BIOLOGY AND MEDICINE (RISBM),2016-09-06/2017-11-27,public,"fastq,run.zq,sra","gs,ncbi,s3","gs.us-east1,ncbi.public,s3.us-east-1",human population,human gut,stool,SRX27725539,Russia,Europe,Russia: Arkhangelsk,64.14784,23.47456,Homo sapiens,Illumina MiSeq,64.31 N 40.32 E,KYH837534,PAIRED,PCR,METAGENOMIC,human gut metagenome,ILLUMINA,2025-03-07T00:00:00Z,2025-02-19T06:23:00Z,1,KYH837534,SRP564871
SRR32393215,AMPLICON,501,11459355,PRJNA1225157,SAMN46891157,"MIMS.me,MIGS/MIMS/MIMARKS.human-gut",6748967,RESEARCH INSTITUTE FOR SYSTEMS BIOLOGY AND MEDICINE (RISBM),2016-09-06/2017-11-27,public,"fastq,run.zq,sra","gs,ncbi,s3","gs.us-east1,ncbi.public,s3.us-east-1",human population,human gut,stool,SRX27725538,Russia,Europe,Russia: Arkhangelsk,69.64819,32.45836,Homo sapiens,Illumina MiSeq,64.31 N 40.32 E,KYH320450,PAIRED,PCR,METAGENOMIC,human gut metagenome,ILLUMINA,2025-03-07T00:00:00Z,2025-02-19T06:23:00Z,1,KYH320450,SRP564871
SRR32393216,AMPLICON,501,27113700,PRJNA1225157,SAMN46891156,"MIMS.me,MIGS/MIMS/MIMARKS.human-gut",15820401,RESEARCH INSTITUTE FOR SYSTEMS BIOLOGY AND MEDICINE (RISBM),2016-09-06/2017-11-27,public,"fastq,run.zq,sra","gs,ncbi,s3","gs.us-east1,ncbi.public,s3.us-east-1",human population,human gut,stool,SRX27725537,Russia,Europe,Russia: Arkhangelsk,58.15743,26.25,Homo sapiens,Illumina MiSeq,64.31 N 40.32 E,KYH374421,PAIRED,PCR,METAGENOMIC,human gut metagenome,ILLUMINA,2025-03-07T00:00:00Z,2025-02-19T06:22:00Z,1,KYH374421,SRP564871
SRR32393217,AMPLICON,501,28865260,PRJNA1225157,SAMN46891155,"MIMS.me,MIGS/MIMS/MIMARKS.human-gut",17702982,RESEARCH INSTITUTE FOR SYSTEMS BIOLOGY AND MEDICINE (RISBM),2016-09-06/2017-11-27,public,"fastq,run.zq,sra","gs,ncbi,s3","gs.us-east1,ncbi.public,s3.us-east-1",human population,human gut,stool,SRX27725536,Russia,Europe,Russia: Arkhangelsk,51.50445,28.60544,Homo sapiens,Illumina MiSeq,64.31 N 40.32 E,KYH541256,PAIRED,PCR,METAGENOMIC,human gut metagenome,ILLUMINA,2025-03-07T00:00:00Z,2025-02-19T06:23:00Z,1,KYH541256,SRP564871
SRR32393218,AMPLICON,501,25101502,PRJNA1225157,SAMN46891154,"MIMS.me,MIGS/MIMS/MIMARKS.human-gut",14724257,RESEARCH INSTITUTE FOR SYSTEMS BIOLOGY AND MEDICINE (RISBM),2016-09-06/2017-11-27,public,"fastq,run.zq,sra","gs,ncbi,s3","gs.us-east1,ncbi.public,s3.us-east-1",human population,human gut,stool,SRX27725535,Russia,Europe,Russia: Arkhangelsk,68.90897,31.46828,Homo sapiens,Illumina MiSeq,64.31 N 40.32 E,KYH920938,PAIRED,PCR,METAGENOMIC,human gut metagenome,ILLUMINA,2025-03-07T00:00:00Z,2025-02-19T06:23:00Z,1,KYH920938,SRP564871
SRR32393219,AMPLICON,501,3481033,PRJNA1225157,SAMN46891153,"MIMS.me,MIGS/MIMS/MIMARKS.human-gut",2098000,RESEARCH INSTITUTE FOR SYSTEMS BIOLOGY AND MEDICINE (RISBM),2016-09-06/2017-11-27,public,"fastq,run.zq,sra","gs,ncbi,s3","gs.us-east1,ncbi.public,s3.us-east-1",human population,human gut,stool,SRX27725534,Russia,Europe,Russia: Arkhangelsk,60.05476,32.46333,Homo sapiens,Illumina MiSeq,64.31 N 40.32 E,KYH759272,PAIRED,PCR,METAGENOMIC,human gut metagenome,ILLUMINA,2025-03-07T00:00:00Z,2025-02-19T06:22:00Z,1,KYH759272,SRP564871
SRR32393220,AMPLICON,501,10478281,PRJNA1225157,SAMN46891152,"MIMS.me,MIGS/MIMS/MIMARKS.human-gut",6374535,RESEARCH INSTITUTE FOR SYSTEMS BIOLOGY AND MEDICINE (RISBM),2016-09-06/2017-11-27,public,"fastq,run.zq,sra","gs,ncbi,s3","gs.us-east1,ncbi.public,s3.us-east-1",human population,human gut,stool,SRX27725533,Russia,Europe,Russia: Arkhangelsk,63.58658,29.92884,Homo sapiens,Illumina MiSeq,64.31 N 40.32 E,KYH175421,PAIRED,PCR,METAGENOMIC,human gut metagenome,ILLUMINA,2025-03-07T00:00:00Z,2025-02-19T06:22:00Z,1,KYH175421,SRP564871
SRR32393221,AMPLICON,501,93655795,PRJNA1225157,SAMN46891151,"MIMS.me,MIGS/MIMS/MIMARKS.human-gut",53939098,RESEARCH INSTITUTE FOR SYSTEMS BIOLOGY AND MEDICINE (RISBM),2016-09-06/2017-11-27,public,"fastq,run.zq,sra","gs,ncbi,s3","gs.us-east1,ncbi.public,s3.us-east-1",human population,human gut,stool,SRX27725532,Russia,Europe,Russia: Arkhangelsk,53.57153,21.63511,Homo sapiens,Illumina MiSeq,64.31 N 40.32 E,KYH859452,PAIRED,PCR,METAGENOMIC,human gut metagenome,ILLUMINA,2025-03-07T00:00:00Z,2025-02-19T06:23:00Z,1,KYH859452,SRP564871
SRR32393222,AMPLICON,501,52051705,PRJNA1225157,SAMN46891150,"MIMS.me,MIGS/MIMS/MIMARKS.human-gut",31438971,RESEARCH INSTITUTE FOR SYSTEMS BIOLOGY AND MEDICINE (RISBM),2016-09-06/2017-11-27,public,"fastq,run.zq,sra","gs,ncbi,s3","gs.us-east1,ncbi.public,s3.us-east-1",human population,human gut,stool,SRX27725531,Russia,Europe,Russia: Arkhangelsk,68.52841,26.56556,Homo sapiens,Illumina MiSeq,64.31 N 40.32 E,KYH723101,PAIRED,PCR,METAGENOMIC,human gut metagenome,ILLUMINA,2025-03-07T00:00:00Z,2025-02-19T06:23:00Z,1,KYH723101,SRP564871
SRR32393223,AMPLICON,501,7328699,PRJNA1225157,SAMN46891149,"MIMS.me,MIGS/MIMS/MIMARKS.human-gut",4355377,RESEARCH INSTITUTE FOR SYSTEMS BIOLOGY AND MEDICINE (RISBM),2016-09-06/2017-11-27,public,"fastq,run.zq,sra","gs,ncbi,s3","gs.us-east1,ncbi.public,s3.us-east-1",human population,human gut,stool,SRX27725530,Russia,Europe,Russia: Arkhangelsk,59.95619,25.38703,Homo sapiens,Illumina MiSeq,64.31 N 40.32 E,KYH747010,PAIRED,PCR,METAGENOMIC,human gut metagenome,ILLUMINA,2025-03-07T00:00:00Z,2025-02-19T06:22:00Z,1,KYH747010,SRP564871
SRR32393224,AMPLICON,501,29935534,PRJNA1225157,SAMN46891148,"MIMS.me,MIGS/MIMS/MIMARKS.human-gut",17065970,RESEARCH INSTITUTE FOR SYSTEMS BIOLOGY AND MEDICINE (RISBM),2016-09-06/2017-11-27,public,"fastq,run.zq,sra","gs,ncbi,s3","gs.us-east1,ncbi.public,s3.us-east-1",human population,human gut,stool,SRX27725529,Russia,Europe,Russia: Arkhangelsk,47.0527,22.10792,Homo sapiens,Illumina MiSeq,64.31 N 40.32 E,KYH709212,PAIRED,PCR,METAGENOMIC,human gut metagenome,ILLUMINA,2025-03-07T00:00:00Z,2025-02-19T06:23:00Z,1,KYH709212,SRP564871
SRR32393225,AMPLICON,501,22586206,PRJNA1225157,SAMN46891061,"MIMS.me,MIGS/MIMS/MIMARKS.human-gut",13441154,RESEARCH INSTITUTE FOR SYSTEMS BIOLOGY AND MEDICINE (RISBM),2016-09-06/2017-11-27,public,"fastq,run.zq,sra","gs,ncbi,s3","gs.us-east1,ncbi.public,s3.us-east-1",human population,human gut,stool,SRX27725528,Russia,Europe,Russia: Arkhangelsk,67.12663,23.08615,Homo sapiens,Illumina MiSeq,64.31 N 40.32 E,KYH159303,PAIRED,PCR,METAGENOMIC,human gut metagenome,ILLUMINA,2025-03-07T00:00:00Z,2025-02-19T06:23:00Z,1,KYH159303,SRP564871
SRR32393226,AMPLICON,501,9683054,PRJNA1225157,SAMN46891060,"MIMS.me,MIGS/MIMS/MIMARKS.human-gut",5997762,RESEARCH INSTITUTE FOR SYSTEMS BIOLOGY AND MEDICINE (RISBM),2016-09-06/2017-11-27,public,"fastq,run.zq,sra","gs,ncbi,s3","gs.us-east1,ncbi.public,s3.us-east-1",human population,human gut,stool,SRX27725527,Russia,Europe,Russia: Arkhangelsk,48.20534,31.7482,Homo sapiens,Illumina MiSeq,64.31 N 40.32 E,KYH890863,PAIRED,PCR,METAGENOMIC,human gut metagenome,ILLUMINA,2025-03-07T00:00:00Z,2025-02-19T06:23:00Z,1,KYH890863,SRP564871
SRR32393227,AMPLICON,501,38601507,PRJNA1225157,SAMN46891059,"MIMS.me,MIGS/MIMS/MIMARKS.human-gut",22597929,RESEARCH INSTITUTE FOR SYSTEMS BIOLOGY AND MEDICINE (RISBM),2016-09-06/2017-11-27,public,"fastq,run.zq,sra","gs,ncbi,s3","gs.us-east1,ncbi.public,s3.us-east-1",human population,human gut,stool,SRX27725526,Russia,Europe,Russia: Arkhangelsk,49.88638,25.55508,Homo sapiens,Illumina MiSeq,64.31 N 40.32 E,KYH663380,PAIRED,PCR,METAGENOMIC,human gut metagenome,ILLUMINA,2025-03-07T00:00:00Z,2025-02-19T06:23:00Z,1,KYH663380,SRP564871
SRR32393228,AMPLICON,501,6322245,PRJNA1225157,SAMN46891058,"MIMS.me,MIGS/MIMS/MIMARKS.human-gut",3784239,RESEARCH INSTITUTE FOR SYSTEMS BIOLOGY AND MEDICINE (RISBM),2016-09-06/2017-11-27,public,"fastq,run.zq,sra","gs,ncbi,s3","gs.us-east1,ncbi.public,s3.us-east-1",human population,human gut,stool,SRX27725525,Russia,Europe,Russia: Arkhangelsk,39.48255,25.53997,Homo sapiens,Illumina MiSeq,64.31 N 40.32 E,KYH466586,PAIRED,PCR,METAGENOMIC,human gut metagenome,ILLUMINA,2025-03-07T00:00:00Z,2025-02-19T06:23:00Z,1,KYH466586,SRP564871
SRR32393229,AMPLICON,500,16484500,PRJNA1225157,SAMN46890581,"MIMS.me,MIGS/MIMS/MIMARKS.human-gut",9449735,RESEARCH INSTITUTE FOR SYSTEMS BIOLOGY AND MEDICINE (RISBM),2016-09-06/2017-11-27,public,"fastq,run.zq,sra","gs,ncbi,s3","gs.us-east1,ncbi.public,s3.us-east-1",human population,human gut,stool,SRX27725524,Russia,Europe,Russia: Arkhangelsk,62.56537,27.37999,Homo sapiens,Illumina MiSeq,64.31 N 40.32 E,KYH765734,PAIRED,PCR,METAGENOMIC,human gut metagenome,ILLUMINA,2025-03-07T00:00:00Z,2025-02-19T06:23:00Z,1,KYH765734,SRP564871
SRR32393230,AMPLICON,501,9791967,PRJNA1225157,SAMN46891057,"MIMS.me,MIGS/MIMS/MIMARKS.human-gut",6049935,RESEARCH INSTITUTE FOR SYSTEMS BIOLOGY AND MEDICINE (RISBM),2016-09-06/2017-11-27,public,"fastq,run.zq,sra","gs,ncbi,s3","gs.us-east1,ncbi.public,s3.us-east-1",human population,human gut,stool,SRX27725523,Russia,Europe,Russia: Arkhangelsk,62.58453,26.20914,Homo sapiens,Illumina MiSeq,64.31 N 40.32 E,KYH419175,PAIRED,PCR,METAGENOMIC,human gut metagenome,ILLUMINA,2025-03-07T00:00:00Z,2025-02-19T06:22:00Z,1,KYH419175,SRP564871
SRR32393231,AMPLICON,501,18467042,PRJNA1225157,SAMN46891056,"MIMS.me,MIGS/MIMS/MIMARKS.human-gut",11358579,RESEARCH INSTITUTE FOR SYSTEMS BIOLOGY AND MEDICINE (RISBM),2016-09-06/2017-11-27,public,"fastq,run.zq,sra","gs,ncbi,s3","gs.us-east1,ncbi.public,s3.us-east-1",human population,human gut,stool,SRX27725522,Russia,Europe,Russia: Arkhangelsk,64.53388,22.70094,Homo sapiens,Illumina MiSeq,64.31 N 40.32 E,KYH783126,PAIRED,PCR,METAGENOMIC,human gut metagenome,ILLUMINA,2025-03-07T00:00:00Z,2025-02-19T06:23:00Z,1,KYH783126,SRP564871
SRR32393232,AMPLICON,501,8571409,PRJNA1225157,SAMN46891055,"MIMS.me,MIGS/MIMS/MIMARKS.human-gut",4809572,RESEARCH INSTITUTE FOR SYSTEMS BIOLOGY AND MEDICINE (RISBM),2016-09-06/2017-11-27,public,"fastq,run.zq,sra","gs,ncbi,s3","gs.us-east1,ncbi.public,s3.us-east-1",human population,human gut,stool,SRX27725521,Russia,Europe,Russia: Arkhangelsk,56.06571,18.27421,Homo sapiens,Illumina MiSeq,64.31 N 40.32 E,KYH960187,PAIRED,PCR,METAGENOMIC,human gut metagenome,ILLUMINA,2025-03-07T00:00:00Z,2025-02-19T06:23:00Z,1,KYH960187,SRP564871
SRR32393233,AMPLICON,501,13342256,PRJNA1225157,SAMN46891054,"MIMS.me,MIGS/MIMS/MIMARKS.human-gut",8396895,RESEARCH INSTITUTE FOR SYSTEMS BIOLOGY AND MEDICINE (RISBM),2016-09-06/2017-11-27,public,"fastq,run.zq,sra","gs,ncbi,s3","gs.us-east1,ncbi.public,s3.us-east-1",human population,human gut,stool,SRX27725520,Russia,Europe,Russia: Arkhangelsk,48.58316,28.41693,Homo sapiens,Illumina MiSeq,64.31 N 40.32 E,KYH283208,PAIRED,PCR,METAGENOMIC,human gut metagenome,ILLUMINA,2025-03-07T00:00:00Z,2025-02-19T06:22:00Z,1,KYH283208,SRP564871
SRR32393234,AMPLICON,501,12169787,PRJNA1225157,SAMN46891053,"MIMS.me,MIGS/MIMS/MIMARKS.human-gut",7409693,RESEARCH INSTITUTE FOR SYSTEMS BIOLOGY AND MEDICINE (RISBM),2016-09-06/2017-11-27,public,"fastq,run.zq,sra","gs,ncbi,s3","gs.us-east1,ncbi.public,s3.us-east-1",human population,human gut,stool,SRX27725519,Russia,Europe,Russia: Arkhangelsk,65.11978,24.35325,Homo sapiens,Illumina MiSeq,64.31 N 40.32 E,KYH974700,PAIRED,PCR,METAGENOMIC,human gut metagenome,ILLUMINA,2025-03-07T00:00:00Z,2025-02-19T06:23:00Z,1,KYH974700,SRP564871
SRR32393235,AMPLICON,501,9327622,PRJNA1225157,SAMN46891052,"MIMS.me,MIGS/MIMS/MIMARKS.human-gut",5363881,RESEARCH INSTITUTE FOR SYSTEMS BIOLOGY AND MEDICINE (RISBM),2016-09-06/2017-11-27,public,"fastq,run.zq,sra","gs,ncbi,s3","gs.us-east1,ncbi.public,s3.us-east-1",human population,human gut,stool,SRX27725518,Russia,Europe,Russia: Arkhangelsk,38.09446,17.84295,Homo sapiens,Illumina MiSeq,64.31 N 40.32 E,KYH563008,PAIRED,PCR,METAGENOMIC,human gut metagenome,ILLUMINA,2025-03-07T00:00:00Z,2025-02-19T06:23:00Z,1,KYH563008,SRP564871
SRR32393236,AMPLICON,501,19698780,PRJNA1225157,SAMN46891051,"MIMS.me,MIGS/MIMS/MIMARKS.human-gut",11401005,RESEARCH INSTITUTE FOR SYSTEMS BIOLOGY AND MEDICINE (RISBM),2016-09-06/2017-11-27,public,"fastq,run.zq,sra","gs,ncbi,s3","gs.us-east1,ncbi.public,s3.us-east-1",human population,human gut,stool,SRX27725517,Russia,Europe,Russia: Arkhangelsk,61.65366,30.99278,Homo sapiens,Illumina MiSeq,64.31 N 40.32 E,KYH440630,PAIRED,PCR,METAGENOMIC,human gut metagenome,ILLUMINA,2025-03-07T00:00:00Z,2025-02-19T06:23:00Z,1,KYH440630,SRP564871
SRR32393237,AMPLICON,501,20484499,PRJNA1225157,SAMN46891050,"MIMS.me,MIGS/MIMS/MIMARKS.human-gut",12232726,RESEARCH INSTITUTE FOR SYSTEMS BIOLOGY AND MEDICINE (RISBM),2016-09-06/2017-11-27,public,"fastq,run.zq,sra","gs,ncbi,s3","gs.us-east1,ncbi.public,s3.us-east-1",human population,human gut,stool,SRX27725516,Russia,Europe,Russia: Arkhangelsk,56.01643,32.74084,Homo sapiens,Illumina MiSeq,64.31 N 40.32 E,KYH579375,PAIRED,PCR,METAGENOMIC,human gut metagenome,ILLUMINA,2025-03-07T00:00:00Z,2025-02-19T06:23:00Z,1,KYH579375,SRP564871
SRR32393238,AMPLICON,501,13280069,PRJNA1225157,SAMN46891049,"MIMS.me,MIGS/MIMS/MIMARKS.human-gut",7674166,RESEARCH INSTITUTE FOR SYSTEMS BIOLOGY AND MEDICINE (RISBM),2016-09-06/2017-11-27,public,"fastq,run.zq,sra","gs,ncbi,s3","gs.us-east1,ncbi.public,s3.us-east-1",human population,human gut,stool,SRX27725515,Russia,Europe,Russia: Arkhangelsk,49.86995,31.86239,Homo sapiens,Illumina MiSeq,64.31 N 40.32 E,KYH955795,PAIRED,PCR,METAGENOMIC,human gut metagenome,ILLUMINA,2025-03-07T00:00:00Z,2025-02-19T06:23:00Z,1,KYH955795,SRP564871
SRR32393239,AMPLICON,501,22857173,PRJNA1225157,SAMN46891048,"MIMS.me,MIGS/MIMS/MIMARKS.human-gut",13796945,RESEARCH INSTITUTE FOR SYSTEMS BIOLOGY AND MEDICINE (RISBM),2016-09-06/2017-11-27,public,"fastq,run.zq,sra","gs,ncbi,s3","gs.us-east1,ncbi.public,s3.us-east-1",human population,human gut,stool,SRX27725514,Russia,Europe,Russia: Arkhangelsk,58.74059,26.42342,Homo sapiens,Illumina MiSeq,64.31 N 40.32 E,KYH711150,PAIRED,PCR,METAGENOMIC,human gut metagenome,ILLUMINA,2025-03-07T00:00:00Z,2025-02-19T06:23:00Z,1,KYH711150,SRP564871
SRR32393240,AMPLICON,500,11559000,PRJNA1225157,SAMN46890580,"MIMS.me,MIGS/MIMS/MIMARKS.human-gut",6743638,RESEARCH INSTITUTE FOR SYSTEMS BIOLOGY AND MEDICINE (RISBM),2016-09-06/2017-11-27,public,"fastq,run.zq,sra","gs,ncbi,s3","gs.us-east1,ncbi.public,s3.us-east-1",human population,human gut,stool,SRX27725513,Russia,Europe,Russia: Arkhangelsk,45.36619,22.64129,Homo sapiens,Illumina MiSeq,64.31 N 40.32 E,KYH249911,PAIRED,PCR,METAGENOMIC,human gut metagenome,ILLUMINA,2025-03-07T00:00:00Z,2025-02-19T06:23:00Z,1,KYH249911,SRP564871
SRR32393241,AMPLICON,501,5291004,PRJNA1225157,SAMN46891047,"MIMS.me,MIGS/MIMS/MIMARKS.human-gut",3001510,RESEARCH INSTITUTE FOR SYSTEMS BIOLOGY AND MEDICINE (RISBM),2016-09-06/2017-11-27,public,"fastq,run.zq,sra","gs,ncbi,s3","gs.us-east1,ncbi.public,s3.us-east-1",human population,human gut,stool,SRX27725512,Russia,Europe,Russia: Arkhangelsk,68.39699,24.62988,Homo sapiens,Illumina MiSeq,64.31 N 40.32 E,KYH861856,PAIRED,PCR,METAGENOMIC,human gut metagenome,ILLUMINA,2025-03-07T00:00:00Z,2025-02-19T06:23:00Z,1,KYH861856,SRP564871
SRR32393242,AMPLICON,501,24105945,PRJNA1225157,SAMN46891046,"MIMS.me,MIGS/MIMS/MIMARKS.human-gut",13758859,RESEARCH INSTITUTE FOR SYSTEMS BIOLOGY AND MEDICINE (RISBM),2016-09-06/2017-11-27,public,"fastq,run.zq,sra","gs,ncbi,s3","gs.us-east1,ncbi.public,s3.us-east-1",human population,human gut,stool,SRX27725511,Russia,Europe,Russia: Arkhangelsk,43.17864,28.11765,Homo sapiens,Illumina MiSeq,64.31 N 40.32 E,KYH199286,PAIRED,PCR,METAGENOMIC,human gut metagenome,ILLUMINA,2025-03-07T00:00:00Z,2025-02-19T06:23:00Z,1,KYH199286,SRP564871
SRR32393243,AMPLICON,501,14530427,PRJNA1225157,SAMN46891045,"MIMS.me,MIGS/MIMS/MIMARKS.human-gut",8726280,RESEARCH INSTITUTE FOR SYSTEMS BIOLOGY AND MEDICINE (RISBM),2016-09-06/2017-11-27,public,"fastq,run.zq,sra","gs,ncbi,s3","gs.us-east1,ncbi.public,s3.us-east-1",human population,human gut,stool,SRX27725510,Russia,Europe,Russia: Arkhangelsk,64.55031,34.87304,Homo sapiens,Illumina MiSeq,64.31 N 40.32 E,KYH199747,PAIRED,PCR,METAGENOMIC,human gut metagenome,ILLUMINA,2025-03-07T00:00:00Z,2025-02-19T06:23:00Z,1,KYH199747,SRP564871
SRR32393244,AMPLICON,501,13464255,PRJNA1225157,SAMN46891044,"MIMS.me,MIGS/MIMS/MIMARKS.human-gut",8137365,RESEARCH INSTITUTE FOR SYSTEMS BIOLOGY AND MEDICINE (RISBM),2016-09-06/2017-11-27,public,"fastq,run.zq,sra","gs,ncbi,s3","gs.us-east1,ncbi.public,s3.us-east-1",human population,human gut,stool,SRX27725509,Russia,Europe,Russia: Arkhangelsk,64.77481,26.69416,Homo sapiens,Illumina MiSeq,64.31 N 40.32 E,KYH101206,PAIRED,PCR,METAGENOMIC,human gut metagenome,ILLUMINA,2025-03-07T00:00:00Z,2025-02-19T06:23:00Z,1,KYH101206,SRP564871
SRR32393245,AMPLICON,501,38794562,PRJNA1225157,SAMN46891043,"MIMS.me,MIGS/MIMS/MIMARKS.human-gut",21862081,RESEARCH INSTITUTE FOR SYSTEMS BIOLOGY AND MEDICINE (RISBM),2016-09-06/2017-11-27,public,"fastq,run.zq,sra","gs,ncbi,s3","gs.us-east1,ncbi.public,s3.us-east-1",human population,human gut,stool,SRX27725508,Russia,Europe,Russia: Arkhangelsk,50.97057,23.81207,Homo sapiens,Illumina MiSeq,64.31 N 40.32 E,KYH690920,PAIRED,PCR,METAGENOMIC,human gut metagenome,ILLUMINA,2025-03-07T00:00:00Z,2025-02-19T06:23:00Z,1,KYH690920,SRP564871
SRR32393246,AMPLICON,501,10435465,PRJNA1225157,SAMN46891042,"MIMS.me,MIGS/MIMS/MIMARKS.human-gut",6064403,RESEARCH INSTITUTE FOR SYSTEMS BIOLOGY AND MEDICINE (RISBM),2016-09-06/2017-11-27,public,"fastq,run.zq,sra","gs,ncbi,s3","gs.us-east1,ncbi.public,s3.us-east-1",human population,human gut,stool,SRX27725507,Russia,Europe,Russia: Arkhangelsk,63.87132,28.32396,Homo sapiens,Illumina MiSeq,64.31 N 40.32 E,KYH842492,PAIRED,PCR,METAGENOMIC,human gut metagenome,ILLUMINA,2025-03-07T00:00:00Z,2025-02-19T06:23:00Z,1,KYH842492,SRP564871
SRR32393247,AMPLICON,501,18052461,PRJNA1225157,SAMN46891041,"MIMS.me,MIGS/MIMS/MIMARKS.human-gut",10524241,RESEARCH INSTITUTE FOR SYSTEMS BIOLOGY AND MEDICINE (RISBM),2016-09-06/2017-11-27,public,"fastq,run.zq,sra","gs,ncbi,s3","gs.us-east1,ncbi.public,s3.us-east-1",human population,human gut,stool,SRX27725506,Russia,Europe,Russia: Arkhangelsk,62.26694,28.5202,Homo sapiens,Illumina MiSeq,64.31 N 40.32 E,KYH758119,PAIRED,PCR,METAGENOMIC,human gut metagenome,ILLUMINA,2025-03-07T00:00:00Z,2025-02-19T06:23:00Z,1,KYH758119,SRP564871
SRR32393248,AMPLICON,501,9402190,PRJNA1225157,SAMN46891040,"MIMS.me,MIGS/MIMS/MIMARKS.human-gut",5984495,RESEARCH INSTITUTE FOR SYSTEMS BIOLOGY AND MEDICINE (RISBM),2016-09-06/2017-11-27,public,"fastq,run.zq,sra","gs,ncbi,s3","gs.us-east1,ncbi.public,s3.us-east-1",human population,human gut,stool,SRX27725505,Russia,Europe,Russia: Arkhangelsk,67.44969,33.80699,Homo sapiens,Illumina MiSeq,64.31 N 40.32 E,KYH280092,PAIRED,PCR,METAGENOMIC,human gut metagenome,ILLUMINA,2025-03-07T00:00:00Z,2025-02-19T06:23:00Z,1,KYH280092,SRP564871
SRR32393249,AMPLICON,501,20053314,PRJNA1225157,SAMN46891039,"MIMS.me,MIGS/MIMS/MIMARKS.human-gut",11580147,RESEARCH INSTITUTE FOR SYSTEMS BIOLOGY AND MEDICINE (RISBM),2016-09-06/2017-11-27,public,"fastq,run.zq,sra","gs,ncbi,s3","gs.us-east1,ncbi.public,s3.us-east-1",human population,human gut,stool,SRX27725504,Russia,Europe,Russia: Arkhangelsk,57.16632,34.42857,Homo sapiens,Illumina MiSeq,64.31 N 40.32 E,KYH873235,PAIRED,PCR,METAGENOMIC,human gut metagenome,ILLUMINA,2025-03-07T00:00:00Z,2025-02-19T06:23:00Z,1,KYH873235,SRP564871
SRR32393250,AMPLICON,501,16750583,PRJNA1225157,SAMN46891038,"MIMS.me,MIGS/MIMS/MIMARKS.human-gut",10313153,RESEARCH INSTITUTE FOR SYSTEMS BIOLOGY AND MEDICINE (RISBM),2016-09-06/2017-11-27,public,"fastq,run.zq,sra","gs,ncbi,s3","gs.us-east1,ncbi.public,s3.us-east-1",human population,human gut,stool,SRX27725503,Russia,Europe,Russia: Arkhangelsk,62.22313,28.24768,Homo sapiens,Illumina MiSeq,64.31 N 40.32 E,KYH776054,PAIRED,PCR,METAGENOMIC,human gut metagenome,ILLUMINA,2025-03-07T00:00:00Z,2025-02-19T06:23:00Z,1,KYH776054,SRP564871
SRR32393251,AMPLICON,500,16876500,PRJNA1225157,SAMN46890579,"MIMS.me,MIGS/MIMS/MIMARKS.human-gut",9744845,RESEARCH INSTITUTE FOR SYSTEMS BIOLOGY AND MEDICINE (RISBM),2016-09-06/2017-11-27,public,"fastq,run.zq,sra","gs,ncbi,s3","gs.us-east1,ncbi.public,s3.us-east-1",human population,human gut,stool,SRX27725502,Russia,Europe,Russia: Arkhangelsk,39.86311,27.16434,Homo sapiens,Illumina MiSeq,64.31 N 40.32 E,KYH272613,PAIRED,PCR,METAGENOMIC,human gut metagenome,ILLUMINA,2025-03-07T00:00:00Z,2025-02-19T06:23:00Z,1,KYH272613,SRP564871
SRR32393252,AMPLICON,501,7263493,PRJNA1225157,SAMN46891037,"MIMS.me,MIGS/MIMS/MIMARKS.human-gut",4505171,RESEARCH INSTITUTE FOR SYSTEMS BIOLOGY AND MEDICINE (RISBM),2016-09-06/2017-11-27,public,"fastq,run.zq,sra","gs,ncbi,s3","gs.us-east1,ncbi.public,s3.us-east-1",human population,human gut,stool,SRX27725501,Russia,Europe,Russia: Arkhangelsk,60.83778,24.84436,Homo sapiens,Illumina MiSeq,64.31 N 40.32 E,KYH866045,PAIRED,PCR,METAGENOMIC,human gut metagenome,ILLUMINA,2025-03-07T00:00:00Z,2025-02-19T06:23:00Z,1,KYH866045,SRP564871
SRR32393253,AMPLICON,501,1885552,PRJNA1225157,SAMN46891036,"MIMS.me,MIGS/MIMS/MIMARKS.human-gut",1275467,RESEARCH INSTITUTE FOR SYSTEMS BIOLOGY AND MEDICINE (RISBM),2016-09-06/2017-11-27,public,"fastq,run.zq,sra","gs,ncbi,s3","gs.us-east1,ncbi.public,s3.us-east-1",human population,human gut,stool,SRX27725500,Russia,Europe,Russia: Arkhangelsk,65.67009,24.50404,Homo sapiens,Illumina MiSeq,64.31 N 40.32 E,KYH973429,PAIRED,PCR,METAGENOMIC,human gut metagenome,ILLUMINA,2025-03-07T00:00:00Z,2025-02-19T06:22:00Z,1,KYH973429,SRP564871
SRR32393254,AMPLICON,501,16099770,PRJNA1225157,SAMN46891035,"MIMS.me,MIGS/MIMS/MIMARKS.human-gut",10174115,RESEARCH INSTITUTE FOR SYSTEMS BIOLOGY AND MEDICINE (RISBM),2016-09-06/2017-11-27,public,"fastq,run.zq,sra","gs,ncbi,s3","gs.us-east1,ncbi.public,s3.us-east-1",human population,human gut,stool,SRX27725499,Russia,Europe,Russia: Arkhangelsk,42.72964,30.87759,Homo sapiens,Illumina MiSeq,64.31 N 40.32 E,KYH658912,PAIRED,PCR,METAGENOMIC,human gut metagenome,ILLUMINA,2025-03-07T00:00:00Z,2025-02-19T06:23:00Z,1,KYH658912,SRP564871
SRR32393255,AMPLICON,501,2326540,PRJNA1225157,SAMN46891034,"MIMS.me,MIGS/MIMS/MIMARKS.human-gut",1512793,RESEARCH INSTITUTE FOR SYSTEMS BIOLOGY AND MEDICINE (RISBM),2016-09-06/2017-11-27,public,"fastq,run.zq,sra","gs,ncbi,s3","gs.us-east1,ncbi.public,s3.us-east-1",human population,human gut,stool,SRX27725498,Russia,Europe,Russia: Arkhangelsk,62.28611,30.79994,Homo sapiens,Illumina MiSeq,64.31 N 40.32 E,KYH464603,PAIRED,PCR,METAGENOMIC,human gut metagenome,ILLUMINA,2025-03-07T00:00:00Z,2025-02-19T06:23:00Z,1,KYH464603,SRP564871
SRR32393256,AMPLICON,501,8879002,PRJNA1225157,SAMN46891033,"MIMS.me,MIGS/MIMS/MIMARKS.human-gut",5501508,RESEARCH INSTITUTE FOR SYSTEMS BIOLOGY AND MEDICINE (RISBM),2016-09-06/2017-11-27,public,"fastq,run.zq,sra","gs,ncbi,s3","gs.us-east1,ncbi.public,s3.us-east-1",human population,human gut,stool,SRX27725497,Russia,Europe,Russia: Arkhangelsk,70.08898,26.83956,Homo sapiens,Illumina MiSeq,64.31 N 40.32 E,KYH802680,PAIRED,PCR,METAGENOMIC,human gut metagenome,ILLUMINA,2025-03-07T00:00:00Z,2025-02-19T06:23:00Z,1,KYH802680,SRP564871
SRR32393257,AMPLICON,501,19487864,PRJNA1225157,SAMN46890975,"MIMS.me,MIGS/MIMS/MIMARKS.human-gut",12573992,RESEARCH INSTITUTE FOR SYSTEMS BIOLOGY AND MEDICINE (RISBM),2016-09-06/2017-11-27,public,"fastq,run.zq,sra","gs,ncbi,s3","gs.us-east1,ncbi.public,s3.us-east-1",human population,human gut,stool,SRX27725496,Russia,Europe,Russia: Arkhangelsk,60.23819,28.99911,Homo sapiens,Illumina MiSeq,64.31 N 40.32 E,KYH352310,PAIRED,PCR,METAGENOMIC,human gut metagenome,ILLUMINA,2025-03-07T00:00:00Z,2025-02-19T06:23:00Z,1,KYH352310,SRP564871
SRR32393258,AMPLICON,501,12114543,PRJNA1225157,SAMN46890974,"MIMS.me,MIGS/MIMS/MIMARKS.human-gut",8056063,RESEARCH INSTITUTE FOR SYSTEMS BIOLOGY AND MEDICINE (RISBM),2016-09-06/2017-11-27,public,"fastq,run.zq,sra","gs,ncbi,s3","gs.us-east1,ncbi.public,s3.us-east-1",human population,human gut,stool,SRX27725495,Russia,Europe,Russia: Arkhangelsk,64.47639,34.48976,Homo sapiens,Illumina MiSeq,64.31 N 40.32 E,KYH631530,PAIRED,PCR,METAGENOMIC,human gut metagenome,ILLUMINA,2025-03-07T00:00:00Z,2025-02-19T06:23:00Z,1,KYH631530,SRP564871
SRR32393259,AMPLICON,501,7762292,PRJNA1225157,SAMN46890973,"MIMS.me,MIGS/MIMS/MIMARKS.human-gut",4982227,RESEARCH INSTITUTE FOR SYSTEMS BIOLOGY AND MEDICINE (RISBM),2016-09-06/2017-11-27,public,"fastq,run.zq,sra","gs,ncbi,s3","gs.us-east1,ncbi.public,s3.us-east-1",human population,human gut,stool,SRX27725494,Russia,Europe,Russia: Arkhangelsk,42.07803,20.3094,Homo sapiens,Illumina MiSeq,64.31 N 40.32 E,KYH509342,PAIRED,PCR,METAGENOMIC,human gut metagenome,ILLUMINA,2025-03-07T00:00:00Z,2025-02-19T06:23:00Z,1,KYH509342,SRP564871
SRR32393260,AMPLICON,501,6967212,PRJNA1225157,SAMN46890972,"MIMS.me,MIGS/MIMS/MIMARKS.human-gut",4628721,RESEARCH INSTITUTE FOR SYSTEMS BIOLOGY AND MEDICINE (RISBM),2016-09-06/2017-11-27,public,"fastq,run.zq,sra","gs,ncbi,s3","gs.us-east1,ncbi.public,s3.us-east-1",human population,human gut,stool,SRX27725493,Russia,Europe,Russia: Arkhangelsk,65.86174,31.14534,Homo sapiens,Illumina MiSeq,64.31 N 40.32 E,KYH716362,PAIRED,PCR,METAGENOMIC,human gut metagenome,ILLUMINA,2025-03-07T00:00:00Z,2025-02-19T06:23:00Z,1,KYH716362,SRP564871
SRR32393261,AMPLICON,501,17852856,PRJNA1225157,SAMN46890971,"MIMS.me,MIGS/MIMS/MIMARKS.human-gut",11409295,RESEARCH INSTITUTE FOR SYSTEMS BIOLOGY AND MEDICINE (RISBM),2016-09-06/2017-11-27,public,"fastq,run.zq,sra","gs,ncbi,s3","gs.us-east1,ncbi.public,s3.us-east-1",human population,human gut,stool,SRX27725492,Russia,Europe,Russia: Arkhangelsk,51.38672,26.45095,Homo sapiens,Illumina MiSeq,64.31 N 40.32 E,KYH217478,PAIRED,PCR,METAGENOMIC,human gut metagenome,ILLUMINA,2025-03-07T00:00:00Z,2025-02-19T06:23:00Z,1,KYH217478,SRP564871
SRR32393262,AMPLICON,501,19556426,PRJNA1225157,SAMN46890970,"MIMS.me,MIGS/MIMS/MIMARKS.human-gut",12100853,RESEARCH INSTITUTE FOR SYSTEMS BIOLOGY AND MEDICINE (RISBM),2016-09-06/2017-11-27,public,"fastq,run.zq,sra","gs,ncbi,s3","gs.us-east1,ncbi.public,s3.us-east-1",human population,human gut,stool,SRX27725491,Russia,Europe,Russia: Arkhangelsk,56.7447,31.04759,Homo sapiens,Illumina MiSeq,64.31 N 40.32 E,KYH206306,PAIRED,PCR,METAGENOMIC,human gut metagenome,ILLUMINA,2025-03-07T00:00:00Z,2025-02-19T06:23:00Z,1,KYH206306,SRP564871
SRR32393263,AMPLICON,501,17579095,PRJNA1225157,SAMN46890969,"MIMS.me,MIGS/MIMS/MIMARKS.human-gut",11307701,RESEARCH INSTITUTE FOR SYSTEMS BIOLOGY AND MEDICINE (RISBM),2016-09-06/2017-11-27,public,"fastq,run.zq,sra","gs,ncbi,s3","gs.us-east1,ncbi.public,s3.us-east-1",human population,human gut,stool,SRX27725490,Russia,Europe,Russia: Arkhangelsk,39.97262,25.74661,Homo sapiens,Illumina MiSeq,64.31 N 40.32 E,KYH964730,PAIRED,PCR,METAGENOMIC,human gut metagenome,ILLUMINA,2025-03-07T00:00:00Z,2025-02-19T06:23:00Z,1,KYH964730,SRP564871
SRR32393264,AMPLICON,501,12602966,PRJNA1225157,SAMN46890968,"MIMS.me,MIGS/MIMS/MIMARKS.human-gut",8496872,RESEARCH INSTITUTE FOR SYSTEMS BIOLOGY AND MEDICINE (RISBM),2016-09-06/2017-11-27,public,"fastq,run.zq,sra","gs,ncbi,s3","gs.us-east1,ncbi.public,s3.us-east-1",human population,human gut,stool,SRX27725489,Russia,Europe,Russia: Arkhangelsk,53.3306,25.95121,Homo sapiens,Illumina MiSeq,64.31 N 40.32 E,KYH578258,PAIRED,PCR,METAGENOMIC,human gut metagenome,ILLUMINA,2025-03-07T00:00:00Z,2025-02-19T06:23:00Z,1,KYH578258,SRP564871
SRR32393265,AMPLICON,500,14255500,PRJNA1225157,SAMN46890572,"MIMS.me,MIGS/MIMS/MIMARKS.human-gut",8289729,RESEARCH INSTITUTE FOR SYSTEMS BIOLOGY AND MEDICINE (RISBM),2016-09-06/2017-11-27,public,"fastq,run.zq,sra","gs,ncbi,s3","gs.us-east1,ncbi.public,s3.us-east-1",human population,human gut,stool,SRX27725488,Russia,Europe,Russia: Arkhangelsk,63.50992,27.85077,Homo sapiens,Illumina MiSeq,64.31 N 40.32 E,KYH849923,PAIRED,PCR,METAGENOMIC,human gut metagenome,ILLUMINA,2025-03-07T00:00:00Z,2025-02-19T06:23:00Z,1,KYH849923,SRP564871
SRR32393266,AMPLICON,501,10602160,PRJNA1225157,SAMN46890967,"MIMS.me,MIGS/MIMS/MIMARKS.human-gut",6741882,RESEARCH INSTITUTE FOR SYSTEMS BIOLOGY AND MEDICINE (RISBM),2016-09-06/2017-11-27,public,"run.zq,sra,fastq","gs,ncbi,s3","gs.us-east1,ncbi.public,s3.us-east-1",human population,human gut,stool,SRX27725487,Russia,Europe,Russia: Arkhangelsk,60.52841,20.61917,Homo sapiens,Illumina MiSeq,64.31 N 40.32 E,KYH918118,PAIRED,PCR,METAGENOMIC,human gut metagenome,ILLUMINA,2025-03-07T00:00:00Z,2025-02-19T06:23:00Z,1,KYH918118,SRP564871
SRR32393267,AMPLICON,501,17252775,PRJNA1225157,SAMN46890966,"MIMS.me,MIGS/MIMS/MIMARKS.human-gut",10535622,RESEARCH INSTITUTE FOR SYSTEMS BIOLOGY AND MEDICINE (RISBM),2016-09-06/2017-11-27,public,"fastq,run.zq,sra","gs,ncbi,s3","gs.us-east1,ncbi.public,s3.us-east-1",human population,human gut,stool,SRX27725486,Russia,Europe,Russia: Arkhangelsk,62.68583,28.58128,Homo sapiens,Illumina MiSeq,64.31 N 40.32 E,KYH304466,PAIRED,PCR,METAGENOMIC,human gut metagenome,ILLUMINA,2025-03-07T00:00:00Z,2025-02-19T06:23:00Z,1,KYH304466,SRP564871
SRR32393268,AMPLICON,501,17678360,PRJNA1225157,SAMN46890965,"MIMS.me,MIGS/MIMS/MIMARKS.human-gut",11317637,RESEARCH INSTITUTE FOR SYSTEMS BIOLOGY AND MEDICINE (RISBM),2016-09-06/2017-11-27,public,"fastq,run.zq,sra","gs,ncbi,s3","gs.us-east1,ncbi.public,s3.us-east-1",human population,human gut,stool,SRX27725485,Russia,Europe,Russia: Arkhangelsk,58.49692,25.15958,Homo sapiens,Illumina MiSeq,64.31 N 40.32 E,KYH345884,PAIRED,PCR,METAGENOMIC,human gut metagenome,ILLUMINA,2025-03-07T00:00:00Z,2025-02-19T06:23:00Z,1,KYH345884,SRP564871
SRR32393269,AMPLICON,501,32290705,PRJNA1225157,SAMN46890964,"MIMS.me,MIGS/MIMS/MIMARKS.human-gut",20347354,RESEARCH INSTITUTE FOR SYSTEMS BIOLOGY AND MEDICINE (RISBM),2016-09-06/2017-11-27,public,"fastq,run.zq,sra","gs,ncbi,s3","gs.us-east1,ncbi.public,s3.us-east-1",human population,human gut,stool,SRX27725484,Russia,Europe,Russia: Arkhangelsk,65.21834,28.24768,Homo sapiens,Illumina MiSeq,64.31 N 40.32 E,KYH288109,PAIRED,PCR,METAGENOMIC,human gut metagenome,ILLUMINA,2025-03-07T00:00:00Z,2025-02-19T06:23:00Z,1,KYH288109,SRP564871
SRR32393270,AMPLICON,501,23103162,PRJNA1225157,SAMN46890963,"MIMS.me,MIGS/MIMS/MIMARKS.human-gut",14905753,RESEARCH INSTITUTE FOR SYSTEMS BIOLOGY AND MEDICINE (RISBM),2016-09-06/2017-11-27,public,"fastq,run.zq,sra","gs,ncbi,s3","gs.us-east1,ncbi.public,s3.us-east-1",human population,human gut,stool,SRX27725483,Russia,Europe,Russia: Arkhangelsk,63.66051,39.59589,Homo sapiens,Illumina MiSeq,64.31 N 40.32 E,KYH715560,PAIRED,PCR,METAGENOMIC,human gut metagenome,ILLUMINA,2025-03-07T00:00:00Z,2025-02-19T06:23:00Z,1,KYH715560,SRP564871
SRR32393271,AMPLICON,501,11548177,PRJNA1225157,SAMN46890962,"MIMS.me,MIGS/MIMS/MIMARKS.human-gut",7564191,RESEARCH INSTITUTE FOR SYSTEMS BIOLOGY AND MEDICINE (RISBM),2016-09-06/2017-11-27,public,"fastq,run.zq,sra","gs,ncbi,s3","gs.us-east1,ncbi.public,s3.us-east-1",human population,human gut,stool,SRX27725482,Russia,Europe,Russia: Arkhangelsk,46.32991,33.47661,Homo sapiens,Illumina MiSeq,64.31 N 40.32 E,KYH889779,PAIRED,PCR,METAGENOMIC,human gut metagenome,ILLUMINA,2025-03-07T00:00:00Z,2025-02-19T06:23:00Z,1,KYH889779,SRP564871
SRR32393272,AMPLICON,501,27270155,PRJNA1225157,SAMN46890961,"MIMS.me,MIGS/MIMS/MIMARKS.human-gut",17225971,RESEARCH INSTITUTE FOR SYSTEMS BIOLOGY AND MEDICINE (RISBM),2016-09-06/2017-11-27,public,"fastq,run.zq,sra","gs,ncbi,s3","gs.us-east1,ncbi.public,s3.us-east-1",human population,human gut,stool,SRX27725481,Russia,Europe,Russia: Arkhangelsk,60.85421,28.2798,Homo sapiens,Illumina MiSeq,64.31 N 40.32 E,KYH428060,PAIRED,PCR,METAGENOMIC,human gut metagenome,ILLUMINA,2025-03-07T00:00:00Z,2025-02-19T06:23:00Z,1,KYH428060,SRP564871
SRR32393273,AMPLICON,501,9617116,PRJNA1225157,SAMN46890960,"MIMS.me,MIGS/MIMS/MIMARKS.human-gut",6176271,RESEARCH INSTITUTE FOR SYSTEMS BIOLOGY AND MEDICINE (RISBM),2016-09-06/2017-11-27,public,"fastq,run.zq,sra","gs,ncbi,s3","gs.us-east1,ncbi.public,s3.us-east-1",human population,human gut,stool,SRX27725480,Russia,Europe,Russia: Arkhangelsk,44.84873,34.57064,Homo sapiens,Illumina MiSeq,64.31 N 40.32 E,KYH898352,PAIRED,PCR,METAGENOMIC,human gut metagenome,ILLUMINA,2025-03-07T00:00:00Z,2025-02-19T06:23:00Z,1,KYH898352,SRP564871
SRR32393274,AMPLICON,501,16225195,PRJNA1225157,SAMN46890959,"MIMS.me,MIGS/MIMS/MIMARKS.human-gut",10618393,RESEARCH INSTITUTE FOR SYSTEMS BIOLOGY AND MEDICINE (RISBM),2016-09-06/2017-11-27,public,"fastq,run.zq,sra","gs,ncbi,s3","gs.us-east1,ncbi.public,s3.us-east-1",human population,human gut,stool,SRX27725479,Russia,Europe,Russia: Arkhangelsk,53.25667,26.01544,Homo sapiens,Illumina MiSeq,64.31 N 40.32 E,KYH411668,PAIRED,PCR,METAGENOMIC,human gut metagenome,ILLUMINA,2025-03-07T00:00:00Z,2025-02-19T06:23:00Z,1,KYH411668,SRP564871
SRR32393275,AMPLICON,501,24118357,PRJNA1225157,SAMN46890958,"MIMS.me,MIGS/MIMS/MIMARKS.human-gut",15188157,RESEARCH INSTITUTE FOR SYSTEMS BIOLOGY AND MEDICINE (RISBM),2016-09-06/2017-11-27,public,"fastq,run.zq,sra","gs,ncbi,s3","gs.us-east1,ncbi.public,s3.us-east-1",human population,human gut,stool,SRX27725478,Russia,Europe,Russia: Arkhangelsk,70.19849,31.88359,Homo sapiens,Illumina MiSeq,64.31 N 40.32 E,KYH578535,PAIRED,PCR,METAGENOMIC,human gut metagenome,ILLUMINA,2025-03-07T00:00:00Z,2025-02-19T06:23:00Z,1,KYH578535,SRP564871
SRR32393276,AMPLICON,500,13135000,PRJNA1225157,SAMN46890571,"MIMS.me,MIGS/MIMS/MIMARKS.human-gut",7595332,RESEARCH INSTITUTE FOR SYSTEMS BIOLOGY AND MEDICINE (RISBM),2016-09-06/2017-11-27,public,"fastq,run.zq,sra","gs,ncbi,s3","gs.us-east1,ncbi.public,s3.us-east-1",human population,human gut,stool,SRX27725477,Russia,Europe,Russia: Arkhangelsk,53.61807,25.49728,Homo sapiens,Illumina MiSeq,64.31 N 40.32 E,KYH270062,PAIRED,PCR,METAGENOMIC,human gut metagenome,ILLUMINA,2025-03-07T00:00:00Z,2025-02-19T06:23:00Z,1,KYH270062,SRP564871
SRR32393277,AMPLICON,501,20644091,PRJNA1225157,SAMN46890957,"MIMS.me,MIGS/MIMS/MIMARKS.human-gut",13478457,RESEARCH INSTITUTE FOR SYSTEMS BIOLOGY AND MEDICINE (RISBM),2016-09-06/2017-11-27,public,"fastq,run.zq,sra","gs,ncbi,s3","gs.us-east1,ncbi.public,s3.us-east-1",human population,human gut,stool,SRX27725476,Russia,Europe,Russia: Arkhangelsk,60.09309,29.54471,Homo sapiens,Illumina MiSeq,64.31 N 40.32 E,KYH280995,PAIRED,PCR,METAGENOMIC,human gut metagenome,ILLUMINA,2025-03-07T00:00:00Z,2025-02-19T06:23:00Z,1,KYH280995,SRP564871
SRR32393278,AMPLICON,501,16470531,PRJNA1225157,SAMN46890956,"MIMS.me,MIGS/MIMS/MIMARKS.human-gut",10571708,RESEARCH INSTITUTE FOR SYSTEMS BIOLOGY AND MEDICINE (RISBM),2016-09-06/2017-11-27,public,"fastq,run.zq,sra","gs,ncbi,s3","gs.us-east1,ncbi.public,s3.us-east-1",human population,human gut,stool,SRX27725475,Russia,Europe,Russia: Arkhangelsk,60.49829,24.57881,Homo sapiens,Illumina MiSeq,64.31 N 40.32 E,KYH474766,PAIRED,PCR,METAGENOMIC,human gut metagenome,ILLUMINA,2025-03-07T00:00:00Z,2025-02-19T06:23:00Z,1,KYH474766,SRP564871
SRR32393279,AMPLICON,501,13536014,PRJNA1225157,SAMN46890955,"MIMS.me,MIGS/MIMS/MIMARKS.human-gut",8745574,RESEARCH INSTITUTE FOR SYSTEMS BIOLOGY AND MEDICINE (RISBM),2016-09-06/2017-11-27,public,"fastq,run.zq,sra","gs,ncbi,s3","gs.us-east1,ncbi.public,s3.us-east-1",human population,human gut,stool,SRX27725474,Russia,Europe,Russia: Arkhangelsk,53.29774,29.13608,Homo sapiens,Illumina MiSeq,64.31 N 40.32 E,KYH685551,PAIRED,PCR,METAGENOMIC,human gut metagenome,ILLUMINA,2025-03-07T00:00:00Z,2025-02-19T06:23:00Z,1,KYH685551,SRP564871
SRR32393280,AMPLICON,501,10919564,PRJNA1225157,SAMN46890954,"MIMS.me,MIGS/MIMS/MIMARKS.human-gut",7126384,RESEARCH INSTITUTE FOR SYSTEMS BIOLOGY AND MEDICINE (RISBM),2016-09-06/2017-11-27,public,"fastq,run.zq,sra","gs,ncbi,s3","gs.us-east1,ncbi.public,s3.us-east-1",human population,human gut,stool,SRX27725473,Russia,Europe,Russia: Arkhangelsk,58.74333,34.1186,Homo sapiens,Illumina MiSeq,64.31 N 40.32 E,KYH945610,PAIRED,PCR,METAGENOMIC,human gut metagenome,ILLUMINA,2025-03-07T00:00:00Z,2025-02-19T06:23:00Z,1,KYH945610,SRP564871
SRR32393281,AMPLICON,501,8639747,PRJNA1225157,SAMN46890953,"MIMS.me,MIGS/MIMS/MIMARKS.human-gut",5508194,RESEARCH INSTITUTE FOR SYSTEMS BIOLOGY AND MEDICINE (RISBM),2016-09-06/2017-11-27,public,"fastq,run.zq,sra","gs,ncbi,s3","gs.us-east1,ncbi.public,s3.us-east-1",human population,human gut,stool,SRX27725472,Russia,Europe,Russia: Arkhangelsk,67.22245,25.57902,Homo sapiens,Illumina MiSeq,64.31 N 40.32 E,KYH460490,PAIRED,PCR,METAGENOMIC,human gut metagenome,ILLUMINA,2025-03-07T00:00:00Z,2025-02-19T06:23:00Z,1,KYH460490,SRP564871
SRR32393282,AMPLICON,501,14614170,PRJNA1225157,SAMN46890952,"MIMS.me,MIGS/MIMS/MIMARKS.human-gut",9586051,RESEARCH INSTITUTE FOR SYSTEMS BIOLOGY AND MEDICINE (RISBM),2016-09-06/2017-11-27,public,"fastq,run.zq,sra","gs,ncbi,s3","gs.us-east1,ncbi.public,s3.us-east-1",human population,human gut,stool,SRX27725471,Russia,Europe,Russia: Arkhangelsk,52.564,23.09224,Homo sapiens,Illumina MiSeq,64.31 N 40.32 E,KYH325868,PAIRED,PCR,METAGENOMIC,human gut metagenome,ILLUMINA,2025-03-07T00:00:00Z,2025-02-19T06:23:00Z,1,KYH325868,SRP564871
SRR32393283,AMPLICON,501,28336056,PRJNA1225157,SAMN46890951,"MIMS.me,MIGS/MIMS/MIMARKS.human-gut",18108620,RESEARCH INSTITUTE FOR SYSTEMS BIOLOGY AND MEDICINE (RISBM),2016-09-06/2017-11-27,public,"fastq,run.zq,sra","gs,ncbi,s3","gs.us-east1,ncbi.public,s3.us-east-1",human population,human gut,stool,SRX27725470,Russia,Europe,Russia: Arkhangelsk,65.71937,26.38413,Homo sapiens,Illumina MiSeq,64.31 N 40.32 E,KYH535863,PAIRED,PCR,METAGENOMIC,human gut metagenome,ILLUMINA,2025-03-07T00:00:00Z,2025-02-19T06:23:00Z,1,KYH535863,SRP564871
SRR32393284,AMPLICON,501,19658336,PRJNA1225157,SAMN46890950,"MIMS.me,MIGS/MIMS/MIMARKS.human-gut",12825187,RESEARCH INSTITUTE FOR SYSTEMS BIOLOGY AND MEDICINE (RISBM),2016-09-06/2017-11-27,public,"fastq,run.zq,sra","gs,ncbi,s3","gs.us-east1,ncbi.public,s3.us-east-1",human population,human gut,stool,SRX27725469,Russia,Europe,Russia: Arkhangelsk,43.40862,29.67643,Homo sapiens,Illumina MiSeq,64.31 N 40.32 E,KYH110084,PAIRED,PCR,METAGENOMIC,human gut metagenome,ILLUMINA,2025-03-07T00:00:00Z,2025-02-19T06:23:00Z,1,KYH110084,SRP564871
SRR32393285,AMPLICON,501,20570879,PRJNA1225157,SAMN46890949,"MIMS.me,MIGS/MIMS/MIMARKS.human-gut",13473398,RESEARCH INSTITUTE FOR SYSTEMS BIOLOGY AND MEDICINE (RISBM),2016-09-06/2017-11-27,public,"fastq,run.zq,sra","gs,ncbi,s3","gs.us-east1,ncbi.public,s3.us-east-1",human population,human gut,stool,SRX27725468,Russia,Europe,Russia: Arkhangelsk,37.27036,21.86112,Homo sapiens,Illumina MiSeq,64.31 N 40.32 E,KYH436962,PAIRED,PCR,METAGENOMIC,human gut metagenome,ILLUMINA,2025-03-07T00:00:00Z,2025-02-19T06:23:00Z,1,KYH436962,SRP564871
SRR32393286,AMPLICON,501,1860830,PRJNA1225157,SAMN46890948,"MIMS.me,MIGS/MIMS/MIMARKS.human-gut",1307498,RESEARCH INSTITUTE FOR SYSTEMS BIOLOGY AND MEDICINE (RISBM),2016-09-06/2017-11-27,public,"fastq,run.zq,sra","gs,ncbi,s3","gs.us-east1,ncbi.public,s3.us-east-1",human population,human gut,stool,SRX27725467,Russia,Europe,Russia: Arkhangelsk,46.75702,34.4203,Homo sapiens,Illumina MiSeq,64.31 N 40.32 E,KYH271655,PAIRED,PCR,METAGENOMIC,human gut metagenome,ILLUMINA,2025-03-07T00:00:00Z,2025-02-19T06:22:00Z,1,KYH271655,SRP564871
SRR32393287,AMPLICON,500,28453000,PRJNA1225157,SAMN46890570,"MIMS.me,MIGS/MIMS/MIMARKS.human-gut",16678571,RESEARCH INSTITUTE FOR SYSTEMS BIOLOGY AND MEDICINE (RISBM),2016-09-06/2017-11-27,public,"fastq,run.zq,sra","gs,ncbi,s3","gs.us-east1,ncbi.public,s3.us-east-1",human population,human gut,stool,SRX27725466,Russia,Europe,Russia: Arkhangelsk,60.99658,28.58131,Homo sapiens,Illumina MiSeq,64.31 N 40.32 E,KYH118146,PAIRED,PCR,METAGENOMIC,human gut metagenome,ILLUMINA,2025-03-07T00:00:00Z,2025-02-19T06:23:00Z,1,KYH118146,SRP564871
SRR32393288,AMPLICON,501,17495927,PRJNA1225157,SAMN46890947,"MIMS.me,MIGS/MIMS/MIMARKS.human-gut",11038431,RESEARCH INSTITUTE FOR SYSTEMS BIOLOGY AND MEDICINE (RISBM),2016-09-06/2017-11-27,public,"fastq,run.zq,sra","gs,ncbi,s3","gs.us-east1,ncbi.public,s3.us-east-1",human population,human gut,stool,SRX27725465,Russia,Europe,Russia: Arkhangelsk,45.09788,27.46481,Homo sapiens,Illumina MiSeq,64.31 N 40.32 E,KYH779910,PAIRED,PCR,METAGENOMIC,human gut metagenome,ILLUMINA,2025-03-07T00:00:00Z,2025-02-19T06:23:00Z,1,KYH779910,SRP564871
SRR32393289,AMPLICON,501,46063313,PRJNA1225157,SAMN46890859,"MIMS.me,MIGS/MIMS/MIMARKS.human-gut",25712090,RESEARCH INSTITUTE FOR SYSTEMS BIOLOGY AND MEDICINE (RISBM),2016-09-06/2017-11-27,public,"fastq,run.zq,sra","gs,ncbi,s3","gs.us-east1,ncbi.public,s3.us-east-1",human population,human gut,stool,SRX27725464,Russia,Europe,Russia: Arkhangelsk,41.5551,22.49711,Homo sapiens,Illumina MiSeq,64.31 N 40.32 E,KYH986619,PAIRED,PCR,METAGENOMIC,human gut metagenome,ILLUMINA,2025-03-07T00:00:00Z,2025-02-19T06:23:00Z,1,KYH986619,SRP564871
SRR32393290,AMPLICON,501,9805320,PRJNA1225157,SAMN46890858,"MIMS.me,MIGS/MIMS/MIMARKS.human-gut",5449687,RESEARCH INSTITUTE FOR SYSTEMS BIOLOGY AND MEDICINE (RISBM),2016-09-06/2017-11-27,public,"fastq,run.zq,sra","gs,ncbi,s3","gs.us-east1,ncbi.public,s3.us-east-1",human population,human gut,stool,SRX27725463,Russia,Europe,Russia: Arkhangelsk,55.27995,31.19336,Homo sapiens,Illumina MiSeq,64.31 N 40.32 E,KYH467942,PAIRED,PCR,METAGENOMIC,human gut metagenome,ILLUMINA,2025-03-07T00:00:00Z,2025-02-19T06:23:00Z,1,KYH467942,SRP564871
SRR32393291,AMPLICON,500,20405000,PRJNA1225157,SAMN46890561,"MIMS.me,MIGS/MIMS/MIMARKS.human-gut",12112199,RESEARCH INSTITUTE FOR SYSTEMS BIOLOGY AND MEDICINE (RISBM),2016-09-06/2017-11-27,public,"fastq,run.zq,sra","gs,ncbi,s3","gs.us-east1,ncbi.public,s3.us-east-1",human population,human gut,stool,SRX27725462,Russia,Europe,Russia: Arkhangelsk,46.95688,19.80199,Homo sapiens,Illumina MiSeq,64.31 N 40.32 E,KYH934327,PAIRED,PCR,METAGENOMIC,human gut metagenome,ILLUMINA,2025-03-07T00:00:00Z,2025-02-19T06:23:00Z,1,KYH934327,SRP564871
SRR32393292,AMPLICON,501,19258620,PRJNA1225157,SAMN46890857,"MIMS.me,MIGS/MIMS/MIMARKS.human-gut",10773406,RESEARCH INSTITUTE FOR SYSTEMS BIOLOGY AND MEDICINE (RISBM),2016-09-06/2017-11-27,public,"fastq,run.zq,sra","gs,ncbi,s3","gs.us-east1,ncbi.public,s3.us-east-1",human population,human gut,stool,SRX27725461,Russia,Europe,Russia: Arkhangelsk,50.59548,35.90925,Homo sapiens,Illumina MiSeq,64.31 N 40.32 E,KYH594668,PAIRED,PCR,METAGENOMIC,human gut metagenome,ILLUMINA,2025-03-07T00:00:00Z,2025-02-19T06:23:00Z,1,KYH594668,SRP564871
SRR32393293,AMPLICON,501,6827328,PRJNA1225157,SAMN46890856,"MIMS.me,MIGS/MIMS/MIMARKS.human-gut",3925809,RESEARCH INSTITUTE FOR SYSTEMS BIOLOGY AND MEDICINE (RISBM),2016-09-06/2017-11-27,public,"fastq,run.zq,sra","gs,ncbi,s3","gs.us-east1,ncbi.public,s3.us-east-1",human population,human gut,stool,SRX27725460,Russia,Europe,Russia: Arkhangelsk,59.56742,30.11679,Homo sapiens,Illumina MiSeq,64.31 N 40.32 E,KYH865657,PAIRED,PCR,METAGENOMIC,human gut metagenome,ILLUMINA,2025-03-07T00:00:00Z,2025-02-19T06:23:00Z,1,KYH865657,SRP564871
SRR32393294,AMPLICON,501,25609046,PRJNA1225157,SAMN46890855,"MIMS.me,MIGS/MIMS/MIMARKS.human-gut",14499891,RESEARCH INSTITUTE FOR SYSTEMS BIOLOGY AND MEDICINE (RISBM),2016-09-06/2017-11-27,public,"fastq,run.zq,sra","gs,ncbi,s3","gs.us-east1,ncbi.public,s3.us-east-1",human population,human gut,stool,SRX27725459,Russia,Europe,Russia: Arkhangelsk,51.0308,23.18821,Homo sapiens,Illumina MiSeq,64.31 N 40.32 E,KYH954772,PAIRED,PCR,METAGENOMIC,human gut metagenome,ILLUMINA,2025-03-07T00:00:00Z,2025-02-19T06:23:00Z,1,KYH954772,SRP564871
SRR32393295,AMPLICON,501,23720492,PRJNA1225157,SAMN46890854,"MIMS.me,MIGS/MIMS/MIMARKS.human-gut",13340455,RESEARCH INSTITUTE FOR SYSTEMS BIOLOGY AND MEDICINE (RISBM),2016-09-06/2017-11-27,public,"fastq,run.zq,sra","gs,ncbi,s3","gs.us-east1,ncbi.public,s3.us-east-1",human population,human gut,stool,SRX27725458,Russia,Europe,Russia: Arkhangelsk,55.15948,42.10386,Homo sapiens,Illumina MiSeq,64.31 N 40.32 E,KYH722425,PAIRED,PCR,METAGENOMIC,human gut metagenome,ILLUMINA,2025-03-07T00:00:00Z,2025-02-19T06:23:00Z,1,KYH722425,SRP564871
SRR32393296,AMPLICON,501,32782291,PRJNA1225157,SAMN46890853,"MIMS.me,MIGS/MIMS/MIMARKS.human-gut",18059109,RESEARCH INSTITUTE FOR SYSTEMS BIOLOGY AND MEDICINE (RISBM),2016-09-06/2017-11-27,public,"fastq,run.zq,sra","gs,ncbi,s3","gs.us-east1,ncbi.public,s3.us-east-1",human population,human gut,stool,SRX27725457,Russia,Europe,Russia: Arkhangelsk,49.84805,26.60652,Homo sapiens,Illumina MiSeq,64.31 N 40.32 E,KYH428390,PAIRED,PCR,METAGENOMIC,human gut metagenome,ILLUMINA,2025-03-07T00:00:00Z,2025-02-19T06:23:00Z,1,KYH428390,SRP564871
SRR32393297,AMPLICON,501,16173717,PRJNA1225157,SAMN46890852,"MIMS.me,MIGS/MIMS/MIMARKS.human-gut",8898968,RESEARCH INSTITUTE FOR SYSTEMS BIOLOGY AND MEDICINE (RISBM),2016-09-06/2017-11-27,public,"fastq,run.zq,sra","gs,ncbi,s3","gs.us-east1,ncbi.public,s3.us-east-1",human population,human gut,stool,SRX27725456,Russia,Europe,Russia: Arkhangelsk,44.73101,25.14879,Homo sapiens,Illumina MiSeq,64.31 N 40.32 E,KYH265983,PAIRED,PCR,METAGENOMIC,human gut metagenome,ILLUMINA,2025-03-07T00:00:00Z,2025-02-19T06:23:00Z,1,KYH265983,SRP564871
SRR32393298,AMPLICON,501,33237993,PRJNA1225157,SAMN46890851,"MIMS.me,MIGS/MIMS/MIMARKS.human-gut",18707559,RESEARCH INSTITUTE FOR SYSTEMS BIOLOGY AND MEDICINE (RISBM),2016-09-06/2017-11-27,public,"fastq,run.zq,sra","gs,ncbi,s3","gs.us-east1,ncbi.public,s3.us-east-1",human population,human gut,stool,SRX27725455,Russia,Europe,Russia: Arkhangelsk,62.42026,26.26017,Homo sapiens,Illumina MiSeq,64.31 N 40.32 E,KYH978399,PAIRED,PCR,METAGENOMIC,human gut metagenome,ILLUMINA,2025-03-07T00:00:00Z,2025-02-19T06:23:00Z,1,KYH978399,SRP564871
SRR32393299,AMPLICON,501,8598138,PRJNA1225157,SAMN46890850,"MIMS.me,MIGS/MIMS/MIMARKS.human-gut",4861247,RESEARCH INSTITUTE FOR SYSTEMS BIOLOGY AND MEDICINE (RISBM),2016-09-06/2017-11-27,public,"fastq,run.zq,sra","gs,ncbi,s3","gs.us-east1,ncbi.public,s3.us-east-1",human population,human gut,stool,SRX27725454,Russia,Europe,Russia: Arkhangelsk,64.1588,21.22559,Homo sapiens,Illumina MiSeq,64.31 N 40.32 E,KYH928316,PAIRED,PCR,METAGENOMIC,human gut metagenome,ILLUMINA,2025-03-07T00:00:00Z,2025-02-19T06:23:00Z,1,KYH928316,SRP564871
SRR32393300,AMPLICON,501,16311061,PRJNA1225157,SAMN46890849,"MIMS.me,MIGS/MIMS/MIMARKS.human-gut",9366542,RESEARCH INSTITUTE FOR SYSTEMS BIOLOGY AND MEDICINE (RISBM),2016-09-06/2017-11-27,public,"fastq,run.zq,sra","gs,ncbi,s3","gs.us-east1,ncbi.public,s3.us-east-1",human population,human gut,stool,SRX27725453,Russia,Europe,Russia: Arkhangelsk,46.6694,35.60195,Homo sapiens,Illumina MiSeq,64.31 N 40.32 E,KYH128174,PAIRED,PCR,METAGENOMIC,human gut metagenome,ILLUMINA,2025-03-07T00:00:00Z,2025-02-19T06:23:00Z,1,KYH128174,SRP564871
SRR32393301,AMPLICON,501,11266866,PRJNA1225157,SAMN46890848,"MIMS.me,MIGS/MIMS/MIMARKS.human-gut",6252040,RESEARCH INSTITUTE FOR SYSTEMS BIOLOGY AND MEDICINE (RISBM),2016-09-06/2017-11-27,public,"fastq,run.zq,sra","gs,ncbi,s3","gs.us-east1,ncbi.public,s3.us-east-1",human population,human gut,stool,SRX27725452,Russia,Europe,Russia: Arkhangelsk,66.05339,29.88246,Homo sapiens,Illumina MiSeq,64.31 N 40.32 E,KYH816274,PAIRED,PCR,METAGENOMIC,human gut metagenome,ILLUMINA,2025-03-07T00:00:00Z,2025-02-19T06:23:00Z,1,KYH816274,SRP564871
SRR32393302,AMPLICON,500,18048500,PRJNA1225157,SAMN46890560,"MIMS.me,MIGS/MIMS/MIMARKS.human-gut",10618718,RESEARCH INSTITUTE FOR SYSTEMS BIOLOGY AND MEDICINE (RISBM),2016-09-06/2017-11-27,public,"fastq,run.zq,sra","gs,ncbi,s3","gs.us-east1,ncbi.public,s3.us-east-1",human population,human gut,stool,SRX27725451,Russia,Europe,Russia: Arkhangelsk,58.48871,29.53771,Homo sapiens,Illumina MiSeq,64.31 N 40.32 E,KYH168108,PAIRED,PCR,METAGENOMIC,human gut metagenome,ILLUMINA,2025-03-07T00:00:00Z,2025-02-19T06:23:00Z,1,KYH168108,SRP564871
SRR32393303,AMPLICON,501,9262288,PRJNA1225157,SAMN46890847,"MIMS.me,MIGS/MIMS/MIMARKS.human-gut",5571241,RESEARCH INSTITUTE FOR SYSTEMS BIOLOGY AND MEDICINE (RISBM),2016-09-06/2017-11-27,public,"fastq,run.zq,sra","gs,ncbi,s3","gs.us-east1,ncbi.public,s3.us-east-1",human population,human gut,stool,SRX27725450,Russia,Europe,Russia: Arkhangelsk,64.43806,22.81149,Homo sapiens,Illumina MiSeq,64.31 N 40.32 E,KYH783916,PAIRED,PCR,METAGENOMIC,human gut metagenome,ILLUMINA,2025-03-07T00:00:00Z,2025-02-19T06:23:00Z,1,KYH783916,SRP564871
SRR32393304,AMPLICON,501,18882253,PRJNA1225157,SAMN46890846,"MIMS.me,MIGS/MIMS/MIMARKS.human-gut",10382389,RESEARCH INSTITUTE FOR SYSTEMS BIOLOGY AND MEDICINE (RISBM),2016-09-06/2017-11-27,public,"fastq,run.zq,sra","gs,ncbi,s3","gs.us-east1,ncbi.public,s3.us-east-1",human population,human gut,stool,SRX27725449,Russia,Europe,Russia: Arkhangelsk,60.0,36.05749,Homo sapiens,Illumina MiSeq,64.31 N 40.32 E,KYH208674,PAIRED,PCR,METAGENOMIC,human gut metagenome,ILLUMINA,2025-03-07T00:00:00Z,2025-02-19T06:23:00Z,1,KYH208674,SRP564871
SRR32393305,AMPLICON,501,38610097,PRJNA1225157,SAMN46890845,"MIMS.me,MIGS/MIMS/MIMARKS.human-gut",21680158,RESEARCH INSTITUTE FOR SYSTEMS BIOLOGY AND MEDICINE (RISBM),2016-09-06/2017-11-27,public,"fastq,run.zq,sra","gs,ncbi,s3","gs.us-east1,ncbi.public,s3.us-east-1",human population,human gut,stool,SRX27725448,Russia,Europe,Russia: Arkhangelsk,49.68925,25.51236,Homo sapiens,Illumina MiSeq,64.31 N 40.32 E,KYH739762,PAIRED,PCR,METAGENOMIC,human gut metagenome,ILLUMINA,2025-03-07T00:00:00Z,2025-02-19T06:23:00Z,1,KYH739762,SRP564871
SRR32393306,AMPLICON,501,22588655,PRJNA1225157,SAMN46890844,"MIMS.me,MIGS/MIMS/MIMARKS.human-gut",12519919,RESEARCH INSTITUTE FOR SYSTEMS BIOLOGY AND MEDICINE (RISBM),2016-09-06/2017-11-27,public,"fastq,run.zq,sra","gs,ncbi,s3","gs.us-east1,ncbi.public,s3.us-east-1",human population,human gut,stool,SRX27725447,Russia,Europe,Russia: Arkhangelsk,50.87748,29.95241,Homo sapiens,Illumina MiSeq,64.31 N 40.32 E,KYH537449,PAIRED,PCR,METAGENOMIC,human gut metagenome,ILLUMINA,2025-03-07T00:00:00Z,2025-02-19T06:23:00Z,1,KYH537449,SRP564871
SRR32393307,AMPLICON,501,13915896,PRJNA1225157,SAMN46890843,"MIMS.me,MIGS/MIMS/MIMARKS.human-gut",7707080,RESEARCH INSTITUTE FOR SYSTEMS BIOLOGY AND MEDICINE (RISBM),2016-09-06/2017-11-27,public,"fastq,run.zq,sra","gs,ncbi,s3","gs.us-east1,ncbi.public,s3.us-east-1",human population,human gut,stool,SRX27725446,Russia,Europe,Russia: Arkhangelsk,47.56742,30.75001,Homo sapiens,Illumina MiSeq,64.31 N 40.32 E,KYH564879,PAIRED,PCR,METAGENOMIC,human gut metagenome,ILLUMINA,2025-03-07T00:00:00Z,2025-02-19T06:23:00Z,1,KYH564879,SRP564871
SRR32393308,AMPLICON,501,11985774,PRJNA1225157,SAMN46890842,"MIGS/MIMS/MIMARKS.human-gut,MIMS.me",6657810,RESEARCH INSTITUTE FOR SYSTEMS BIOLOGY AND MEDICINE (RISBM),2016-09-06/2017-11-27,public,"fastq,run.zq,sra","gs,ncbi,s3","gs.us-east1,ncbi.public,s3.us-east-1",human population,human gut,stool,SRX27725445,Russia,Europe,Russia: Arkhangelsk,64.33402,21.69918,Homo sapiens,Illumina MiSeq,64.31 N 40.32 E,KYH300099,PAIRED,PCR,METAGENOMIC,human gut metagenome,ILLUMINA,2025-03-07T00:00:00Z,2025-02-19T06:23:00Z,1,KYH300099,SRP564871
SRR32393309,AMPLICON,501,13662879,PRJNA1225157,SAMN46890841,"MIMS.me,MIGS/MIMS/MIMARKS.human-gut",7869233,RESEARCH INSTITUTE FOR SYSTEMS BIOLOGY AND MEDICINE (RISBM),2016-09-06/2017-11-27,public,"fastq,run.zq,sra","gs,ncbi,s3","gs.us-east1,ncbi.public,s3.us-east-1",human population,human gut,stool,SRX27725444,Russia,Europe,Russia: Arkhangelsk,66.12457,22.63772,Homo sapiens,Illumina MiSeq,64.31 N 40.32 E,KYH594020,PAIRED,PCR,METAGENOMIC,human gut metagenome,ILLUMINA,2025-03-07T00:00:00Z,2025-02-19T06:23:00Z,1,KYH594020,SRP564871
SRR32393310,AMPLICON,501,5447265,PRJNA1225157,SAMN46890840,"MIMS.me,MIGS/MIMS/MIMARKS.human-gut",3198322,RESEARCH INSTITUTE FOR SYSTEMS BIOLOGY AND MEDICINE (RISBM),2016-09-06/2017-11-27,public,"fastq,run.zq,sra","gs,ncbi,s3","gs.us-east1,ncbi.public,s3.us-east-1",human population,human gut,stool,SRX27725443,Russia,Europe,Russia: Arkhangelsk,51.24162,27.7471,Homo sapiens,Illumina MiSeq,64.31 N 40.32 E,KYH874713,PAIRED,PCR,METAGENOMIC,human gut metagenome,ILLUMINA,2025-03-07T00:00:00Z,2025-02-19T06:23:00Z,1,KYH874713,SRP564871
SRR32393311,AMPLICON,501,17167045,PRJNA1225157,SAMN46890839,"MIMS.me,MIGS/MIMS/MIMARKS.human-gut",9679682,RESEARCH INSTITUTE FOR SYSTEMS BIOLOGY AND MEDICINE (RISBM),2016-09-06/2017-11-27,public,"fastq,run.zq,sra","gs,ncbi,s3","gs.us-east1,ncbi.public,s3.us-east-1",human population,human gut,stool,SRX27725442,Russia,Europe,Russia: Arkhangelsk,39.90418,27.0419,Homo sapiens,Illumina MiSeq,64.31 N 40.32 E,KYH828709,PAIRED,PCR,METAGENOMIC,human gut metagenome,ILLUMINA,2025-03-07T00:00:00Z,2025-02-19T06:23:00Z,1,KYH828709,SRP564871
SRR32393312,AMPLICON,501,13454455,PRJNA1225157,SAMN46890838,"MIMS.me,MIGS/MIMS/MIMARKS.human-gut",7511064,RESEARCH INSTITUTE FOR SYSTEMS BIOLOGY AND MEDICINE (RISBM),2016-09-06/2017-11-27,public,"fastq,run.zq,sra","gs,ncbi,s3","gs.us-east1,ncbi.public,s3.us-east-1",human population,human gut,stool,SRX27725441,Russia,Europe,Russia: Arkhangelsk,67.47159,29.03179,Homo sapiens,Illumina MiSeq,64.31 N 40.32 E,KYH554947,PAIRED,PCR,METAGENOMIC,human gut metagenome,ILLUMINA,2025-03-07T00:00:00Z,2025-02-19T06:23:00Z,1,KYH554947,SRP564871
SRR32393313,AMPLICON,500,12750500,PRJNA1225157,SAMN46890559,"MIMS.me,MIGS/MIMS/MIMARKS.human-gut",7563448,RESEARCH INSTITUTE FOR SYSTEMS BIOLOGY AND MEDICINE (RISBM),2016-09-06/2017-11-27,public,"fastq,run.zq,sra","gs,ncbi,s3","gs.us-east1,ncbi.public,s3.us-east-1",human population,human gut,stool,SRX27725440,Russia,Europe,Russia: Arkhangelsk,48.2245,27.76034,Homo sapiens,Illumina MiSeq,64.31 N 40.32 E,KYH455345,PAIRED,PCR,METAGENOMIC,human gut metagenome,ILLUMINA,2025-03-07T00:00:00Z,2025-02-19T06:23:00Z,1,KYH455345,SRP564871
SRR32393314,AMPLICON,501,19583007,PRJNA1225157,SAMN46890837,"MIMS.me,MIGS/MIMS/MIMARKS.human-gut",11054727,RESEARCH INSTITUTE FOR SYSTEMS BIOLOGY AND MEDICINE (RISBM),2016-09-06/2017-11-27,public,"fastq,run.zq,sra","gs,ncbi,s3","gs.us-east1,ncbi.public,s3.us-east-1",human population,human gut,stool,SRX27725439,Russia,Europe,Russia: Arkhangelsk,49.83984,31.01129,Homo sapiens,Illumina MiSeq,64.31 N 40.32 E,KYH372475,PAIRED,PCR,METAGENOMIC,human gut metagenome,ILLUMINA,2025-03-07T00:00:00Z,2025-02-19T06:23:00Z,1,KYH372475,SRP564871
SRR32393315,AMPLICON,500,17081413,PRJNA1225157,SAMN46890836,"MIMS.me,MIGS/MIMS/MIMARKS.human-gut",9847421,RESEARCH INSTITUTE FOR SYSTEMS BIOLOGY AND MEDICINE (RISBM),2016-09-06/2017-11-27,public,"fastq,run.zq,sra","gs,ncbi,s3","gs.us-east1,ncbi.public,s3.us-east-1",human population,human gut,stool,SRX27725438,Russia,Europe,Russia: Arkhangelsk,59.24709,22.37442,Homo sapiens,Illumina MiSeq,64.31 N 40.32 E,KYH893494,PAIRED,PCR,METAGENOMIC,human gut metagenome,ILLUMINA,2025-03-07T00:00:00Z,2025-02-19T06:23:00Z,1,KYH893494,SRP564871
SRR32393316,AMPLICON,501,35675146,PRJNA1225157,SAMN46890835,"MIMS.me,MIGS/MIMS/MIMARKS.human-gut",20970354,RESEARCH INSTITUTE FOR SYSTEMS BIOLOGY AND MEDICINE (RISBM),2016-09-06/2017-11-27,public,"fastq,run.zq,sra","gs,ncbi,s3","gs.us-east1,ncbi.public,s3.us-east-1",human population,human gut,stool,SRX27725437,Russia,Europe,Russia: Arkhangelsk,70.70773,27.72596,Homo sapiens,Illumina MiSeq,64.31 N 40.32 E,KYH959903,PAIRED,PCR,METAGENOMIC,human gut metagenome,ILLUMINA,2025-03-07T00:00:00Z,2025-02-19T06:23:00Z,1,KYH959903,SRP564871
SRR32393317,AMPLICON,501,12822018,PRJNA1225157,SAMN46890834,"MIMS.me,MIGS/MIMS/MIMARKS.human-gut",7215289,RESEARCH INSTITUTE FOR SYSTEMS BIOLOGY AND MEDICINE (RISBM),2016-09-06/2017-11-27,public,"fastq,run.zq,sra","gs,ncbi,s3","gs.us-east1,ncbi.public,s3.us-east-1",human population,human gut,stool,SRX27725436,Russia,Europe,Russia: Arkhangelsk,55.75086,30.69893,Homo sapiens,Illumina MiSeq,64.31 N 40.32 E,KYH478970,PAIRED,PCR,METAGENOMIC,human gut metagenome,ILLUMINA,2025-03-07T00:00:00Z,2025-02-19T06:23:00Z,1,KYH478970,SRP564871
SRR32393318,AMPLICON,501,23873434,PRJNA1225157,SAMN46890833,"MIMS.me,MIGS/MIMS/MIMARKS.human-gut",14066047,RESEARCH INSTITUTE FOR SYSTEMS BIOLOGY AND MEDICINE (RISBM),2016-09-06/2017-11-27,public,"fastq,run.zq,sra","gs,ncbi,s3","gs.us-east1,ncbi.public,s3.us-east-1",human population,human gut,stool,SRX27725435,Russia,Europe,Russia: Arkhangelsk,57.67283,31.4409,Homo sapiens,Illumina MiSeq,64.31 N 40.32 E,KYH384968,PAIRED,PCR,METAGENOMIC,human gut metagenome,ILLUMINA,2025-03-07T00:00:00Z,2025-02-19T06:23:00Z,1,KYH384968,SRP564871
SRR32393319,AMPLICON,501,24673822,PRJNA1225157,SAMN46890832,"MIMS.me,MIGS/MIMS/MIMARKS.human-gut",13751222,RESEARCH INSTITUTE FOR SYSTEMS BIOLOGY AND MEDICINE (RISBM),2016-09-06/2017-11-27,public,"fastq,run.zq,sra","gs,ncbi,s3","gs.us-east1,ncbi.public,s3.us-east-1",human population,human gut,stool,SRX27725434,Russia,Europe,Russia: Arkhangelsk,49.06776,30.35772,Homo sapiens,Illumina MiSeq,64.31 N 40.32 E,KYH284119,PAIRED,PCR,METAGENOMIC,human gut metagenome,ILLUMINA,2025-03-07T00:00:00Z,2025-02-19T06:23:00Z,1,KYH284119,SRP564871
SRR32393320,AMPLICON,501,10572843,PRJNA1225157,SAMN46890831,"MIMS.me,MIGS/MIMS/MIMARKS.human-gut",5819631,RESEARCH INSTITUTE FOR SYSTEMS BIOLOGY AND MEDICINE (RISBM),2016-09-06/2017-11-27,public,"fastq,run.zq,sra","gs,ncbi,s3","gs.us-east1,ncbi.public,s3.us-east-1",human population,human gut,stool,SRX27725433,Russia,Europe,Russia: Arkhangelsk,50.8501,26.53799,Homo sapiens,Illumina MiSeq,64.31 N 40.32 E,KYH466559,PAIRED,PCR,METAGENOMIC,human gut metagenome,ILLUMINA,2025-03-07T00:00:00Z,2025-02-19T06:23:00Z,1,KYH466559,SRP564871
SRR32393321,AMPLICON,501,31021151,PRJNA1225157,SAMN46890802,"MIMS.me,MIGS/MIMS/MIMARKS.human-gut",17476620,RESEARCH INSTITUTE FOR SYSTEMS BIOLOGY AND MEDICINE (RISBM),2016-09-06/2017-11-27,public,"fastq,run.zq,sra","gs,ncbi,s3","gs.us-east1,ncbi.public,s3.us-east-1",human population,human gut,stool,SRX27725432,Russia,Europe,Russia: Arkhangelsk,60.17248,35.60893,Homo sapiens,Illumina MiSeq,64.31 N 40.32 E,KYH589909,PAIRED,PCR,METAGENOMIC,human gut metagenome,ILLUMINA,2025-03-07T00:00:00Z,2025-02-19T06:23:00Z,1,KYH589909,SRP564871
SRR32393322,AMPLICON,501,19617452,PRJNA1225157,SAMN46890801,"MIMS.me,MIGS/MIMS/MIMARKS.human-gut",10935353,RESEARCH INSTITUTE FOR SYSTEMS BIOLOGY AND MEDICINE (RISBM),2016-09-06/2017-11-27,public,"fastq,run.zq,sra","gs,ncbi,s3","gs.us-east1,ncbi.public,s3.us-east-1",human population,human gut,stool,SRX27725431,Russia,Europe,Russia: Arkhangelsk,53.23203,30.82267,Homo sapiens,Illumina MiSeq,64.31 N 40.32 E,KYH255851,PAIRED,PCR,METAGENOMIC,human gut metagenome,ILLUMINA,2025-03-07T00:00:00Z,2025-02-19T06:23:00Z,1,KYH255851,SRP564871
SRR32393323,AMPLICON,501,22429672,PRJNA1225157,SAMN46890800,"MIMS.me,MIGS/MIMS/MIMARKS.human-gut",12283462,RESEARCH INSTITUTE FOR SYSTEMS BIOLOGY AND MEDICINE (RISBM),2016-09-06/2017-11-27,public,"fastq,run.zq,sra","gs,ncbi,s3","gs.us-east1,ncbi.public,s3.us-east-1",human population,human gut,stool,SRX27725430,Russia,Europe,Russia: Arkhangelsk,63.72074,27.00265,Homo sapiens,Illumina MiSeq,64.31 N 40.32 E,KYH990283,PAIRED,PCR,METAGENOMIC,human gut metagenome,ILLUMINA,2025-03-07T00:00:00Z,2025-02-19T06:23:00Z,1,KYH990283,SRP564871
SRR32393324,AMPLICON,501,6613416,PRJNA1225157,SAMN46890799,"MIMS.me,MIGS/MIMS/MIMARKS.human-gut",3669547,RESEARCH INSTITUTE FOR SYSTEMS BIOLOGY AND MEDICINE (RISBM),2016-09-06/2017-11-27,public,"fastq,run.zq,sra","gs,ncbi,s3","gs.us-east1,ncbi.public,s3.us-east-1",human population,human gut,stool,SRX27725429,Russia,Europe,Russia: Arkhangelsk,63.37577,25.43085,Homo sapiens,Illumina MiSeq,64.31 N 40.32 E,KYH786928,PAIRED,PCR,METAGENOMIC,human gut metagenome,ILLUMINA,2025-03-07T00:00:00Z,2025-02-19T06:23:00Z,1,KYH786928,SRP564871
SRR32393325,AMPLICON,501,12609512,PRJNA1225157,SAMN46890798,"MIMS.me,MIGS/MIMS/MIMARKS.human-gut",7102954,RESEARCH INSTITUTE FOR SYSTEMS BIOLOGY AND MEDICINE (RISBM),2016-09-06/2017-11-27,public,"fastq,run.zq,sra","gs,ncbi,s3","gs.us-east1,ncbi.public,s3.us-east-1",human population,human gut,stool,SRX27725428,Russia,Europe,Russia: Arkhangelsk,71.01985,30.91521,Homo sapiens,Illumina MiSeq,64.31 N 40.32 E,KYH484096,PAIRED,PCR,METAGENOMIC,human gut metagenome,ILLUMINA,2025-03-07T00:00:00Z,2025-02-19T06:23:00Z,1,KYH484096,SRP564871
SRR32393326,AMPLICON,500,12283000,PRJNA1225157,SAMN46890555,"MIMS.me,MIGS/MIMS/MIMARKS.human-gut",7166846,RESEARCH INSTITUTE FOR SYSTEMS BIOLOGY AND MEDICINE (RISBM),2016-09-06/2017-11-27,public,"fastq,run.zq,sra","gs,ncbi,s3","gs.us-east1,ncbi.public,s3.us-east-1",human population,human gut,stool,SRX27725427,Russia,Europe,Russia: Arkhangelsk,56.282,25.72971,Homo sapiens,Illumina MiSeq,64.31 N 40.32 E,KYH727374,PAIRED,PCR,METAGENOMIC,human gut metagenome,ILLUMINA,2025-03-07T00:00:00Z,2025-02-19T06:23:00Z,1,KYH727374,SRP564871
SRR32393327,AMPLICON,501,27267244,PRJNA1225157,SAMN46890797,"MIMS.me,MIGS/MIMS/MIMARKS.human-gut",15115187,RESEARCH INSTITUTE FOR SYSTEMS BIOLOGY AND MEDICINE (RISBM),2016-09-06/2017-11-27,public,"fastq,run.zq,sra","gs,ncbi,s3","gs.us-east1,ncbi.public,s3.us-east-1",human population,human gut,stool,SRX27725426,Russia,Europe,Russia: Arkhangelsk,40.17248,27.23303,Homo sapiens,Illumina MiSeq,64.31 N 40.32 E,KYH228643,PAIRED,PCR,METAGENOMIC,human gut metagenome,ILLUMINA,2025-03-07T00:00:00Z,2025-02-19T06:23:00Z,1,KYH228643,SRP564871
SRR32393328,AMPLICON,501,17571209,PRJNA1225157,SAMN46890796,"MIMS.me,MIGS/MIMS/MIMARKS.human-gut",10028564,RESEARCH INSTITUTE FOR SYSTEMS BIOLOGY AND MEDICINE (RISBM),2016-09-06/2017-11-27,public,"fastq,run.zq,sra","gs,ncbi,s3","gs.us-east1,ncbi.public,s3.us-east-1",human population,human gut,stool,SRX27725425,Russia,Europe,Russia: Arkhangelsk,53.17454,33.63999,Homo sapiens,Illumina MiSeq,64.31 N 40.32 E,KYH240200,PAIRED,PCR,METAGENOMIC,human gut metagenome,ILLUMINA,2025-03-07T00:00:00Z,2025-02-19T06:23:00Z,1,KYH240200,SRP564871
SRR32393329,AMPLICON,501,28533082,PRJNA1225157,SAMN46890795,"MIMS.me,MIGS/MIMS/MIMARKS.human-gut",15952140,RESEARCH INSTITUTE FOR SYSTEMS BIOLOGY AND MEDICINE (RISBM),2016-09-06/2017-11-27,public,"fastq,run.zq,sra","gs,ncbi,s3","gs.us-east1,ncbi.public,s3.us-east-1",human population,human gut,stool,SRX27725424,Russia,Europe,Russia: Arkhangelsk,68.18617,28.55364,Homo sapiens,Illumina MiSeq,64.31 N 40.32 E,KYH106827,PAIRED,PCR,METAGENOMIC,human gut metagenome,ILLUMINA,2025-03-07T00:00:00Z,2025-02-19T06:23:00Z,1,KYH106827,SRP564871
SRR32393330,AMPLICON,501,29970445,PRJNA1225157,SAMN46890794,"MIMS.me,MIGS/MIMS/MIMARKS.human-gut",16951946,RESEARCH INSTITUTE FOR SYSTEMS BIOLOGY AND MEDICINE (RISBM),2016-09-06/2017-11-27,public,"fastq,run.zq,sra","gs,ncbi,s3","gs.us-east1,ncbi.public,s3.us-east-1",human population,human gut,stool,SRX27725423,Russia,Europe,Russia: Arkhangelsk,57.60438,31.29407,Homo sapiens,Illumina MiSeq,64.31 N 40.32 E,KYH530775,PAIRED,PCR,METAGENOMIC,human gut metagenome,ILLUMINA,2025-03-07T00:00:00Z,2025-02-19T06:23:00Z,1,KYH530775,SRP564871
SRR32393331,AMPLICON,501,16870036,PRJNA1225157,SAMN46890793,"MIMS.me,MIGS/MIMS/MIMARKS.human-gut",9655735,RESEARCH INSTITUTE FOR SYSTEMS BIOLOGY AND MEDICINE (RISBM),2016-09-06/2017-11-27,public,"fastq,run.zq,sra","gs,ncbi,s3","gs.us-east1,ncbi.public,s3.us-east-1",human population,human gut,stool,SRX27725422,Russia,Europe,Russia: Arkhangelsk,67.77823,33.39719,Homo sapiens,Illumina MiSeq,64.31 N 40.32 E,KYH362882,PAIRED,PCR,METAGENOMIC,human gut metagenome,ILLUMINA,2025-03-07T00:00:00Z,2025-02-19T06:23:00Z,1,KYH362882,SRP564871
SRR32393332,AMPLICON,501,12162722,PRJNA1225157,SAMN46890792,"MIMS.me,MIGS/MIMS/MIMARKS.human-gut",6962850,RESEARCH INSTITUTE FOR SYSTEMS BIOLOGY AND MEDICINE (RISBM),2016-09-06/2017-11-27,public,"fastq,run.zq,sra","gs,ncbi,s3","gs.us-east1,ncbi.public,s3.us-east-1",human population,human gut,stool,SRX27725421,Russia,Europe,Russia: Arkhangelsk,69.51403,45.9411,Homo sapiens,Illumina MiSeq,64.31 N 40.32 E,KYH695905,PAIRED,PCR,METAGENOMIC,human gut metagenome,ILLUMINA,2025-03-07T00:00:00Z,2025-02-19T06:23:00Z,1,KYH695905,SRP564871
SRR32393333,AMPLICON,501,22141582,PRJNA1225157,SAMN46890791,"MIMS.me,MIGS/MIMS/MIMARKS.human-gut",12222327,RESEARCH INSTITUTE FOR SYSTEMS BIOLOGY AND MEDICINE (RISBM),2016-09-06/2017-11-27,public,"fastq,run.zq,sra","gs,ncbi,s3","gs.us-east1,ncbi.public,s3.us-east-1",human population,human gut,stool,SRX27725420,Russia,Europe,Russia: Arkhangelsk,46.81177,34.94161,Homo sapiens,Illumina MiSeq,64.31 N 40.32 E,KYH600646,PAIRED,PCR,METAGENOMIC,human gut metagenome,ILLUMINA,2025-03-07T00:00:00Z,2025-02-19T06:23:00Z,1,KYH600646,SRP564871
SRR32393334,AMPLICON,501,16277637,PRJNA1225157,SAMN46890790,"MIMS.me,MIGS/MIMS/MIMARKS.human-gut",9248360,RESEARCH INSTITUTE FOR SYSTEMS BIOLOGY AND MEDICINE (RISBM),2016-09-06/2017-11-27,public,"fastq,run.zq,sra","gs,ncbi,s3","gs.us-east1,ncbi.public,s3.us-east-1",human population,human gut,stool,SRX27725419,Russia,Europe,Russia: Arkhangelsk,53.21287,25.24453,Homo sapiens,Illumina MiSeq,64.31 N 40.32 E,KYH257508,PAIRED,PCR,METAGENOMIC,human gut metagenome,ILLUMINA,2025-03-07T00:00:00Z,2025-02-19T06:23:00Z,1,KYH257508,SRP564871
SRR32393335,AMPLICON,501,13737809,PRJNA1225157,SAMN46890789,"MIMS.me,MIGS/MIMS/MIMARKS.human-gut",7710620,RESEARCH INSTITUTE FOR SYSTEMS BIOLOGY AND MEDICINE (RISBM),2016-09-06/2017-11-27,public,"fastq,run.zq,sra","gs,ncbi,s3","gs.us-east1,ncbi.public,s3.us-east-1",human population,human gut,stool,SRX27725418,Russia,Europe,Russia: Arkhangelsk,60.12868,32.06963,Homo sapiens,Illumina MiSeq,64.31 N 40.32 E,KYH573030,PAIRED,PCR,METAGENOMIC,human gut metagenome,ILLUMINA,2025-03-07T00:00:00Z,2025-02-19T06:23:00Z,1,KYH573030,SRP564871
SRR32393336,AMPLICON,501,25175490,PRJNA1225157,SAMN46890788,"MIMS.me,MIGS/MIMS/MIMARKS.human-gut",14410341,RESEARCH INSTITUTE FOR SYSTEMS BIOLOGY AND MEDICINE (RISBM),2016-09-06/2017-11-27,public,"fastq,run.zq,sra","gs,ncbi,s3","gs.us-east1,ncbi.public,s3.us-east-1",human population,human gut,stool,SRX27725417,Russia,Europe,Russia: Arkhangelsk,51.21971,22.96752,Homo sapiens,Illumina MiSeq,64.31 N 40.32 E,KYH962027,PAIRED,PCR,METAGENOMIC,human gut metagenome,ILLUMINA,2025-03-07T00:00:00Z,2025-02-19T06:23:00Z,1,KYH962027,SRP564871
SRR32393337,AMPLICON,500,27912500,PRJNA1225157,SAMN46890554,"MIMS.me,MIGS/MIMS/MIMARKS.human-gut",16911726,RESEARCH INSTITUTE FOR SYSTEMS BIOLOGY AND MEDICINE (RISBM),2016-09-06/2017-11-27,public,"fastq,run.zq,sra","gs,ncbi,s3","gs.us-east1,ncbi.public,s3.us-east-1",human population,human gut,stool,SRX27725416,Russia,Europe,Russia: Arkhangelsk,62.20397,21.85619,Homo sapiens,Illumina MiSeq,64.31 N 40.32 E,KYH115090,PAIRED,PCR,METAGENOMIC,human gut metagenome,ILLUMINA,2025-03-07T00:00:00Z,2025-02-19T06:23:00Z,1,KYH115090,SRP564871
SRR32393338,AMPLICON,501,12739909,PRJNA1225157,SAMN46890787,"MIMS.me,MIGS/MIMS/MIMARKS.human-gut",7354108,RESEARCH INSTITUTE FOR SYSTEMS BIOLOGY AND MEDICINE (RISBM),2016-09-06/2017-11-27,public,"fastq,run.zq,sra","gs,ncbi,s3","gs.us-east1,ncbi.public,s3.us-east-1",human population,human gut,stool,SRX27725415,Russia,Europe,Russia: Arkhangelsk,59.8193,32.63758,Homo sapiens,Illumina MiSeq,64.31 N 40.32 E,KYH529922,PAIRED,PCR,METAGENOMIC,human gut metagenome,ILLUMINA,2025-03-07T00:00:00Z,2025-02-19T06:23:00Z,1,KYH529922,SRP564871
SRR32393339,AMPLICON,501,17356306,PRJNA1225157,SAMN46890786,"MIMS.me,MIGS/MIMS/MIMARKS.human-gut",9640738,RESEARCH INSTITUTE FOR SYSTEMS BIOLOGY AND MEDICINE (RISBM),2016-09-06/2017-11-27,public,"fastq,run.zq,sra","gs,ncbi,s3","gs.us-east1,ncbi.public,s3.us-east-1",human population,human gut,stool,SRX27725414,Russia,Europe,Russia: Arkhangelsk,59.03354,34.3228,Homo sapiens,Illumina MiSeq,64.31 N 40.32 E,KYH835255,PAIRED,PCR,METAGENOMIC,human gut metagenome,ILLUMINA,2025-03-07T00:00:00Z,2025-02-19T06:23:00Z,1,KYH835255,SRP564871
SRR32393340,AMPLICON,501,15602373,PRJNA1225157,SAMN46890785,"MIMS.me,MIGS/MIMS/MIMARKS.human-gut",8696956,RESEARCH INSTITUTE FOR SYSTEMS BIOLOGY AND MEDICINE (RISBM),2016-09-06/2017-11-27,public,"fastq,run.zq,sra","gs,ncbi,s3","gs.us-east1,ncbi.public,s3.us-east-1",human population,human gut,stool,SRX27725413,Russia,Europe,Russia: Arkhangelsk,62.12183,29.05138,Homo sapiens,Illumina MiSeq,64.31 N 40.32 E,KYH947288,PAIRED,PCR,METAGENOMIC,human gut metagenome,ILLUMINA,2025-03-07T00:00:00Z,2025-02-19T06:23:00Z,1,KYH947288,SRP564871
SRR32393341,AMPLICON,501,19099182,PRJNA1225157,SAMN46890784,"MIMS.me,MIGS/MIMS/MIMARKS.human-gut",10635187,RESEARCH INSTITUTE FOR SYSTEMS BIOLOGY AND MEDICINE (RISBM),2016-09-06/2017-11-27,public,"fastq,run.zq,sra","gs,ncbi,s3","gs.us-east1,ncbi.public,s3.us-east-1",human population,human gut,stool,SRX27725412,Russia,Europe,Russia: Arkhangelsk,55.46064,18.3322,Homo sapiens,Illumina MiSeq,64.31 N 40.32 E,KYH985741,PAIRED,PCR,METAGENOMIC,human gut metagenome,ILLUMINA,2025-03-07T00:00:00Z,2025-02-19T06:23:00Z,1,KYH985741,SRP564871
SRR32393342,AMPLICON,501,22217478,PRJNA1225157,SAMN46890783,"MIMS.me,MIGS/MIMS/MIMARKS.human-gut",12585947,RESEARCH INSTITUTE FOR SYSTEMS BIOLOGY AND MEDICINE (RISBM),2016-09-06/2017-11-27,public,"fastq,run.zq,sra","gs,ncbi,s3","gs.us-east1,ncbi.public,s3.us-east-1",human population,human gut,stool,SRX27725411,Russia,Europe,Russia: Arkhangelsk,69.26215,34.539,Homo sapiens,Illumina MiSeq,64.31 N 40.32 E,KYH435020,PAIRED,PCR,METAGENOMIC,human gut metagenome,ILLUMINA,2025-03-07T00:00:00Z,2025-02-19T06:23:00Z,1,KYH435020,SRP564871
SRR32393343,AMPLICON,500,17536124,PRJNA1225157,SAMN46890782,"MIMS.me,MIGS/MIMS/MIMARKS.human-gut",9789559,RESEARCH INSTITUTE FOR SYSTEMS BIOLOGY AND MEDICINE (RISBM),2016-09-06/2017-11-27,public,"fastq,run.zq,sra","gs,ncbi,s3","gs.us-east1,ncbi.public,s3.us-east-1",human population,human gut,stool,SRX27725410,Russia,Europe,Russia: Arkhangelsk,37.96851,26.17518,Homo sapiens,Illumina MiSeq,64.31 N 40.32 E,KYH950084,PAIRED,PCR,METAGENOMIC,human gut metagenome,ILLUMINA,2025-03-07T00:00:00Z,2025-02-19T06:23:00Z,1,KYH950084,SRP564871
SRR32393344,AMPLICON,501,25162401,PRJNA1225157,SAMN46890781,"MIMS.me,MIGS/MIMS/MIMARKS.human-gut",14512282,RESEARCH INSTITUTE FOR SYSTEMS BIOLOGY AND MEDICINE (RISBM),2016-09-06/2017-11-27,public,"fastq,run.zq,sra","gs,ncbi,s3","gs.us-east1,ncbi.public,s3.us-east-1",human population,human gut,stool,SRX27725409,Russia,Europe,Russia: Arkhangelsk,55.50445,43.34144,Homo sapiens,Illumina MiSeq,64.31 N 40.32 E,KYH585905,PAIRED,PCR,METAGENOMIC,human gut metagenome,ILLUMINA,2025-03-07T00:00:00Z,2025-02-19T06:23:00Z,1,KYH585905,SRP564871
SRR32393345,AMPLICON,501,22202934,PRJNA1225157,SAMN46890780,"MIMS.me,MIGS/MIMS/MIMARKS.human-gut",13178564,RESEARCH INSTITUTE FOR SYSTEMS BIOLOGY AND MEDICINE (RISBM),2016-09-06/2017-11-27,public,"fastq,run.zq,sra","gs,ncbi,s3","gs.us-east1,ncbi.public,s3.us-east-1",human population,human gut,stool,SRX27725408,Russia,Europe,Russia: Arkhangelsk,51.68241,24.44241,Homo sapiens,Illumina MiSeq,64.31 N 40.32 E,KYH539223,PAIRED,PCR,METAGENOMIC,human gut metagenome,ILLUMINA,2025-03-07T00:00:00Z,2025-02-19T06:23:00Z,1,KYH539223,SRP564871
SRR32393346,AMPLICON,501,22838182,PRJNA1225157,SAMN46890779,"MIMS.me,MIGS/MIMS/MIMARKS.human-gut",12860236,RESEARCH INSTITUTE FOR SYSTEMS BIOLOGY AND MEDICINE (RISBM),2016-09-06/2017-11-27,public,"fastq,run.zq,sra","gs,ncbi,s3","gs.us-east1,ncbi.public,s3.us-east-1",human population,human gut,stool,SRX27725407,Russia,Europe,Russia: Arkhangelsk,61.23477,33.78181,Homo sapiens,Illumina MiSeq,64.31 N 40.32 E,KYH166724,PAIRED,PCR,METAGENOMIC,human gut metagenome,ILLUMINA,2025-03-07T00:00:00Z,2025-02-19T06:23:00Z,1,KYH166724,SRP564871
SRR32393347,AMPLICON,501,8670037,PRJNA1225157,SAMN46890778,"MIMS.me,MIGS/MIMS/MIMARKS.human-gut",4700557,RESEARCH INSTITUTE FOR SYSTEMS BIOLOGY AND MEDICINE (RISBM),2016-09-06/2017-11-27,public,"fastq,run.zq,sra","gs,ncbi,s3","gs.us-east1,ncbi.public,s3.us-east-1",human population,human gut,stool,SRX27725406,Russia,Europe,Russia: Arkhangelsk,50.09446,27.83657,Homo sapiens,Illumina MiSeq,64.31 N 40.32 E,KYH136302,PAIRED,PCR,METAGENOMIC,human gut metagenome,ILLUMINA,2025-03-07T00:00:00Z,2025-02-19T06:23:00Z,1,KYH136302,SRP564871
SRR32393348,AMPLICON,500,26883000,PRJNA1225157,SAMN46890553,"MIMS.me,MIGS/MIMS/MIMARKS.human-gut",15320283,RESEARCH INSTITUTE FOR SYSTEMS BIOLOGY AND MEDICINE (RISBM),2016-09-06/2017-11-27,public,"fastq,run.zq,sra","gs,ncbi,s3","gs.us-east1,ncbi.public,s3.us-east-1",human population,human gut,stool,SRX27725405,Russia,Europe,Russia: Arkhangelsk,57.13621,20.7978,Homo sapiens,Illumina MiSeq,64.31 N 40.32 E,KYH442851,PAIRED,PCR,METAGENOMIC,human gut metagenome,ILLUMINA,2025-03-07T00:00:00Z,2025-02-19T06:23:00Z,1,KYH442851,SRP564871
SRR32393349,AMPLICON,501,14913512,PRJNA1225157,SAMN46890777,"MIMS.me,MIGS/MIMS/MIMARKS.human-gut",8233584,RESEARCH INSTITUTE FOR SYSTEMS BIOLOGY AND MEDICINE (RISBM),2016-09-06/2017-11-27,public,"fastq,run.zq,sra","gs,ncbi,s3","gs.us-east1,ncbi.public,s3.us-east-1",human population,human gut,stool,SRX27725404,Russia,Europe,Russia: Arkhangelsk,58.89665,29.60411,Homo sapiens,Illumina MiSeq,64.31 N 40.32 E,KYH160698,PAIRED,PCR,METAGENOMIC,human gut metagenome,ILLUMINA,2025-03-07T00:00:00Z,2025-02-19T06:23:00Z,1,KYH160698,SRP564871
SRR32393350,AMPLICON,501,20417226,PRJNA1225157,SAMN46890776,"MIMS.me,MIGS/MIMS/MIMARKS.human-gut",11538089,RESEARCH INSTITUTE FOR SYSTEMS BIOLOGY AND MEDICINE (RISBM),2016-09-06/2017-11-27,public,"fastq,run.zq,sra","gs,ncbi,s3","gs.us-east1,ncbi.public,s3.us-east-1",human population,human gut,stool,SRX27725403,Russia,Europe,Russia: Arkhangelsk,44.62423,28.14263,Homo sapiens,Illumina MiSeq,64.31 N 40.32 E,KYH650494,PAIRED,PCR,METAGENOMIC,human gut metagenome,ILLUMINA,2025-03-07T00:00:00Z,2025-02-19T06:23:00Z,1,KYH650494,SRP564871
SRR32393351,AMPLICON,501,11374551,PRJNA1225157,SAMN46890775,"MIMS.me,MIGS/MIMS/MIMARKS.human-gut",6698315,RESEARCH INSTITUTE FOR SYSTEMS BIOLOGY AND MEDICINE (RISBM),2016-09-06/2017-11-27,public,"fastq,run.zq,sra","gs,ncbi,s3","gs.us-east1,ncbi.public,s3.us-east-1",human population,human gut,stool,SRX27725402,Russia,Europe,Russia: Arkhangelsk,41.12252,26.33088,Homo sapiens,Illumina MiSeq,64.31 N 40.32 E,KYH641271,PAIRED,PCR,METAGENOMIC,human gut metagenome,ILLUMINA,2025-03-07T00:00:00Z,2025-02-19T06:23:00Z,1,KYH641271,SRP564871
SRR32393352,AMPLICON,501,15924337,PRJNA1225157,SAMN46890774,"MIMS.me,MIGS/MIMS/MIMARKS.human-gut",9064451,RESEARCH INSTITUTE FOR SYSTEMS BIOLOGY AND MEDICINE (RISBM),2016-09-06/2017-11-27,public,"fastq,run.zq,sra","gs,ncbi,s3","gs.us-east1,ncbi.public,s3.us-east-1",human population,human gut,stool,SRX27725401,Russia,Europe,Russia: Arkhangelsk,58.8282,27.41479,Homo sapiens,Illumina MiSeq,64.31 N 40.32 E,KYH436866,PAIRED,PCR,METAGENOMIC,human gut metagenome,ILLUMINA,2025-03-07T00:00:00Z,2025-02-19T06:23:00Z,1,KYH436866,SRP564871
SRR32393353,AMPLICON,500,28824000,PRJNA1225157,SAMN46890687,"MIMS.me,MIGS/MIMS/MIMARKS.human-gut",17290458,RESEARCH INSTITUTE FOR SYSTEMS BIOLOGY AND MEDICINE (RISBM),2016-09-06/2017-11-27,public,"fastq,run.zq,sra","gs,ncbi,s3","gs.us-east1,ncbi.public,s3.us-east-1",human population,human gut,stool,SRX27725400,Russia,Europe,Russia: Arkhangelsk,61.32512,36.21227,Homo sapiens,Illumina MiSeq,64.31 N 40.32 E,KYH635695,PAIRED,PCR,METAGENOMIC,human gut metagenome,ILLUMINA,2025-03-07T00:00:00Z,2025-02-19T06:23:00Z,1,KYH635695,SRP564871
SRR32393354,AMPLICON,500,20959000,PRJNA1225157,SAMN46890686,"MIMS.me,MIGS/MIMS/MIMARKS.human-gut",12124587,RESEARCH INSTITUTE FOR SYSTEMS BIOLOGY AND MEDICINE (RISBM),2016-09-06/2017-11-27,public,"fastq,run.zq,sra","gs,ncbi,s3","gs.us-east1,ncbi.public,s3.us-east-1",human population,human gut,stool,SRX27725399,Russia,Europe,Russia: Arkhangelsk,38.987,29.13495,Homo sapiens,Illumina MiSeq,64.31 N 40.32 E,KYH311480,PAIRED,PCR,METAGENOMIC,human gut metagenome,ILLUMINA,2025-03-07T00:00:00Z,2025-02-19T06:23:00Z,1,KYH311480,SRP564871
SRR32393355,AMPLICON,500,24659500,PRJNA1225157,SAMN46890685,"MIMS.me,MIGS/MIMS/MIMARKS.human-gut",15123139,RESEARCH INSTITUTE FOR SYSTEMS BIOLOGY AND MEDICINE (RISBM),2016-09-06/2017-11-27,public,"fastq,run.zq,sra","gs,ncbi,s3","gs.us-east1,ncbi.public,s3.us-east-1",human population,human gut,stool,SRX27725398,Russia,Europe,Russia: Arkhangelsk,56.94182,18.20964,Homo sapiens,Illumina MiSeq,64.31 N 40.32 E,KYH259222,PAIRED,PCR,METAGENOMIC,human gut metagenome,ILLUMINA,2025-03-07T00:00:00Z,2025-02-19T06:23:00Z,1,KYH259222,SRP564871
SRR32393356,AMPLICON,500,26058500,PRJNA1225157,SAMN46890684,"MIMS.me,MIGS/MIMS/MIMARKS.human-gut",15719396,RESEARCH INSTITUTE FOR SYSTEMS BIOLOGY AND MEDICINE (RISBM),2016-09-06/2017-11-27,public,"fastq,run.zq,sra","gs,ncbi,s3","gs.us-east1,ncbi.public,s3.us-east-1",human population,human gut,stool,SRX27725397,Russia,Europe,Russia: Arkhangelsk,52.90349,35.75848,Homo sapiens,Illumina MiSeq,64.31 N 40.32 E,KYH607141,PAIRED,PCR,METAGENOMIC,human gut metagenome,ILLUMINA,2025-03-07T00:00:00Z,2025-02-19T06:23:00Z,1,KYH607141,SRP564871
SRR32393357,AMPLICON,500,11021000,PRJNA1225157,SAMN46890683,"MIMS.me,MIGS/MIMS/MIMARKS.human-gut",6564946,RESEARCH INSTITUTE FOR SYSTEMS BIOLOGY AND MEDICINE (RISBM),2016-09-06/2017-11-27,public,"fastq,run.zq,sra","gs,ncbi,s3","gs.us-east1,ncbi.public,s3.us-east-1",human population,human gut,stool,SRX27725396,Russia,Europe,Russia: Arkhangelsk,53.95209,24.32432,Homo sapiens,Illumina MiSeq,64.31 N 40.32 E,KYH841706,PAIRED,PCR,METAGENOMIC,human gut metagenome,ILLUMINA,2025-03-07T00:00:00Z,2025-02-19T06:23:00Z,1,KYH841706,SRP564871
SRR32393358,AMPLICON,500,12139500,PRJNA1225157,SAMN46890682,"MIMS.me,MIGS/MIMS/MIMARKS.human-gut",7162482,RESEARCH INSTITUTE FOR SYSTEMS BIOLOGY AND MEDICINE (RISBM),2016-09-06/2017-11-27,public,"fastq,run.zq,sra","gs,ncbi,s3","gs.us-east1,ncbi.public,s3.us-east-1",human population,human gut,stool,SRX27725395,Russia,Europe,Russia: Arkhangelsk,49.86721,48.44291,Homo sapiens,Illumina MiSeq,64.31 N 40.32 E,KYH778989,PAIRED,PCR,METAGENOMIC,human gut metagenome,ILLUMINA,2025-03-07T00:00:00Z,2025-02-19T06:23:00Z,1,KYH778989,SRP564871
SRR32393359,AMPLICON,500,27181500,PRJNA1225157,SAMN46890681,"MIMS.me,MIGS/MIMS/MIMARKS.human-gut",16317269,RESEARCH INSTITUTE FOR SYSTEMS BIOLOGY AND MEDICINE (RISBM),2016-09-06/2017-11-27,public,"fastq,run.zq,sra","gs,ncbi,s3","gs.us-east1,ncbi.public,s3.us-east-1",human population,human gut,stool,SRX27725394,Russia,Europe,Russia: Arkhangelsk,57.27036,30.22725,Homo sapiens,Illumina MiSeq,64.31 N 40.32 E,KYH199577,PAIRED,PCR,METAGENOMIC,human gut metagenome,ILLUMINA,2025-03-07T00:00:00Z,2025-02-19T06:23:00Z,1,KYH199577,SRP564871
SRR32393360,AMPLICON,500,23690500,PRJNA1225157,SAMN46890680,"MIMS.me,MIGS/MIMS/MIMARKS.human-gut",13625539,RESEARCH INSTITUTE FOR SYSTEMS BIOLOGY AND MEDICINE (RISBM),2016-09-06/2017-11-27,public,"fastq,run.zq,sra","gs,ncbi,s3","gs.us-east1,ncbi.public,s3.us-east-1",human population,human gut,stool,SRX27725393,Russia,Europe,Russia: Arkhangelsk,66.95962,34.75411,Homo sapiens,Illumina MiSeq,64.31 N 40.32 E,KYH172793,PAIRED,PCR,METAGENOMIC,human gut metagenome,ILLUMINA,2025-03-07T00:00:00Z,2025-02-19T06:23:00Z,1,KYH172793,SRP564871
SRR32393361,AMPLICON,500,14339500,PRJNA1225157,SAMN46890679,"MIMS.me,MIGS/MIMS/MIMARKS.human-gut",8297366,RESEARCH INSTITUTE FOR SYSTEMS BIOLOGY AND MEDICINE (RISBM),2016-09-06/2017-11-27,public,"fastq,run.zq,sra","gs,ncbi,s3","gs.us-east1,ncbi.public,s3.us-east-1",human population,human gut,stool,SRX27725392,Russia,Europe,Russia: Arkhangelsk,65.68652,41.62433,Homo sapiens,Illumina MiSeq,64.31 N 40.32 E,KYH962868,PAIRED,PCR,METAGENOMIC,human gut metagenome,ILLUMINA,2025-03-07T00:00:00Z,2025-02-19T06:23:00Z,1,KYH962868,SRP564871
SRR32393362,AMPLICON,500,23399000,PRJNA1225157,SAMN46890678,"MIMS.me,MIGS/MIMS/MIMARKS.human-gut",13521656,RESEARCH INSTITUTE FOR SYSTEMS BIOLOGY AND MEDICINE (RISBM),2016-09-06/2017-11-27,public,"fastq,run.zq,sra","gs,ncbi,s3","gs.us-east1,ncbi.public,s3.us-east-1",human population,human gut,stool,SRX27725391,Russia,Europe,Russia: Arkhangelsk,54.2423,25.18621,Homo sapiens,Illumina MiSeq,64.31 N 40.32 E,KYH848014,PAIRED,PCR,METAGENOMIC,human gut metagenome,ILLUMINA,2025-03-07T00:00:00Z,2025-02-19T06:23:00Z,1,KYH848014,SRP564871
SRR32393363,AMPLICON,500,29138000,PRJNA1225157,SAMN46890543,"MIMS.me,MIGS/MIMS/MIMARKS.human-gut",17904786,RESEARCH INSTITUTE FOR SYSTEMS BIOLOGY AND MEDICINE (RISBM),2016-09-06/2017-11-27,public,"fastq,run.zq,sra","gs,ncbi,s3","gs.us-east1,ncbi.public,s3.us-east-1",human population,human gut,stool,SRX27725390,Russia,Europe,Russia: Arkhangelsk,50.55168,27.39104,Homo sapiens,Illumina MiSeq,64.31 N 40.32 E,KYH583209,PAIRED,PCR,METAGENOMIC,human gut metagenome,ILLUMINA,2025-03-07T00:00:00Z,2025-02-19T06:23:00Z,1,KYH583209,SRP564871
SRR32393364,AMPLICON,500,20245000,PRJNA1225157,SAMN46890677,"MIMS.me,MIGS/MIMS/MIMARKS.human-gut",12234893,RESEARCH INSTITUTE FOR SYSTEMS BIOLOGY AND MEDICINE (RISBM),2016-09-06/2017-11-27,public,"fastq,run.zq,sra","gs,ncbi,s3","gs.us-east1,ncbi.public,s3.us-east-1",human population,human gut,stool,SRX27725389,Russia,Europe,Russia: Arkhangelsk,59.05818,36.56921,Homo sapiens,Illumina MiSeq,64.31 N 40.32 E,KYH873297,PAIRED,PCR,METAGENOMIC,human gut metagenome,ILLUMINA,2025-03-07T00:00:00Z,2025-02-19T06:23:00Z,1,KYH873297,SRP564871
SRR32393365,AMPLICON,500,18147000,PRJNA1225157,SAMN46890676,"MIMS.me,MIGS/MIMS/MIMARKS.human-gut",10625811,RESEARCH INSTITUTE FOR SYSTEMS BIOLOGY AND MEDICINE (RISBM),2016-09-06/2017-11-27,public,"fastq,run.zq,sra","gs,ncbi,s3","gs.us-east1,ncbi.public,s3.us-east-1",human population,human gut,stool,SRX27725388,Russia,Europe,Russia: Arkhangelsk,40.5065,16.14893,Homo sapiens,Illumina MiSeq,64.31 N 40.32 E,KYH108319,PAIRED,PCR,METAGENOMIC,human gut metagenome,ILLUMINA,2025-03-07T00:00:00Z,2025-02-19T06:23:00Z,1,KYH108319,SRP564871
SRR32393366,AMPLICON,500,20347500,PRJNA1225157,SAMN46890675,"MIMS.me,MIGS/MIMS/MIMARKS.human-gut",12327139,RESEARCH INSTITUTE FOR SYSTEMS BIOLOGY AND MEDICINE (RISBM),2016-09-06/2017-11-27,public,"fastq,run.zq,sra","gs,ncbi,s3","gs.us-east1,ncbi.public,s3.us-east-1",human population,human gut,stool,SRX27725387,Russia,Europe,Russia: Arkhangelsk,60.29569,25.09035,Homo sapiens,Illumina MiSeq,64.31 N 40.32 E,KYH565699,PAIRED,PCR,METAGENOMIC,human gut metagenome,ILLUMINA,2025-03-07T00:00:00Z,2025-02-19T06:23:00Z,1,KYH565699,SRP564871
SRR32393367,AMPLICON,500,24616000,PRJNA1225157,SAMN46890674,"MIMS.me,MIGS/MIMS/MIMARKS.human-gut",13865466,RESEARCH INSTITUTE FOR SYSTEMS BIOLOGY AND MEDICINE (RISBM),2016-09-06/2017-11-27,public,"fastq,run.zq,sra","gs,ncbi,s3","gs.us-east1,ncbi.public,s3.us-east-1",human population,human gut,stool,SRX27725386,Russia,Europe,Russia: Arkhangelsk,56.33676,32.63896,Homo sapiens,Illumina MiSeq,64.31 N 40.32 E,KYH615689,PAIRED,PCR,METAGENOMIC,human gut metagenome,ILLUMINA,2025-03-07T00:00:00Z,2025-02-19T06:23:00Z,1,KYH615689,SRP564871
SRR32393368,AMPLICON,500,12258000,PRJNA1225157,SAMN46890673,"MIMS.me,MIGS/MIMS/MIMARKS.human-gut",7400805,RESEARCH INSTITUTE FOR SYSTEMS BIOLOGY AND MEDICINE (RISBM),2016-09-06/2017-11-27,public,"fastq,run.zq,sra","gs,ncbi,s3","gs.us-east1,ncbi.public,s3.us-east-1",human population,human gut,stool,SRX27725385,Russia,Europe,Russia: Arkhangelsk,62.84189,30.84442,Homo sapiens,Illumina MiSeq,64.31 N 40.32 E,KYH655764,PAIRED,PCR,METAGENOMIC,human gut metagenome,ILLUMINA,2025-03-07T00:00:00Z,2025-02-19T06:23:00Z,1,KYH655764,SRP564871
SRR32393369,AMPLICON,500,11084500,PRJNA1225157,SAMN46890672,"MIMS.me,MIGS/MIMS/MIMARKS.human-gut",6544490,RESEARCH INSTITUTE FOR SYSTEMS BIOLOGY AND MEDICINE (RISBM),2016-09-06/2017-11-27,public,"fastq,run.zq,sra","gs,ncbi,s3","gs.us-east1,ncbi.public,s3.us-east-1",human population,human gut,stool,SRX27725384,Russia,Europe,Russia: Arkhangelsk,55.06913,27.26252,Homo sapiens,Illumina MiSeq,64.31 N 40.32 E,KYH230611,PAIRED,PCR,METAGENOMIC,human gut metagenome,ILLUMINA,2025-03-07T00:00:00Z,2025-02-19T06:23:00Z,1,KYH230611,SRP564871
SRR32393370,AMPLICON,500,15239000,PRJNA1225157,SAMN46890671,"MIMS.me,MIGS/MIMS/MIMARKS.human-gut",8718144,RESEARCH INSTITUTE FOR SYSTEMS BIOLOGY AND MEDICINE (RISBM),2016-09-06/2017-11-27,public,"fastq,run.zq,sra","gs,ncbi,s3","gs.us-east1,ncbi.public,s3.us-east-1",human population,human gut,stool,SRX27725383,Russia,Europe,Russia: Arkhangelsk,58.24504,27.27111,Homo sapiens,Illumina MiSeq,64.31 N 40.32 E,KYH610304,PAIRED,PCR,METAGENOMIC,human gut metagenome,ILLUMINA,2025-03-07T00:00:00Z,2025-02-19T06:23:00Z,1,KYH610304,SRP564871
SRR32393371,AMPLICON,500,25350000,PRJNA1225157,SAMN46890670,"MIMS.me,MIGS/MIMS/MIMARKS.human-gut",14527545,RESEARCH INSTITUTE FOR SYSTEMS BIOLOGY AND MEDICINE (RISBM),2016-09-06/2017-11-27,public,"fastq,run.zq,sra","gs,ncbi,s3","gs.us-east1,ncbi.public,s3.us-east-1",human population,human gut,stool,SRX27725382,Russia,Europe,Russia: Arkhangelsk,58.46407,29.7608,Homo sapiens,Illumina MiSeq,64.31 N 40.32 E,KYH553717,PAIRED,PCR,METAGENOMIC,human gut metagenome,ILLUMINA,2025-03-07T00:00:00Z,2025-02-19T06:23:00Z,1,KYH553717,SRP564871
SRR32393372,AMPLICON,500,12964500,PRJNA1225157,SAMN46890669,"MIMS.me,MIGS/MIMS/MIMARKS.human-gut",7624467,RESEARCH INSTITUTE FOR SYSTEMS BIOLOGY AND MEDICINE (RISBM),2016-09-06/2017-11-27,public,"fastq,run.zq,sra","gs,ncbi,s3","gs.us-east1,ncbi.public,s3.us-east-1",human population,human gut,stool,SRX27725381,Russia,Europe,Russia: Arkhangelsk,50.46407,26.09377,Homo sapiens,Illumina MiSeq,64.31 N 40.32 E,KYH554414,PAIRED,PCR,METAGENOMIC,human gut metagenome,ILLUMINA,2025-03-07T00:00:00Z,2025-02-19T06:23:00Z,1,KYH554414,SRP564871
SRR32393373,AMPLICON,500,26622000,PRJNA1225157,SAMN46890668,"MIMS.me,MIGS/MIMS/MIMARKS.human-gut",15070088,RESEARCH INSTITUTE FOR SYSTEMS BIOLOGY AND MEDICINE (RISBM),2016-09-06/2017-11-27,public,"fastq,run.zq,sra","gs,ncbi,s3","gs.us-east1,ncbi.public,s3.us-east-1",human population,human gut,stool,SRX27725380,Russia,Europe,Russia: Arkhangelsk,69.39083,30.30299,Homo sapiens,Illumina MiSeq,64.31 N 40.32 E,KYH364131,PAIRED,PCR,METAGENOMIC,human gut metagenome,ILLUMINA,2025-03-07T00:00:00Z,2025-02-19T06:23:00Z,1,KYH364131,SRP564871
SRR32393374,AMPLICON,500,13856500,PRJNA1225157,SAMN46890542,"MIMS.me,MIGS/MIMS/MIMARKS.human-gut",8021695,RESEARCH INSTITUTE FOR SYSTEMS BIOLOGY AND MEDICINE (RISBM),2016-09-06/2017-11-27,public,"fastq,run.zq,sra","gs,ncbi,s3","gs.us-east1,ncbi.public,s3.us-east-1",human population,human gut,stool,SRX27725379,Russia,Europe,Russia: Arkhangelsk,49.87543,37.2279,Homo sapiens,Illumina MiSeq,64.31 N 40.32 E,KYH173909,PAIRED,PCR,METAGENOMIC,human gut metagenome,ILLUMINA,2025-03-07T00:00:00Z,2025-02-19T06:23:00Z,1,KYH173909,SRP564871
SRR32393375,AMPLICON,500,20717000,PRJNA1225157,SAMN46890667,"MIMS.me,MIGS/MIMS/MIMARKS.human-gut",11751391,RESEARCH INSTITUTE FOR SYSTEMS BIOLOGY AND MEDICINE (RISBM),2016-09-06/2017-11-27,public,"fastq,run.zq,sra","gs,ncbi,s3","gs.us-east1,ncbi.public,s3.us-east-1",human population,human gut,stool,SRX27725378,Russia,Europe,Russia: Arkhangelsk,64.8679,34.04959,Homo sapiens,Illumina MiSeq,64.31 N 40.32 E,KYH335740,PAIRED,PCR,METAGENOMIC,human gut metagenome,ILLUMINA,2025-03-07T00:00:00Z,2025-02-19T06:23:00Z,1,KYH335740,SRP564871
SRR32393376,AMPLICON,500,12210000,PRJNA1225157,SAMN46890666,"MIMS.me,MIGS/MIMS/MIMARKS.human-gut",7179101,RESEARCH INSTITUTE FOR SYSTEMS BIOLOGY AND MEDICINE (RISBM),2016-09-06/2017-11-27,public,"fastq,run.zq,sra","gs,ncbi,s3","gs.us-east1,ncbi.public,s3.us-east-1",human population,human gut,stool,SRX27725377,Russia,Europe,Russia: Arkhangelsk,46.51335,23.03229,Homo sapiens,Illumina MiSeq,64.31 N 40.32 E,KYH740712,PAIRED,PCR,METAGENOMIC,human gut metagenome,ILLUMINA,2025-03-07T00:00:00Z,2025-02-19T06:23:00Z,1,KYH740712,SRP564871
SRR32393377,AMPLICON,500,9695000,PRJNA1225157,SAMN46890665,"MIMS.me,MIGS/MIMS/MIMARKS.human-gut",5803996,RESEARCH INSTITUTE FOR SYSTEMS BIOLOGY AND MEDICINE (RISBM),2016-09-06/2017-11-27,public,"fastq,run.zq,sra","gs,ncbi,s3","gs.us-east1,ncbi.public,s3.us-east-1",human population,human gut,stool,SRX27725376,Russia,Europe,Russia: Arkhangelsk,48.40794,29.38155,Homo sapiens,Illumina MiSeq,64.31 N 40.32 E,KYH446681,PAIRED,PCR,METAGENOMIC,human gut metagenome,ILLUMINA,2025-03-07T00:00:00Z,2025-02-19T06:23:00Z,1,KYH446681,SRP564871
SRR32393378,AMPLICON,500,33044000,PRJNA1225157,SAMN46890664,"MIMS.me,MIGS/MIMS/MIMARKS.human-gut",19004670,RESEARCH INSTITUTE FOR SYSTEMS BIOLOGY AND MEDICINE (RISBM),2016-09-06/2017-11-27,public,"fastq,run.zq,sra","gs,ncbi,s3","gs.us-east1,ncbi.public,s3.us-east-1",human population,human gut,stool,SRX27725375,Russia,Europe,Russia: Arkhangelsk,39.27995,24.99537,Homo sapiens,Illumina MiSeq,64.31 N 40.32 E,KYH937045,PAIRED,PCR,METAGENOMIC,human gut metagenome,ILLUMINA,2025-03-07T00:00:00Z,2025-02-19T06:23:00Z,1,KYH937045,SRP564871
SRR32393379,AMPLICON,500,15939500,PRJNA1225157,SAMN46890663,"MIMS.me,MIGS/MIMS/MIMARKS.human-gut",9179633,RESEARCH INSTITUTE FOR SYSTEMS BIOLOGY AND MEDICINE (RISBM),2016-09-06/2017-11-27,public,"fastq,run.zq,sra","gs,ncbi,s3","gs.us-east1,ncbi.public,s3.us-east-1",human population,human gut,stool,SRX27725374,Russia,Europe,Russia: Arkhangelsk,69.10609,28.09265,Homo sapiens,Illumina MiSeq,64.31 N 40.32 E,KYH752241,PAIRED,PCR,METAGENOMIC,human gut metagenome,ILLUMINA,2025-03-07T00:00:00Z,2025-02-19T06:23:00Z,1,KYH752241,SRP564871
SRR32393380,AMPLICON,500,22491000,PRJNA1225157,SAMN46890662,"MIMS.me,MIGS/MIMS/MIMARKS.human-gut",13262938,RESEARCH INSTITUTE FOR SYSTEMS BIOLOGY AND MEDICINE (RISBM),2016-09-06/2017-11-27,public,"fastq,run.zq,sra","gs,ncbi,s3","gs.us-east1,ncbi.public,s3.us-east-1",human population,human gut,stool,SRX27725373,Russia,Europe,Russia: Arkhangelsk,43.61944,16.91209,Homo sapiens,Illumina MiSeq,64.31 N 40.32 E,KYH161106,PAIRED,PCR,METAGENOMIC,human gut metagenome,ILLUMINA,2025-03-07T00:00:00Z,2025-02-19T06:23:00Z,1,KYH161106,SRP564871
SRR32393381,AMPLICON,500,8590500,PRJNA1225157,SAMN46890661,"MIMS.me,MIGS/MIMS/MIMARKS.human-gut",4950733,RESEARCH INSTITUTE FOR SYSTEMS BIOLOGY AND MEDICINE (RISBM),2016-09-06/2017-11-27,public,"fastq,run.zq,sra","gs,ncbi,s3","gs.us-east1,ncbi.public,s3.us-east-1",human population,human gut,stool,SRX27725372,Russia,Europe,Russia: Arkhangelsk,56.76386,30.74442,Homo sapiens,Illumina MiSeq,64.31 N 40.32 E,KYH527800,PAIRED,PCR,METAGENOMIC,human gut metagenome,ILLUMINA,2025-03-07T00:00:00Z,2025-02-19T06:23:00Z,1,KYH527800,SRP564871
SRR32393382,AMPLICON,500,20850500,PRJNA1225157,SAMN46890660,"MIMS.me,MIGS/MIMS/MIMARKS.human-gut",12243658,RESEARCH INSTITUTE FOR SYSTEMS BIOLOGY AND MEDICINE (RISBM),2016-09-06/2017-11-27,public,"fastq,run.zq,sra","gs,ncbi,s3","gs.us-east1,ncbi.public,s3.us-east-1",human population,human gut,stool,SRX27725371,Russia,Europe,Russia: Arkhangelsk,55.98357,30.08214,Homo sapiens,Illumina MiSeq,64.31 N 40.32 E,KYH136926,PAIRED,PCR,METAGENOMIC,human gut metagenome,ILLUMINA,2025-03-07T00:00:00Z,2025-02-19T06:23:00Z,1,KYH136926,SRP564871
SRR32393383,AMPLICON,500,21577500,PRJNA1225157,SAMN46890659,"MIMS.me,MIGS/MIMS/MIMARKS.human-gut",12770152,RESEARCH INSTITUTE FOR SYSTEMS BIOLOGY AND MEDICINE (RISBM),2016-09-06/2017-11-27,public,"fastq,run.zq,sra","gs,ncbi,s3","gs.us-east1,ncbi.public,s3.us-east-1",human population,human gut,stool,SRX27725370,Russia,Europe,Russia: Arkhangelsk,37.68925,24.71917,Homo sapiens,Illumina MiSeq,64.31 N 40.32 E,KYH141284,PAIRED,PCR,METAGENOMIC,human gut metagenome,ILLUMINA,2025-03-07T00:00:00Z,2025-02-19T06:23:00Z,1,KYH141284,SRP564871
SRR32393384,AMPLICON,500,21397500,PRJNA1225157,SAMN46890658,"MIMS.me,MIGS/MIMS/MIMARKS.human-gut",12920882,RESEARCH INSTITUTE FOR SYSTEMS BIOLOGY AND MEDICINE (RISBM),2016-09-06/2017-11-27,public,"fastq,run.zq,sra","gs,ncbi,s3","gs.us-east1,ncbi.public,s3.us-east-1",human population,human gut,stool,SRX27725369,Russia,Europe,Russia: Arkhangelsk,69.37988,22.41082,Homo sapiens,Illumina MiSeq,64.31 N 40.32 E,KYH106772,PAIRED,PCR,METAGENOMIC,human gut metagenome,ILLUMINA,2025-03-07T00:00:00Z,2025-02-19T06:23:00Z,1,KYH106772,SRP564871
SRR32393385,AMPLICON,500,23518000,PRJNA1225157,SAMN46890628,"MIMS.me,MIGS/MIMS/MIMARKS.human-gut",13552295,RESEARCH INSTITUTE FOR SYSTEMS BIOLOGY AND MEDICINE (RISBM),2016-09-06/2017-11-27,public,"fastq,run.zq,sra","gs,ncbi,s3","gs.us-east1,ncbi.public,s3.us-east-1",human population,human gut,stool,SRX27725368,Russia,Europe,Russia: Arkhangelsk,53.20739,26.72554,Homo sapiens,Illumina MiSeq,64.31 N 40.32 E,KYH616786,PAIRED,PCR,METAGENOMIC,human gut metagenome,ILLUMINA,2025-03-07T00:00:00Z,2025-02-19T06:23:00Z,1,KYH616786,SRP564871
SRR32393386,AMPLICON,500,24727000,PRJNA1225157,SAMN46890538,"MIMS.me,MIGS/MIMS/MIMARKS.human-gut",14216493,RESEARCH INSTITUTE FOR SYSTEMS BIOLOGY AND MEDICINE (RISBM),2016-09-06/2017-11-27,public,"fastq,run.zq,sra","gs,ncbi,s3","gs.us-east1,ncbi.public,s3.us-east-1",human population,human gut,stool,SRX27725367,Russia,Europe,Russia: Arkhangelsk,50.88296,32.82997,Homo sapiens,Illumina MiSeq,64.31 N 40.32 E,KYH421595,PAIRED,PCR,METAGENOMIC,human gut metagenome,ILLUMINA,2025-03-07T00:00:00Z,2025-02-19T06:23:00Z,1,KYH421595,SRP564871
SRR32393387,AMPLICON,500,9778000,PRJNA1225157,SAMN46890529,"MIMS.me,MIGS/MIMS/MIMARKS.human-gut",5741314,RESEARCH INSTITUTE FOR SYSTEMS BIOLOGY AND MEDICINE (RISBM),2016-09-06/2017-11-27,public,"fastq,run.zq,sra","gs,ncbi,s3","gs.us-east1,ncbi.public,s3.us-east-1",human population,human gut,stool,SRX27725366,Russia,Europe,Russia: Arkhangelsk,47.5154,30.93667,Homo sapiens,Illumina MiSeq,64.31 N 40.32 E,KYH879167,PAIRED,PCR,METAGENOMIC,human gut metagenome,ILLUMINA,2025-03-07T00:00:00Z,2025-02-19T06:23:00Z,1,KYH879167,SRP564871
SRR32393388,AMPLICON,500,23812000,PRJNA1225157,SAMN46890528,"MIMS.me,MIGS/MIMS/MIMARKS.human-gut",14360917,RESEARCH INSTITUTE FOR SYSTEMS BIOLOGY AND MEDICINE (RISBM),2016-09-06/2017-11-27,public,"fastq,run.zq,sra","gs,ncbi,s3","gs.us-east1,ncbi.public,s3.us-east-1",human population,human gut,stool,SRX27725365,Russia,Europe,Russia: Arkhangelsk,65.64271,28.40606,Homo sapiens,Illumina MiSeq,64.31 N 40.32 E,KYH272685,PAIRED,PCR,METAGENOMIC,human gut metagenome,ILLUMINA,2025-03-07T00:00:00Z,2025-02-19T06:23:00Z,1,KYH272685,SRP564871
SRR32393389,AMPLICON,500,19699000,PRJNA1225157,SAMN46890586,"MIMS.me,MIGS/MIMS/MIMARKS.human-gut",11190026,RESEARCH INSTITUTE FOR SYSTEMS BIOLOGY AND MEDICINE (RISBM),2016-09-06/2017-11-27,public,"fastq,run.zq,sra","gs,ncbi,s3","gs.us-east1,ncbi.public,s3.us-east-1",human population,human gut,stool,SRX27726036,Russia,Europe,Russia: Arkhangelsk,39.718,29.99275,Homo sapiens,Illumina MiSeq,64.31 N 40.32 E,KYH928471,PAIRED,PCR,METAGENOMIC,human gut metagenome,ILLUMINA,2025-03-07T00:00:00Z,2025-02-19T06:23:00Z,1,KYH928471,SRP564871
SRR32393390,AMPLICON,501,12889746,PRJNA1225157,SAMN46891107,"MIMS.me,MIGS/MIMS/MIMARKS.human-gut",7599270,RESEARCH INSTITUTE FOR SYSTEMS BIOLOGY AND MEDICINE (RISBM),2016-09-06/2017-11-27,public,"fastq,run.zq,sra","gs,ncbi,s3","gs.us-east1,ncbi.public,s3.us-east-1",human population,human gut,stool,SRX27726035,Russia,Europe,Russia: Arkhangelsk,65.50582,31.26839,Homo sapiens,Illumina MiSeq,64.31 N 40.32 E,KYH524585,PAIRED,PCR,METAGENOMIC,human gut metagenome,ILLUMINA,2025-03-07T00:00:00Z,2025-02-19T06:23:00Z,1,KYH524585,SRP564871
SRR32393391,AMPLICON,501,27470325,PRJNA1225157,SAMN46891106,"MIMS.me,MIGS/MIMS/MIMARKS.human-gut",16407407,RESEARCH INSTITUTE FOR SYSTEMS BIOLOGY AND MEDICINE (RISBM),2016-09-06/2017-11-27,public,"fastq,run.zq,sra","gs,ncbi,s3","gs.us-east1,ncbi.public,s3.us-east-1",human population,human gut,stool,SRX27726034,Russia,Europe,Russia: Arkhangelsk,37.56331,20.98399,Homo sapiens,Illumina MiSeq,64.31 N 40.32 E,KYH341843,PAIRED,PCR,METAGENOMIC,human gut metagenome,ILLUMINA,2025-03-07T00:00:00Z,2025-02-19T06:23:00Z,1,KYH341843,SRP564871
SRR32393392,AMPLICON,501,17800202,PRJNA1225157,SAMN46891105,"MIMS.me,MIGS/MIMS/MIMARKS.human-gut",10554232,RESEARCH INSTITUTE FOR SYSTEMS BIOLOGY AND MEDICINE (RISBM),2016-09-06/2017-11-27,public,"fastq,run.zq,sra","gs,ncbi,s3","gs.us-east1,ncbi.public,s3.us-east-1",human population,human gut,stool,SRX27726033,Russia,Europe,Russia: Arkhangelsk,39.99452,26.41948,Homo sapiens,Illumina MiSeq,64.31 N 40.32 E,KYH296267,PAIRED,PCR,METAGENOMIC,human gut metagenome,ILLUMINA,2025-03-07T00:00:00Z,2025-02-19T06:23:00Z,1,KYH296267,SRP564871
SRR32393393,AMPLICON,501,12361570,PRJNA1225157,SAMN46891104,"MIMS.me,MIGS/MIMS/MIMARKS.human-gut",7947984,RESEARCH INSTITUTE FOR SYSTEMS BIOLOGY AND MEDICINE (RISBM),2016-09-06/2017-11-27,public,"fastq,run.zq,sra","gs,ncbi,s3","gs.us-east1,ncbi.public,s3.us-east-1",human population,human gut,stool,SRX27726032,Russia,Europe,Russia: Arkhangelsk,67.26078,32.38932,Homo sapiens,Illumina MiSeq,64.31 N 40.32 E,KYH587960,PAIRED,PCR,METAGENOMIC,human gut metagenome,ILLUMINA,2025-03-07T00:00:00Z,2025-02-19T06:23:00Z,1,KYH587960,SRP564871
SRR32393394,AMPLICON,501,6937738,PRJNA1225157,SAMN46891103,"MIMS.me,MIGS/MIMS/MIMARKS.human-gut",3953023,RESEARCH INSTITUTE FOR SYSTEMS BIOLOGY AND MEDICINE (RISBM),2016-09-06/2017-11-27,public,"fastq,run.zq,sra","gs,ncbi,s3","gs.us-east1,ncbi.public,s3.us-east-1",human population,human gut,stool,SRX27726031,Russia,Europe,Russia: Arkhangelsk,44.13689,29.3061,Homo sapiens,Illumina MiSeq,64.31 N 40.32 E,KYH772423,PAIRED,PCR,METAGENOMIC,human gut metagenome,ILLUMINA,2025-03-07T00:00:00Z,2025-02-19T06:23:00Z,1,KYH772423,SRP564871
SRR32393395,AMPLICON,485,1880147,PRJNA1225157,SAMN46891102,"MIMS.me,MIGS/MIMS/MIMARKS.human-gut",1166751,RESEARCH INSTITUTE FOR SYSTEMS BIOLOGY AND MEDICINE (RISBM),2016-09-06/2017-11-27,public,"fastq,run.zq,sra","gs,ncbi,s3","gs.us-east1,ncbi.public,s3.us-east-1",human population,human gut,stool,SRX27726030,Russia,Europe,Russia: Arkhangelsk,56.08487,23.23861,Homo sapiens,Illumina MiSeq,64.31 N 40.32 E,KYH333504,PAIRED,PCR,METAGENOMIC,human gut metagenome,ILLUMINA,2025-03-07T00:00:00Z,2025-02-19T06:23:00Z,1,KYH333504,SRP564871
SRR32393396,AMPLICON,501,21427930,PRJNA1225157,SAMN46891101,"MIMS.me,MIGS/MIMS/MIMARKS.human-gut",12007542,RESEARCH INSTITUTE FOR SYSTEMS BIOLOGY AND MEDICINE (RISBM),2016-09-06/2017-11-27,public,"fastq,run.zq,sra","gs,ncbi,s3","gs.us-east1,ncbi.public,s3.us-east-1",human population,human gut,stool,SRX27726029,Russia,Europe,Russia: Arkhangelsk,68.96372,35.58609,Homo sapiens,Illumina MiSeq,64.31 N 40.32 E,KYH446001,PAIRED,PCR,METAGENOMIC,human gut metagenome,ILLUMINA,2025-03-07T00:00:00Z,2025-02-19T06:23:00Z,1,KYH446001,SRP564871
SRR32393397,AMPLICON,501,9759663,PRJNA1225157,SAMN46891100,"MIMS.me,MIGS/MIMS/MIMARKS.human-gut",5957957,RESEARCH INSTITUTE FOR SYSTEMS BIOLOGY AND MEDICINE (RISBM),2016-09-06/2017-11-27,public,"fastq,run.zq,sra","gs,ncbi,s3","gs.us-east1,ncbi.public,s3.us-east-1",human population,human gut,stool,SRX27726028,Russia,Europe,Russia: Arkhangelsk,48.75838,23.42262,Homo sapiens,Illumina MiSeq,64.31 N 40.32 E,KYH657780,PAIRED,PCR,METAGENOMIC,human gut metagenome,ILLUMINA,2025-03-07T00:00:00Z,2025-02-19T06:23:00Z,1,KYH657780,SRP564871
SRR32393398,AMPLICON,501,11272082,PRJNA1225157,SAMN46891099,"MIMS.me,MIGS/MIMS/MIMARKS.human-gut",6639651,RESEARCH INSTITUTE FOR SYSTEMS BIOLOGY AND MEDICINE (RISBM),2016-09-06/2017-11-27,public,"fastq,run.zq,sra","gs,ncbi,s3","gs.us-east1,ncbi.public,s3.us-east-1",human population,human gut,stool,SRX27726027,Russia,Europe,Russia: Arkhangelsk,47.26078,20.67586,Homo sapiens,Illumina MiSeq,64.31 N 40.32 E,KYH645753,PAIRED,PCR,METAGENOMIC,human gut metagenome,ILLUMINA,2025-03-07T00:00:00Z,2025-02-19T06:23:00Z,1,KYH645753,SRP564871
SRR32393399,AMPLICON,501,26795847,PRJNA1225157,SAMN46891098,"MIMS.me,MIGS/MIMS/MIMARKS.human-gut",15478822,RESEARCH INSTITUTE FOR SYSTEMS BIOLOGY AND MEDICINE (RISBM),2016-09-06/2017-11-27,public,"fastq,run.zq,sra","gs,ncbi,s3","gs.us-east1,ncbi.public,s3.us-east-1",human population,human gut,stool,SRX27726026,Russia,Europe,Russia: Arkhangelsk,37.98768,24.57795,Homo sapiens,Illumina MiSeq,64.31 N 40.32 E,KYH588902,PAIRED,PCR,METAGENOMIC,human gut metagenome,ILLUMINA,2025-03-07T00:00:00Z,2025-02-19T06:23:00Z,1,KYH588902,SRP564871
SRR32393400,AMPLICON,500,14863000,PRJNA1225157,SAMN46890585,"MIMS.me,MIGS/MIMS/MIMARKS.human-gut",8487308,RESEARCH INSTITUTE FOR SYSTEMS BIOLOGY AND MEDICINE (RISBM),2016-09-06/2017-11-27,public,"fastq,run.zq,sra","gs,ncbi,s3","gs.us-east1,ncbi.public,s3.us-east-1",human population,human gut,stool,SRX27726025,Russia,Europe,Russia: Arkhangelsk,52.87064,28.39415,Homo sapiens,Illumina MiSeq,64.31 N 40.32 E,KYH812015,PAIRED,PCR,METAGENOMIC,human gut metagenome,ILLUMINA,2025-03-07T00:00:00Z,2025-02-19T06:23:00Z,1,KYH812015,SRP564871
SRR32393401,AMPLICON,501,18807413,PRJNA1225157,SAMN46891097,"MIMS.me,MIGS/MIMS/MIMARKS.human-gut",11341721,RESEARCH INSTITUTE FOR SYSTEMS BIOLOGY AND MEDICINE (RISBM),2016-09-06/2017-11-27,public,"fastq,run.zq,sra","gs,ncbi,s3","gs.us-east1,ncbi.public,s3.us-east-1",human population,human gut,stool,SRX27726024,Russia,Europe,Russia: Arkhangelsk,68.0794,28.03367,Homo sapiens,Illumina MiSeq,64.31 N 40.32 E,KYH769288,PAIRED,PCR,METAGENOMIC,human gut metagenome,ILLUMINA,2025-03-07T00:00:00Z,2025-02-19T06:23:00Z,1,KYH769288,SRP564871
SRR32393402,AMPLICON,501,30051914,PRJNA1225157,SAMN46891096,"MIMS.me,MIGS/MIMS/MIMARKS.human-gut",17328026,RESEARCH INSTITUTE FOR SYSTEMS BIOLOGY AND MEDICINE (RISBM),2016-09-06/2017-11-27,public,"fastq,run.zq,sra","gs,ncbi,s3","gs.us-east1,ncbi.public,s3.us-east-1",human population,human gut,stool,SRX27726023,Russia,Europe,Russia: Arkhangelsk,55.34292,25.57616,Homo sapiens,Illumina MiSeq,64.31 N 40.32 E,KYH937668,PAIRED,PCR,METAGENOMIC,human gut metagenome,ILLUMINA,2025-03-07T00:00:00Z,2025-02-19T06:23:00Z,1,KYH937668,SRP564871
SRR32393403,AMPLICON,501,9318127,PRJNA1225157,SAMN46891095,"MIMS.me,MIGS/MIMS/MIMARKS.human-gut",5784439,RESEARCH INSTITUTE FOR SYSTEMS BIOLOGY AND MEDICINE (RISBM),2016-09-06/2017-11-27,public,"fastq,run.zq,sra","gs,ncbi,s3","gs.us-east1,ncbi.public,s3.us-east-1",human population,human gut,stool,SRX27726022,Russia,Europe,Russia: Arkhangelsk,65.28131,26.9287,Homo sapiens,Illumina MiSeq,64.31 N 40.32 E,KYH217729,PAIRED,PCR,METAGENOMIC,human gut metagenome,ILLUMINA,2025-03-07T00:00:00Z,2025-02-19T06:23:00Z,1,KYH217729,SRP564871
SRR32393404,AMPLICON,501,11538936,PRJNA1225157,SAMN46891094,"MIMS.me,MIGS/MIMS/MIMARKS.human-gut",7081537,RESEARCH INSTITUTE FOR SYSTEMS BIOLOGY AND MEDICINE (RISBM),2016-09-06/2017-11-27,public,"fastq,run.zq,sra","gs,ncbi,s3","gs.us-east1,ncbi.public,s3.us-east-1",human population,human gut,stool,SRX27726021,Russia,Europe,Russia: Arkhangelsk,64.2601,34.16896,Homo sapiens,Illumina MiSeq,64.31 N 40.32 E,KYH891865,PAIRED,PCR,METAGENOMIC,human gut metagenome,ILLUMINA,2025-03-07T00:00:00Z,2025-02-19T06:23:00Z,1,KYH891865,SRP564871
SRR32393405,AMPLICON,501,47830482,PRJNA1225157,SAMN46891093,"MIMS.me,MIGS/MIMS/MIMARKS.human-gut",27563992,RESEARCH INSTITUTE FOR SYSTEMS BIOLOGY AND MEDICINE (RISBM),2016-09-06/2017-11-27,public,"fastq,run.zq,sra","gs,ncbi,s3","gs.us-east1,ncbi.public,s3.us-east-1",human population,human gut,stool,SRX27726020,Russia,Europe,Russia: Arkhangelsk,56.06571,30.39909,Homo sapiens,Illumina MiSeq,64.31 N 40.32 E,KYH493539,PAIRED,PCR,METAGENOMIC,human gut metagenome,ILLUMINA,2025-03-07T00:00:00Z,2025-02-19T06:23:00Z,1,KYH493539,SRP564871
SRR32393406,AMPLICON,501,28809352,PRJNA1225157,SAMN46891092,"MIMS.me,MIGS/MIMS/MIMARKS.human-gut",17535961,RESEARCH INSTITUTE FOR SYSTEMS BIOLOGY AND MEDICINE (RISBM),2016-09-06/2017-11-27,public,"fastq,run.zq,sra","gs,ncbi,s3","gs.us-east1,ncbi.public,s3.us-east-1",human population,human gut,stool,SRX27726019,Russia,Europe,Russia: Arkhangelsk,54.9076,26.80507,Homo sapiens,Illumina MiSeq,64.31 N 40.32 E,KYH731879,PAIRED,PCR,METAGENOMIC,human gut metagenome,ILLUMINA,2025-03-07T00:00:00Z,2025-02-19T06:23:00Z,1,KYH731879,SRP564871
SRR32393407,AMPLICON,501,30821408,PRJNA1225157,SAMN46891091,"MIMS.me,MIGS/MIMS/MIMARKS.human-gut",17587211,RESEARCH INSTITUTE FOR SYSTEMS BIOLOGY AND MEDICINE (RISBM),2016-09-06/2017-11-27,public,"fastq,run.zq,sra","gs,ncbi,s3","gs.us-east1,ncbi.public,s3.us-east-1",human population,human gut,stool,SRX27726018,Russia,Europe,Russia: Arkhangelsk,61.23477,25.83943,Homo sapiens,Illumina MiSeq,64.31 N 40.32 E,KYH247303,PAIRED,PCR,METAGENOMIC,human gut metagenome,ILLUMINA,2025-03-07T00:00:00Z,2025-02-19T06:23:00Z,1,KYH247303,SRP564871
SRR32393408,AMPLICON,500,1138321,PRJNA1225157,SAMN46891090,"MIMS.me,MIGS/MIMS/MIMARKS.human-gut",746648,RESEARCH INSTITUTE FOR SYSTEMS BIOLOGY AND MEDICINE (RISBM),2016-09-06/2017-11-27,public,"fastq,run.zq,sra","gs,ncbi,s3","gs.us-east1,ncbi.public,s3.us-east-1",human population,human gut,stool,SRX27726017,Russia,Europe,Russia: Arkhangelsk,69.73306,24.68178,Homo sapiens,Illumina MiSeq,64.31 N 40.32 E,KYH251378,PAIRED,PCR,METAGENOMIC,human gut metagenome,ILLUMINA,2025-03-07T00:00:00Z,2025-02-19T06:23:00Z,1,KYH251378,SRP564871
SRR32393409,AMPLICON,501,14602958,PRJNA1225157,SAMN46891089,"MIMS.me,MIGS/MIMS/MIMARKS.human-gut",8417354,RESEARCH INSTITUTE FOR SYSTEMS BIOLOGY AND MEDICINE (RISBM),2016-09-06/2017-11-27,public,"fastq,run.zq,sra","gs,ncbi,s3","gs.us-east1,ncbi.public,s3.us-east-1",human population,human gut,stool,SRX27726016,Russia,Europe,Russia: Arkhangelsk,41.04312,27.45723,Homo sapiens,Illumina MiSeq,64.31 N 40.32 E,KYH812671,PAIRED,PCR,METAGENOMIC,human gut metagenome,ILLUMINA,2025-03-07T00:00:00Z,2025-02-19T06:23:00Z,1,KYH812671,SRP564871
SRR32393410,AMPLICON,501,14723495,PRJNA1225157,SAMN46891088,"MIMS.me,MIGS/MIMS/MIMARKS.human-gut",8549430,RESEARCH INSTITUTE FOR SYSTEMS BIOLOGY AND MEDICINE (RISBM),2016-09-06/2017-11-27,public,"fastq,run.zq,sra","gs,ncbi,s3","gs.us-east1,ncbi.public,s3.us-east-1",human population,human gut,stool,SRX27726015,Russia,Europe,Russia: Arkhangelsk,58.34908,26.33975,Homo sapiens,Illumina MiSeq,64.31 N 40.32 E,KYH547978,PAIRED,PCR,METAGENOMIC,human gut metagenome,ILLUMINA,2025-03-07T00:00:00Z,2025-02-19T06:23:00Z,1,KYH547978,SRP564871
SRR32393411,AMPLICON,500,11183000,PRJNA1225157,SAMN46890584,"MIMS.me,MIGS/MIMS/MIMARKS.human-gut",6455007,RESEARCH INSTITUTE FOR SYSTEMS BIOLOGY AND MEDICINE (RISBM),2016-09-06/2017-11-27,public,"fastq,run.zq,sra","gs,ncbi,s3","gs.us-east1,ncbi.public,s3.us-east-1",human population,human gut,stool,SRX27726014,Russia,Europe,Russia: Arkhangelsk,68.53388,28.4714,Homo sapiens,Illumina MiSeq,64.31 N 40.32 E,KYH563548,PAIRED,PCR,METAGENOMIC,human gut metagenome,ILLUMINA,2025-03-07T00:00:00Z,2025-02-19T06:23:00Z,1,KYH563548,SRP564871
SRR32393412,AMPLICON,501,9342803,PRJNA1225157,SAMN46891087,"MIMS.me,MIGS/MIMS/MIMARKS.human-gut",6049856,RESEARCH INSTITUTE FOR SYSTEMS BIOLOGY AND MEDICINE (RISBM),2016-09-06/2017-11-27,public,"fastq,run.zq,sra","gs,ncbi,s3","gs.us-east1,ncbi.public,s3.us-east-1",human population,human gut,stool,SRX27726013,Russia,Europe,Russia: Arkhangelsk,65.27858,34.65444,Homo sapiens,Illumina MiSeq,64.31 N 40.32 E,KYH485933,PAIRED,PCR,METAGENOMIC,human gut metagenome,ILLUMINA,2025-03-07T00:00:00Z,2025-02-19T06:23:00Z,1,KYH485933,SRP564871
SRR32393413,AMPLICON,501,20522583,PRJNA1225157,SAMN46891086,"MIMS.me,MIGS/MIMS/MIMARKS.human-gut",12250625,RESEARCH INSTITUTE FOR SYSTEMS BIOLOGY AND MEDICINE (RISBM),2016-09-06/2017-11-27,public,"fastq,run.zq,sra","gs,ncbi,s3","gs.us-east1,ncbi.public,s3.us-east-1",human population,human gut,stool,SRX27726012,Russia,Europe,Russia: Arkhangelsk,60.03559,28.07024,Homo sapiens,Illumina MiSeq,64.31 N 40.32 E,KYH442233,PAIRED,PCR,METAGENOMIC,human gut metagenome,ILLUMINA,2025-03-07T00:00:00Z,2025-02-19T06:23:00Z,1,KYH442233,SRP564871
SRR32393414,AMPLICON,501,2716960,PRJNA1225157,SAMN46891085,"MIMS.me,MIGS/MIMS/MIMARKS.human-gut",1544974,RESEARCH INSTITUTE FOR SYSTEMS BIOLOGY AND MEDICINE (RISBM),2016-09-06/2017-11-27,public,"fastq,run.zq,sra","gs,ncbi,s3","gs.us-east1,ncbi.public,s3.us-east-1",human population,human gut,stool,SRX27726011,Russia,Europe,Russia: Arkhangelsk,54.79808,20.90996,Homo sapiens,Illumina MiSeq,64.31 N 40.32 E,KYH901866,PAIRED,PCR,METAGENOMIC,human gut metagenome,ILLUMINA,2025-03-07T00:00:00Z,2025-02-19T06:23:00Z,1,KYH901866,SRP564871
SRR32393415,AMPLICON,501,7689440,PRJNA1225157,SAMN46891084,"MIMS.me,MIGS/MIMS/MIMARKS.human-gut",4364694,RESEARCH INSTITUTE FOR SYSTEMS BIOLOGY AND MEDICINE (RISBM),2016-09-06/2017-11-27,public,"fastq,run.zq,sra","gs,ncbi,s3","gs.us-east1,ncbi.public,s3.us-east-1",human population,human gut,stool,SRX27726010,Russia,Europe,Russia: Arkhangelsk,45.90828,23.60099,Homo sapiens,Illumina MiSeq,64.31 N 40.32 E,KYH275092,PAIRED,PCR,METAGENOMIC,human gut metagenome,ILLUMINA,2025-03-07T00:00:00Z,2025-02-19T06:23:00Z,1,KYH275092,SRP564871
SRR32393416,AMPLICON,501,14796142,PRJNA1225157,SAMN46891083,"MIMS.me,MIGS/MIMS/MIMARKS.human-gut",9011169,RESEARCH INSTITUTE FOR SYSTEMS BIOLOGY AND MEDICINE (RISBM),2016-09-06/2017-11-27,public,"fastq,run.zq,sra","gs,ncbi,s3","gs.us-east1,ncbi.public,s3.us-east-1",human population,human gut,stool,SRX27726009,Russia,Europe,Russia: Arkhangelsk,37.89185,25.08355,Homo sapiens,Illumina MiSeq,64.31 N 40.32 E,KYH350537,PAIRED,PCR,METAGENOMIC,human gut metagenome,ILLUMINA,2025-03-07T00:00:00Z,2025-02-19T06:23:00Z,1,KYH350537,SRP564871
SRR32393417,AMPLICON,501,15974916,PRJNA1225157,SAMN46891082,"MIMS.me,MIGS/MIMS/MIMARKS.human-gut",9678741,RESEARCH INSTITUTE FOR SYSTEMS BIOLOGY AND MEDICINE (RISBM),2016-09-06/2017-11-27,public,"fastq,run.zq,sra","gs,ncbi,s3","gs.us-east1,ncbi.public,s3.us-east-1",human population,human gut,stool,SRX27726008,Russia,Europe,Russia: Arkhangelsk,40.282,18.78782,Homo sapiens,Illumina MiSeq,64.31 N 40.32 E,KYH425589,PAIRED,PCR,METAGENOMIC,human gut metagenome,ILLUMINA,2025-03-07T00:00:00Z,2025-02-19T06:23:00Z,1,KYH425589,SRP564871
SRR32393418,AMPLICON,501,7020813,PRJNA1225157,SAMN46891081,"MIMS.me,MIGS/MIMS/MIMARKS.human-gut",3931849,RESEARCH INSTITUTE FOR SYSTEMS BIOLOGY AND MEDICINE (RISBM),2016-09-06/2017-11-27,public,"fastq,run.zq,sra","gs,ncbi,s3","gs.us-east1,ncbi.public,s3.us-east-1",human population,human gut,stool,SRX27726007,Russia,Europe,Russia: Arkhangelsk,50.29158,23.54629,Homo sapiens,Illumina MiSeq,64.31 N 40.32 E,KYH661977,PAIRED,PCR,METAGENOMIC,human gut metagenome,ILLUMINA,2025-03-07T00:00:00Z,2025-02-19T06:23:00Z,1,KYH661977,SRP564871
SRR32393419,AMPLICON,501,15027993,PRJNA1225157,SAMN46891080,"MIMS.me,MIGS/MIMS/MIMARKS.human-gut",8851501,RESEARCH INSTITUTE FOR SYSTEMS BIOLOGY AND MEDICINE (RISBM),2016-09-06/2017-11-27,public,"fastq,run.zq,sra","gs,ncbi,s3","gs.us-east1,ncbi.public,s3.us-east-1",human population,human gut,stool,SRX27726006,Russia,Europe,Russia: Arkhangelsk,38.98973,25.9588,Homo sapiens,Illumina MiSeq,64.31 N 40.32 E,KYH360229,PAIRED,PCR,METAGENOMIC,human gut metagenome,ILLUMINA,2025-03-07T00:00:00Z,2025-02-19T06:23:00Z,1,KYH360229,SRP564871
SRR32393420,AMPLICON,501,12062316,PRJNA1225157,SAMN46891079,"MIMS.me,MIGS/MIMS/MIMARKS.human-gut",7259392,RESEARCH INSTITUTE FOR SYSTEMS BIOLOGY AND MEDICINE (RISBM),2016-09-06/2017-11-27,public,"fastq,run.zq,sra","gs,ncbi,s3","gs.us-east1,ncbi.public,s3.us-east-1",human population,human gut,stool,SRX27726005,Russia,Europe,Russia: Arkhangelsk,49.27584,21.13713,Homo sapiens,Illumina MiSeq,64.31 N 40.32 E,KYH475942,PAIRED,PCR,METAGENOMIC,human gut metagenome,ILLUMINA,2025-03-07T00:00:00Z,2025-02-19T06:23:00Z,1,KYH475942,SRP564871
SRR32393421,AMPLICON,498,1749639,PRJNA1225157,SAMN46891078,"MIMS.me,MIGS/MIMS/MIMARKS.human-gut",1145945,RESEARCH INSTITUTE FOR SYSTEMS BIOLOGY AND MEDICINE (RISBM),2016-09-06/2017-11-27,public,"fastq,run.zq,sra","gs,ncbi,s3","gs.us-east1,ncbi.public,s3.us-east-1",human population,human gut,stool,SRX27726004,Russia,Europe,Russia: Arkhangelsk,54.19576,34.52972,Homo sapiens,Illumina MiSeq,64.31 N 40.32 E,KYH858995,PAIRED,PCR,METAGENOMIC,human gut metagenome,ILLUMINA,2025-03-07T00:00:00Z,2025-02-19T06:23:00Z,1,KYH858995,SRP564871
SRR32393422,AMPLICON,500,9536000,PRJNA1225157,SAMN46890583,"MIMS.me,MIGS/MIMS/MIMARKS.human-gut",5571938,RESEARCH INSTITUTE FOR SYSTEMS BIOLOGY AND MEDICINE (RISBM),2016-09-06/2017-11-27,public,"fastq,run.zq,sra","gs,ncbi,s3","gs.us-east1,ncbi.public,s3.us-east-1",human population,human gut,stool,SRX27726003,Russia,Europe,Russia: Arkhangelsk,40.75838,20.14978,Homo sapiens,Illumina MiSeq,64.31 N 40.32 E,KYH712281,PAIRED,PCR,METAGENOMIC,human gut metagenome,ILLUMINA,2025-03-07T00:00:00Z,2025-02-19T06:23:00Z,1,KYH712281,SRP564871
SRR32393423,AMPLICON,501,12546763,PRJNA1225157,SAMN46891077,"MIMS.me,MIGS/MIMS/MIMARKS.human-gut",7565772,RESEARCH INSTITUTE FOR SYSTEMS BIOLOGY AND MEDICINE (RISBM),2016-09-06/2017-11-27,public,"fastq,run.zq,sra","gs,ncbi,s3","gs.us-east1,ncbi.public,s3.us-east-1",human population,human gut,stool,SRX27726002,Russia,Europe,Russia: Arkhangelsk,64.23819,26.7347,Homo sapiens,Illumina MiSeq,64.31 N 40.32 E,KYH597603,PAIRED,PCR,METAGENOMIC,human gut metagenome,ILLUMINA,2025-03-07T00:00:00Z,2025-02-19T06:23:00Z,1,KYH597603,SRP564871
SRR32393424,AMPLICON,501,8078216,PRJNA1225157,SAMN46891076,"MIMS.me,MIGS/MIMS/MIMARKS.human-gut",5236473,RESEARCH INSTITUTE FOR SYSTEMS BIOLOGY AND MEDICINE (RISBM),2016-09-06/2017-11-27,public,"fastq,run.zq,sra","gs,ncbi,s3","gs.us-east1,ncbi.public,s3.us-east-1",human population,human gut,stool,SRX27726001,Russia,Europe,Russia: Arkhangelsk,55.25257,29.96675,Homo sapiens,Illumina MiSeq,64.31 N 40.32 E,KYH244248,PAIRED,PCR,METAGENOMIC,human gut metagenome,ILLUMINA,2025-03-07T00:00:00Z,2025-02-19T06:23:00Z,1,KYH244248,SRP564871
SRR32393425,AMPLICON,501,49888154,PRJNA1225157,SAMN46891075,"MIMS.me,MIGS/MIMS/MIMARKS.human-gut",30374645,RESEARCH INSTITUTE FOR SYSTEMS BIOLOGY AND MEDICINE (RISBM),2016-09-06/2017-11-27,public,"fastq,run.zq,sra","gs,ncbi,s3","gs.us-east1,ncbi.public,s3.us-east-1",human population,human gut,stool,SRX27726000,Russia,Europe,Russia: Arkhangelsk,37.83162,24.34843,Homo sapiens,Illumina MiSeq,64.31 N 40.32 E,KYH883581,PAIRED,PCR,METAGENOMIC,human gut metagenome,ILLUMINA,2025-03-07T00:00:00Z,2025-02-19T06:23:00Z,1,KYH883581,SRP564871
SRR32393426,AMPLICON,501,21943236,PRJNA1225157,SAMN46891074,"MIMS.me,MIGS/MIMS/MIMARKS.human-gut",12554101,RESEARCH INSTITUTE FOR SYSTEMS BIOLOGY AND MEDICINE (RISBM),2016-09-06/2017-11-27,public,"fastq,run.zq,sra","gs,ncbi,s3","gs.us-east1,ncbi.public,s3.us-east-1",human population,human gut,stool,SRX27725999,Russia,Europe,Russia: Arkhangelsk,43.05544,19.79275,Homo sapiens,Illumina MiSeq,64.31 N 40.32 E,KYH699948,PAIRED,PCR,METAGENOMIC,human gut metagenome,ILLUMINA,2025-03-07T00:00:00Z,2025-02-19T06:23:00Z,1,KYH699948,SRP564871
SRR32393427,AMPLICON,501,19216372,PRJNA1225157,SAMN46891073,"MIMS.me,MIGS/MIMS/MIMARKS.human-gut",11308172,RESEARCH INSTITUTE FOR SYSTEMS BIOLOGY AND MEDICINE (RISBM),2016-09-06/2017-11-27,public,"fastq,run.zq,sra","gs,ncbi,s3","gs.us-east1,ncbi.public,s3.us-east-1",human population,human gut,stool,SRX27725998,Russia,Europe,Russia: Arkhangelsk,63.06913,28.84049,Homo sapiens,Illumina MiSeq,64.31 N 40.32 E,KYH297807,PAIRED,PCR,METAGENOMIC,human gut metagenome,ILLUMINA,2025-03-07T00:00:00Z,2025-02-19T06:23:00Z,1,KYH297807,SRP564871
SRR32393428,AMPLICON,501,25631470,PRJNA1225157,SAMN46891072,"MIMS.me,MIGS/MIMS/MIMARKS.human-gut",15094834,RESEARCH INSTITUTE FOR SYSTEMS BIOLOGY AND MEDICINE (RISBM),2016-09-06/2017-11-27,public,"fastq,run.zq,sra","gs,ncbi,s3","gs.us-east1,ncbi.public,s3.us-east-1",human population,human gut,stool,SRX27725997,Russia,Europe,Russia: Arkhangelsk,61.54962,19.87397,Homo sapiens,Illumina MiSeq,64.31 N 40.32 E,KYH518245,PAIRED,PCR,METAGENOMIC,human gut metagenome,ILLUMINA,2025-03-07T00:00:00Z,2025-02-19T06:23:00Z,1,KYH518245,SRP564871
SRR32393429,AMPLICON,501,15840496,PRJNA1225157,SAMN46891071,"MIMS.me,MIGS/MIMS/MIMARKS.human-gut",9809015,RESEARCH INSTITUTE FOR SYSTEMS BIOLOGY AND MEDICINE (RISBM),2016-09-06/2017-11-27,public,"fastq,run.zq,sra","gs,ncbi,s3","gs.us-east1,ncbi.public,s3.us-east-1",human population,human gut,stool,SRX27725996,Russia,Europe,Russia: Arkhangelsk,67.50719,34.87817,Homo sapiens,Illumina MiSeq,64.31 N 40.32 E,KYH707939,PAIRED,PCR,METAGENOMIC,human gut metagenome,ILLUMINA,2025-03-07T00:00:00Z,2025-02-19T06:23:00Z,1,KYH707939,SRP564871
SRR32393430,AMPLICON,501,18415889,PRJNA1225157,SAMN46891070,"MIMS.me,MIGS/MIMS/MIMARKS.human-gut",11067183,RESEARCH INSTITUTE FOR SYSTEMS BIOLOGY AND MEDICINE (RISBM),2016-09-06/2017-11-27,public,"fastq,run.zq,sra","gs,ncbi,s3","gs.us-east1,ncbi.public,s3.us-east-1",human population,human gut,stool,SRX27725995,Russia,Europe,Russia: Arkhangelsk,41.98494,21.97379,Homo sapiens,Illumina MiSeq,64.31 N 40.32 E,KYH526999,PAIRED,PCR,METAGENOMIC,human gut metagenome,ILLUMINA,2025-03-07T00:00:00Z,2025-02-19T06:23:00Z,1,KYH526999,SRP564871
SRR32393431,AMPLICON,501,14175247,PRJNA1225157,SAMN46891069,"MIMS.me,MIGS/MIMS/MIMARKS.human-gut",8908487,RESEARCH INSTITUTE FOR SYSTEMS BIOLOGY AND MEDICINE (RISBM),2016-09-06/2017-11-27,public,"fastq,run.zq,sra","gs,ncbi,s3","gs.us-east1,ncbi.public,s3.us-east-1",human population,human gut,stool,SRX27725994,Russia,Europe,Russia: Arkhangelsk,60.22177,34.98352,Homo sapiens,Illumina MiSeq,64.31 N 40.32 E,KYH850053,PAIRED,PCR,METAGENOMIC,human gut metagenome,ILLUMINA,2025-03-07T00:00:00Z,2025-02-19T06:23:00Z,1,KYH850053,SRP564871
SRR32393432,AMPLICON,501,30113165,PRJNA1225157,SAMN46891068,"MIMS.me,MIGS/MIMS/MIMARKS.human-gut",17053054,RESEARCH INSTITUTE FOR SYSTEMS BIOLOGY AND MEDICINE (RISBM),2016-09-06/2017-11-27,public,"run.zq,sra,fastq","gs,ncbi,s3","gs.us-east1,ncbi.public,s3.us-east-1",human population,human gut,stool,SRX27725993,Russia,Europe,Russia: Arkhangelsk,64.61054,24.46819,Homo sapiens,Illumina MiSeq,64.31 N 40.32 E,KYH989930,PAIRED,PCR,METAGENOMIC,human gut metagenome,ILLUMINA,2025-03-07T00:00:00Z,2025-02-19T06:23:00Z,1,KYH989930,SRP564871
SRR32393433,AMPLICON,500,25076000,PRJNA1225157,SAMN46890582,"MIMS.me,MIGS/MIMS/MIMARKS.human-gut",15068947,RESEARCH INSTITUTE FOR SYSTEMS BIOLOGY AND MEDICINE (RISBM),2016-09-06/2017-11-27,public,"fastq,run.zq,sra","gs,ncbi,s3","gs.us-east1,ncbi.public,s3.us-east-1",human population,human gut,stool,SRX27725992,Russia,Europe,Russia: Arkhangelsk,54.3436,23.19884,Homo sapiens,Illumina MiSeq,64.31 N 40.32 E,KYH555365,PAIRED,PCR,METAGENOMIC,human gut metagenome,ILLUMINA,2025-03-07T00:00:00Z,2025-02-19T06:23:00Z,1,KYH555365,SRP564871
SRR32393434,AMPLICON,501,19208349,PRJNA1225157,SAMN46891067,"MIMS.me,MIGS/MIMS/MIMARKS.human-gut",11530200,RESEARCH INSTITUTE FOR SYSTEMS BIOLOGY AND MEDICINE (RISBM),2016-09-06/2017-11-27,public,"fastq,run.zq,sra","gs,ncbi,s3","gs.us-east1,ncbi.public,s3.us-east-1",human population,human gut,stool,SRX27725991,Russia,Europe,Russia: Arkhangelsk,67.36208,30.55429,Homo sapiens,Illumina MiSeq,64.31 N 40.32 E,KYH425907,PAIRED,PCR,METAGENOMIC,human gut metagenome,ILLUMINA,2025-03-07T00:00:00Z,2025-02-19T06:23:00Z,1,KYH425907,SRP564871
SRR32393435,AMPLICON,501,21711411,PRJNA1225157,SAMN46891066,"MIMS.me,MIGS/MIMS/MIMARKS.human-gut",13891994,RESEARCH INSTITUTE FOR SYSTEMS BIOLOGY AND MEDICINE (RISBM),2016-09-06/2017-11-27,public,"fastq,run.zq,sra","gs,ncbi,s3","gs.us-east1,ncbi.public,s3.us-east-1",human population,human gut,stool,SRX27725990,Russia,Europe,Russia: Arkhangelsk,68.30116,23.83821,Homo sapiens,Illumina MiSeq,64.31 N 40.32 E,KYH334608,PAIRED,PCR,METAGENOMIC,human gut metagenome,ILLUMINA,2025-03-07T00:00:00Z,2025-02-19T06:23:00Z,1,KYH334608,SRP564871
SRR32393436,AMPLICON,501,17840012,PRJNA1225157,SAMN46891065,"MIMS.me,MIGS/MIMS/MIMARKS.human-gut",10646091,RESEARCH INSTITUTE FOR SYSTEMS BIOLOGY AND MEDICINE (RISBM),2016-09-06/2017-11-27,public,"fastq,run.zq,sra","gs,ncbi,s3","gs.us-east1,ncbi.public,s3.us-east-1",human population,human gut,stool,SRX27725989,Russia,Europe,Russia: Arkhangelsk,49.01574,25.86312,Homo sapiens,Illumina MiSeq,64.31 N 40.32 E,KYH562789,PAIRED,PCR,METAGENOMIC,human gut metagenome,ILLUMINA,2025-03-07T00:00:00Z,2025-02-19T06:23:00Z,1,KYH562789,SRP564871
SRR32393437,AMPLICON,501,6389273,PRJNA1225157,SAMN46891064,"MIMS.me,MIGS/MIMS/MIMARKS.human-gut",3680722,RESEARCH INSTITUTE FOR SYSTEMS BIOLOGY AND MEDICINE (RISBM),2016-09-06/2017-11-27,public,"fastq,run.zq,sra","gs,ncbi,s3","gs.us-east1,ncbi.public,s3.us-east-1",human population,human gut,stool,SRX27725988,Russia,Europe,Russia: Arkhangelsk,43.96167,21.10261,Homo sapiens,Illumina MiSeq,64.31 N 40.32 E,KYH114459,PAIRED,PCR,METAGENOMIC,human gut metagenome,ILLUMINA,2025-03-07T00:00:00Z,2025-02-19T06:23:00Z,1,KYH114459,SRP564871
SRR32393438,AMPLICON,501,26702367,PRJNA1225157,SAMN46891063,"MIMS.me,MIGS/MIMS/MIMARKS.human-gut",15062789,RESEARCH INSTITUTE FOR SYSTEMS BIOLOGY AND MEDICINE (RISBM),2016-09-06/2017-11-27,public,"fastq,run.zq,sra","gs,ncbi,s3","gs.us-east1,ncbi.public,s3.us-east-1",human population,human gut,stool,SRX27725987,Russia,Europe,Russia: Arkhangelsk,50.39014,19.79158,Homo sapiens,Illumina MiSeq,64.31 N 40.32 E,KYH451371,PAIRED,PCR,METAGENOMIC,human gut metagenome,ILLUMINA,2025-03-07T00:00:00Z,2025-02-19T06:23:00Z,1,KYH451371,SRP564871
SRR32393439,AMPLICON,501,18013916,PRJNA1225157,SAMN46891062,"MIMS.me,MIGS/MIMS/MIMARKS.human-gut",10467474,RESEARCH INSTITUTE FOR SYSTEMS BIOLOGY AND MEDICINE (RISBM),2016-09-06/2017-11-27,public,"fastq,run.zq,sra","gs,ncbi,s3","gs.us-east1,ncbi.public,s3.us-east-1",human population,human gut,stool,SRX27725986,Russia,Europe,Russia: Arkhangelsk,44.27379,19.03603,Homo sapiens,Illumina MiSeq,64.31 N 40.32 E,KYH694866,PAIRED,PCR,METAGENOMIC,human gut metagenome,ILLUMINA,2025-03-07T00:00:00Z,2025-02-19T06:23:00Z,1,KYH694866,SRP564871
SRR32393440,AMPLICON,501,20020699,PRJNA1225157,SAMN46891032,"MIMS.me,MIGS/MIMS/MIMARKS.human-gut",11768642,RESEARCH INSTITUTE FOR SYSTEMS BIOLOGY AND MEDICINE (RISBM),2016-09-06/2017-11-27,public,"fastq,run.zq,sra","gs,ncbi,s3","gs.us-east1,ncbi.public,s3.us-east-1",human population,human gut,stool,SRX27725985,Russia,Europe,Russia: Arkhangelsk,55.98357,19.71695,Homo sapiens,Illumina MiSeq,64.31 N 40.32 E,KYH622033,PAIRED,PCR,METAGENOMIC,human gut metagenome,ILLUMINA,2025-03-07T00:00:00Z,2025-02-19T06:23:00Z,1,KYH622033,SRP564871
SRR32393441,AMPLICON,501,13643217,PRJNA1225157,SAMN46891031,"MIMS.me,MIGS/MIMS/MIMARKS.human-gut",8197354,RESEARCH INSTITUTE FOR SYSTEMS BIOLOGY AND MEDICINE (RISBM),2016-09-06/2017-11-27,public,"fastq,run.zq,sra","gs,ncbi,s3","gs.us-east1,ncbi.public,s3.us-east-1",human population,human gut,stool,SRX27725984,Russia,Europe,Russia: Arkhangelsk,39.98084,36.61754,Homo sapiens,Illumina MiSeq,64.31 N 40.32 E,KYH902212,PAIRED,PCR,METAGENOMIC,human gut metagenome,ILLUMINA,2025-03-07T00:00:00Z,2025-02-19T06:23:00Z,1,KYH902212,SRP564871
SRR32393442,AMPLICON,501,2001115,PRJNA1225157,SAMN46891030,"MIMS.me,MIGS/MIMS/MIMARKS.human-gut",1316831,RESEARCH INSTITUTE FOR SYSTEMS BIOLOGY AND MEDICINE (RISBM),2016-09-06/2017-11-27,public,"fastq,run.zq,sra","gs,ncbi,s3","gs.us-east1,ncbi.public,s3.us-east-1",human population,human gut,stool,SRX27725983,Russia,Europe,Russia: Arkhangelsk,71.01437,27.89936,Homo sapiens,Illumina MiSeq,64.31 N 40.32 E,KYH569229,PAIRED,PCR,METAGENOMIC,human gut metagenome,ILLUMINA,2025-03-07T00:00:00Z,2025-02-19T06:23:00Z,1,KYH569229,SRP564871
SRR32393443,AMPLICON,501,10721003,PRJNA1225157,SAMN46891029,"MIMS.me,MIGS/MIMS/MIMARKS.human-gut",6212784,RESEARCH INSTITUTE FOR SYSTEMS BIOLOGY AND MEDICINE (RISBM),2016-09-06/2017-11-27,public,"fastq,run.zq,sra","gs,ncbi,s3","gs.us-east1,ncbi.public,s3.us-east-1",human population,human gut,stool,SRX27725982,Russia,Europe,Russia: Arkhangelsk,43.41684,24.07768,Homo sapiens,Illumina MiSeq,64.31 N 40.32 E,KYH640899,PAIRED,PCR,METAGENOMIC,human gut metagenome,ILLUMINA,2025-03-07T00:00:00Z,2025-02-19T06:23:00Z,1,KYH640899,SRP564871
SRR32393444,AMPLICON,501,49661466,PRJNA1225157,SAMN46891028,"MIMS.me,MIGS/MIMS/MIMARKS.human-gut",29944729,RESEARCH INSTITUTE FOR SYSTEMS BIOLOGY AND MEDICINE (RISBM),2016-09-06/2017-11-27,public,"fastq,run.zq,sra","gs,ncbi,s3","gs.us-east1,ncbi.public,s3.us-east-1",human population,human gut,stool,SRX27725981,Russia,Europe,Russia: Arkhangelsk,39.31006,23.68175,Homo sapiens,Illumina MiSeq,64.31 N 40.32 E,KYH529195,PAIRED,PCR,METAGENOMIC,human gut metagenome,ILLUMINA,2025-03-07T00:00:00Z,2025-02-19T06:23:00Z,1,KYH529195,SRP564871
SRR32393445,AMPLICON,500,26083500,PRJNA1225157,SAMN46890578,"MIMS.me,MIGS/MIMS/MIMARKS.human-gut",14872483,RESEARCH INSTITUTE FOR SYSTEMS BIOLOGY AND MEDICINE (RISBM),2016-09-06/2017-11-27,public,"fastq,run.zq,sra","gs,ncbi,s3","gs.us-east1,ncbi.public,s3.us-east-1",human population,human gut,stool,SRX27725980,Russia,Europe,Russia: Arkhangelsk,65.64545,31.7205,Homo sapiens,Illumina MiSeq,64.31 N 40.32 E,KYH771917,PAIRED,PCR,METAGENOMIC,human gut metagenome,ILLUMINA,2025-03-07T00:00:00Z,2025-02-19T06:23:00Z,1,KYH771917,SRP564871
SRR32393446,AMPLICON,500,22720000,PRJNA1225157,SAMN46890533,"MIMS.me,MIGS/MIMS/MIMARKS.human-gut",13383846,RESEARCH INSTITUTE FOR SYSTEMS BIOLOGY AND MEDICINE (RISBM),2016-09-06/2017-11-27,public,"fastq,run.zq,sra","gs,ncbi,s3","gs.us-east1,ncbi.public,s3.us-east-1",human population,human gut,stool,SRX27725979,Russia,Europe,Russia: Arkhangelsk,63.2115,21.65042,Homo sapiens,Illumina MiSeq,64.31 N 40.32 E,KYH439442,PAIRED,PCR,METAGENOMIC,human gut metagenome,ILLUMINA,2025-03-07T00:00:00Z,2025-02-19T06:23:00Z,1,KYH439442,SRP564871
SRR32393447,AMPLICON,501,22453262,PRJNA1225157,SAMN46891027,"MIMS.me,MIGS/MIMS/MIMARKS.human-gut",12935502,RESEARCH INSTITUTE FOR SYSTEMS BIOLOGY AND MEDICINE (RISBM),2016-09-06/2017-11-27,public,"fastq,run.zq,sra","gs,ncbi,s3","gs.us-east1,ncbi.public,s3.us-east-1",human population,human gut,stool,SRX27725978,Russia,Europe,Russia: Arkhangelsk,39.70979,28.53386,Homo sapiens,Illumina MiSeq,64.31 N 40.32 E,KYH820340,PAIRED,PCR,METAGENOMIC,human gut metagenome,ILLUMINA,2025-03-07T00:00:00Z,2025-02-19T06:23:00Z,1,KYH820340,SRP564871
SRR32393448,AMPLICON,501,31223606,PRJNA1225157,SAMN46891026,"MIMS.me,MIGS/MIMS/MIMARKS.human-gut",18523027,RESEARCH INSTITUTE FOR SYSTEMS BIOLOGY AND MEDICINE (RISBM),2016-09-06/2017-11-27,public,"fastq,run.zq,sra","gs,ncbi,s3","gs.us-east1,ncbi.public,s3.us-east-1",human population,human gut,stool,SRX27725977,Russia,Europe,Russia: Arkhangelsk,68.93634,34.63123,Homo sapiens,Illumina MiSeq,64.31 N 40.32 E,KYH897532,PAIRED,PCR,METAGENOMIC,human gut metagenome,ILLUMINA,2025-03-07T00:00:00Z,2025-02-19T06:23:00Z,1,KYH897532,SRP564871
SRR32393449,AMPLICON,501,14298087,PRJNA1225157,SAMN46891025,"MIMS.me,MIGS/MIMS/MIMARKS.human-gut",8179632,RESEARCH INSTITUTE FOR SYSTEMS BIOLOGY AND MEDICINE (RISBM),2016-09-06/2017-11-27,public,"fastq,run.zq,sra","gs,ncbi,s3","gs.us-east1,ncbi.public,s3.us-east-1",human population,human gut,stool,SRX27725976,Russia,Europe,Russia: Arkhangelsk,54.16016,24.47821,Homo sapiens,Illumina MiSeq,64.31 N 40.32 E,KYH607841,PAIRED,PCR,METAGENOMIC,human gut metagenome,ILLUMINA,2025-03-07T00:00:00Z,2025-02-19T06:23:00Z,1,KYH607841,SRP564871
SRR32393450,AMPLICON,501,17911189,PRJNA1225157,SAMN46891024,"MIMS.me,MIGS/MIMS/MIMARKS.human-gut",11172756,RESEARCH INSTITUTE FOR SYSTEMS BIOLOGY AND MEDICINE (RISBM),2016-09-06/2017-11-27,public,"fastq,run.zq,sra","gs,ncbi,s3","gs.us-east1,ncbi.public,s3.us-east-1",human population,human gut,stool,SRX27725975,Russia,Europe,Russia: Arkhangelsk,60.62697,26.46952,Homo sapiens,Illumina MiSeq,64.31 N 40.32 E,KYH801534,PAIRED,PCR,METAGENOMIC,human gut metagenome,ILLUMINA,2025-03-07T00:00:00Z,2025-02-19T06:23:00Z,1,KYH801534,SRP564871
SRR32393451,AMPLICON,501,5364000,PRJNA1225157,SAMN46891023,"MIMS.me,MIGS/MIMS/MIMARKS.human-gut",3366360,RESEARCH INSTITUTE FOR SYSTEMS BIOLOGY AND MEDICINE (RISBM),2016-09-06/2017-11-27,public,"fastq,run.zq,sra","gs,ncbi,s3","gs.us-east1,ncbi.public,s3.us-east-1",human population,human gut,stool,SRX27725974,Russia,Europe,Russia: Arkhangelsk,50.32717,24.17384,Homo sapiens,Illumina MiSeq,64.31 N 40.32 E,KYH941671,PAIRED,PCR,METAGENOMIC,human gut metagenome,ILLUMINA,2025-03-07T00:00:00Z,2025-02-19T06:23:00Z,1,KYH941671,SRP564871
SRR32393452,AMPLICON,501,21407607,PRJNA1225157,SAMN46891022,"MIMS.me,MIGS/MIMS/MIMARKS.human-gut",12047711,RESEARCH INSTITUTE FOR SYSTEMS BIOLOGY AND MEDICINE (RISBM),2016-09-06/2017-11-27,public,"fastq,run.zq,sra","gs,ncbi,s3","gs.us-east1,ncbi.public,s3.us-east-1",human population,human gut,stool,SRX27725973,Russia,Europe,Russia: Arkhangelsk,45.94935,36.16997,Homo sapiens,Illumina MiSeq,64.31 N 40.32 E,KYH911287,PAIRED,PCR,METAGENOMIC,human gut metagenome,ILLUMINA,2025-03-07T00:00:00Z,2025-02-19T06:23:00Z,1,KYH911287,SRP564871
SRR32393453,AMPLICON,501,24219232,PRJNA1225157,SAMN46891021,"MIMS.me,MIGS/MIMS/MIMARKS.human-gut",14137011,RESEARCH INSTITUTE FOR SYSTEMS BIOLOGY AND MEDICINE (RISBM),2016-09-06/2017-11-27,public,"fastq,run.zq,sra","gs,ncbi,s3","gs.us-east1,ncbi.public,s3.us-east-1",human population,human gut,stool,SRX27725972,Russia,Europe,Russia: Arkhangelsk,62.14374,25.78449,Homo sapiens,Illumina MiSeq,64.31 N 40.32 E,KYH873995,PAIRED,PCR,METAGENOMIC,human gut metagenome,ILLUMINA,2025-03-07T00:00:00Z,2025-02-19T06:23:00Z,1,KYH873995,SRP564871
SRR32393454,AMPLICON,501,22942615,PRJNA1225157,SAMN46891020,"MIMS.me,MIGS/MIMS/MIMARKS.human-gut",13396166,RESEARCH INSTITUTE FOR SYSTEMS BIOLOGY AND MEDICINE (RISBM),2016-09-06/2017-11-27,public,"fastq,run.zq,sra","gs,ncbi,s3","gs.us-east1,ncbi.public,s3.us-east-1",human population,human gut,stool,SRX27725971,Russia,Europe,Russia: Arkhangelsk,46.30253,25.4321,Homo sapiens,Illumina MiSeq,64.31 N 40.32 E,KYH798083,PAIRED,PCR,METAGENOMIC,human gut metagenome,ILLUMINA,2025-03-07T00:00:00Z,2025-02-19T06:23:00Z,1,KYH798083,SRP564871
SRR32393455,AMPLICON,501,12073875,PRJNA1225157,SAMN46891019,"MIMS.me,MIGS/MIMS/MIMARKS.human-gut",7115925,RESEARCH INSTITUTE FOR SYSTEMS BIOLOGY AND MEDICINE (RISBM),2016-09-06/2017-11-27,public,"fastq,run.zq,sra","gs,ncbi,s3","gs.us-east1,ncbi.public,s3.us-east-1",human population,human gut,stool,SRX27725970,Russia,Europe,Russia: Arkhangelsk,62.62012,29.82942,Homo sapiens,Illumina MiSeq,64.31 N 40.32 E,KYH789871,PAIRED,PCR,METAGENOMIC,human gut metagenome,ILLUMINA,2025-03-07T00:00:00Z,2025-02-19T06:23:00Z,1,KYH789871,SRP564871
SRR32393456,AMPLICON,501,19717059,PRJNA1225157,SAMN46891018,"MIMS.me,MIGS/MIMS/MIMARKS.human-gut",11822354,RESEARCH INSTITUTE FOR SYSTEMS BIOLOGY AND MEDICINE (RISBM),2016-09-06/2017-11-27,public,"fastq,run.zq,sra","gs,ncbi,s3","gs.us-east1,ncbi.public,s3.us-east-1",human population,human gut,stool,SRX27725969,Russia,Europe,Russia: Arkhangelsk,37.00753,21.22472,Homo sapiens,Illumina MiSeq,64.31 N 40.32 E,KYH201250,PAIRED,PCR,METAGENOMIC,human gut metagenome,ILLUMINA,2025-03-07T00:00:00Z,2025-02-19T06:23:00Z,1,KYH201250,SRP564871
SRR32393457,AMPLICON,500,15763000,PRJNA1225157,SAMN46890577,"MIMS.me,MIGS/MIMS/MIMARKS.human-gut",9211811,RESEARCH INSTITUTE FOR SYSTEMS BIOLOGY AND MEDICINE (RISBM),2016-09-06/2017-11-27,public,"fastq,run.zq,sra","gs,ncbi,s3","gs.us-east1,ncbi.public,s3.us-east-1",human population,human gut,stool,SRX27725968,Russia,Europe,Russia: Arkhangelsk,55.68789,26.93422,Homo sapiens,Illumina MiSeq,64.31 N 40.32 E,KYH617978,PAIRED,PCR,METAGENOMIC,human gut metagenome,ILLUMINA,2025-03-07T00:00:00Z,2025-02-19T06:23:00Z,1,KYH617978,SRP564871
SRR32393458,AMPLICON,501,13241060,PRJNA1225157,SAMN46891017,"MIMS.me,MIGS/MIMS/MIMARKS.human-gut",8142435,RESEARCH INSTITUTE FOR SYSTEMS BIOLOGY AND MEDICINE (RISBM),2016-09-06/2017-11-27,public,"fastq,run.zq,sra","gs,ncbi,s3","gs.us-east1,ncbi.public,s3.us-east-1",human population,human gut,stool,SRX27725967,Russia,Europe,Russia: Arkhangelsk,38.20123,19.856,Homo sapiens,Illumina MiSeq,64.31 N 40.32 E,KYH856313,PAIRED,PCR,METAGENOMIC,human gut metagenome,ILLUMINA,2025-03-07T00:00:00Z,2025-02-19T06:23:00Z,1,KYH856313,SRP564871
SRR32393459,AMPLICON,501,26874431,PRJNA1225157,SAMN46891016,"MIMS.me,MIGS/MIMS/MIMARKS.human-gut",15528736,RESEARCH INSTITUTE FOR SYSTEMS BIOLOGY AND MEDICINE (RISBM),2016-09-06/2017-11-27,public,"fastq,run.zq,sra","gs,ncbi,s3","gs.us-east1,ncbi.public,s3.us-east-1",human population,human gut,stool,SRX27725966,Russia,Europe,Russia: Arkhangelsk,37.98494,22.0919,Homo sapiens,Illumina MiSeq,64.31 N 40.32 E,KYH959652,PAIRED,PCR,METAGENOMIC,human gut metagenome,ILLUMINA,2025-03-07T00:00:00Z,2025-02-19T06:23:00Z,1,KYH959652,SRP564871
SRR32393460,AMPLICON,501,20385265,PRJNA1225157,SAMN46891015,"MIMS.me,MIGS/MIMS/MIMARKS.human-gut",12077062,RESEARCH INSTITUTE FOR SYSTEMS BIOLOGY AND MEDICINE (RISBM),2016-09-06/2017-11-27,public,"fastq,run.zq,sra","gs,ncbi,s3","gs.us-east1,ncbi.public,s3.us-east-1",human population,human gut,stool,SRX27725965,Russia,Europe,Russia: Arkhangelsk,40.73101,31.62977,Homo sapiens,Illumina MiSeq,64.31 N 40.32 E,KYH763504,PAIRED,PCR,METAGENOMIC,human gut metagenome,ILLUMINA,2025-03-07T00:00:00Z,2025-02-19T06:23:00Z,1,KYH763504,SRP564871
SRR32393461,AMPLICON,501,24758135,PRJNA1225157,SAMN46891014,"MIMS.me,MIGS/MIMS/MIMARKS.human-gut",14335134,RESEARCH INSTITUTE FOR SYSTEMS BIOLOGY AND MEDICINE (RISBM),2016-09-06/2017-11-27,public,"fastq,run.zq,sra","gs,ncbi,s3","gs.us-east1,ncbi.public,s3.us-east-1",human population,human gut,stool,SRX27725964,Russia,Europe,Russia: Arkhangelsk,65.48118,23.42998,Homo sapiens,Illumina MiSeq,64.31 N 40.32 E,KYH232595,PAIRED,PCR,METAGENOMIC,human gut metagenome,ILLUMINA,2025-03-07T00:00:00Z,2025-02-19T06:23:00Z,1,KYH232595,SRP564871
SRR32393462,AMPLICON,501,16607577,PRJNA1225157,SAMN46891013,"MIMS.me,MIGS/MIMS/MIMARKS.human-gut",10642877,RESEARCH INSTITUTE FOR SYSTEMS BIOLOGY AND MEDICINE (RISBM),2016-09-06/2017-11-27,public,"fastq,run.zq,sra","gs,ncbi,s3","gs.us-east1,ncbi.public,s3.us-east-1",human population,human gut,stool,SRX27725963,Russia,Europe,Russia: Arkhangelsk,62.13826,29.26029,Homo sapiens,Illumina MiSeq,64.31 N 40.32 E,KYH287199,PAIRED,PCR,METAGENOMIC,human gut metagenome,ILLUMINA,2025-03-07T00:00:00Z,2025-02-19T06:23:00Z,1,KYH287199,SRP564871
SRR32393463,AMPLICON,501,14950804,PRJNA1225157,SAMN46891012,"MIMS.me,MIGS/MIMS/MIMARKS.human-gut",8976576,RESEARCH INSTITUTE FOR SYSTEMS BIOLOGY AND MEDICINE (RISBM),2016-09-06/2017-11-27,public,"fastq,run.zq,sra","gs,ncbi,s3","gs.us-east1,ncbi.public,s3.us-east-1",human population,human gut,stool,SRX27725962,Russia,Europe,Russia: Arkhangelsk,69.50308,26.69912,Homo sapiens,Illumina MiSeq,64.31 N 40.32 E,KYH742882,PAIRED,PCR,METAGENOMIC,human gut metagenome,ILLUMINA,2025-03-07T00:00:00Z,2025-02-19T06:23:00Z,1,KYH742882,SRP564871
SRR32393464,AMPLICON,501,12162235,PRJNA1225157,SAMN46891011,"MIMS.me,MIGS/MIMS/MIMARKS.human-gut",7217300,RESEARCH INSTITUTE FOR SYSTEMS BIOLOGY AND MEDICINE (RISBM),2016-09-06/2017-11-27,public,"fastq,run.zq,sra","gs,ncbi,s3","gs.us-east1,ncbi.public,s3.us-east-1",human population,human gut,stool,SRX27725961,Russia,Europe,Russia: Arkhangelsk,59.09651,27.37986,Homo sapiens,Illumina MiSeq,64.31 N 40.32 E,KYH460991,PAIRED,PCR,METAGENOMIC,human gut metagenome,ILLUMINA,2025-03-07T00:00:00Z,2025-02-19T06:23:00Z,1,KYH460991,SRP564871
SRR32393465,AMPLICON,501,13607821,PRJNA1225157,SAMN46891010,"MIMS.me,MIGS/MIMS/MIMARKS.human-gut",7841932,RESEARCH INSTITUTE FOR SYSTEMS BIOLOGY AND MEDICINE (RISBM),2016-09-06/2017-11-27,public,"fastq,run.zq,sra","gs,ncbi,s3","gs.us-east1,ncbi.public,s3.us-east-1",human population,human gut,stool,SRX27725960,Russia,Europe,Russia: Arkhangelsk,48.05202,22.06164,Homo sapiens,Illumina MiSeq,64.31 N 40.32 E,KYH341226,PAIRED,PCR,METAGENOMIC,human gut metagenome,ILLUMINA,2025-03-07T00:00:00Z,2025-02-19T06:23:00Z,1,KYH341226,SRP564871
SRR32393466,AMPLICON,501,30440381,PRJNA1225157,SAMN46891009,"MIMS.me,MIGS/MIMS/MIMARKS.human-gut",19063236,RESEARCH INSTITUTE FOR SYSTEMS BIOLOGY AND MEDICINE (RISBM),2016-09-06/2017-11-27,public,"fastq,run.zq,sra","gs,ncbi,s3","gs.us-east1,ncbi.public,s3.us-east-1",human population,human gut,stool,SRX27725959,Russia,Europe,Russia: Arkhangelsk,42.89665,19.58609,Homo sapiens,Illumina MiSeq,64.31 N 40.32 E,KYH482080,PAIRED,PCR,METAGENOMIC,human gut metagenome,ILLUMINA,2025-03-07T00:00:00Z,2025-02-19T06:23:00Z,1,KYH482080,SRP564871
SRR32393467,AMPLICON,501,19706159,PRJNA1225157,SAMN46891008,"MIMS.me,MIGS/MIMS/MIMARKS.human-gut",11729890,RESEARCH INSTITUTE FOR SYSTEMS BIOLOGY AND MEDICINE (RISBM),2016-09-06/2017-11-27,public,"fastq,run.zq,sra","gs,ncbi,s3","gs.us-east1,ncbi.public,s3.us-east-1",human population,human gut,stool,SRX27725958,Russia,Europe,Russia: Arkhangelsk,44.58316,25.87258,Homo sapiens,Illumina MiSeq,64.31 N 40.32 E,KYH274147,PAIRED,PCR,METAGENOMIC,human gut metagenome,ILLUMINA,2025-03-07T00:00:00Z,2025-02-19T06:23:00Z,1,KYH274147,SRP564871
SRR32393468,AMPLICON,500,28246000,PRJNA1225157,SAMN46890576,"MIMS.me,MIGS/MIMS/MIMARKS.human-gut",16136897,RESEARCH INSTITUTE FOR SYSTEMS BIOLOGY AND MEDICINE (RISBM),2016-09-06/2017-11-27,public,"fastq,run.zq,sra","gs,ncbi,s3","gs.us-east1,ncbi.public,s3.us-east-1",human population,human gut,stool,SRX27725957,Russia,Europe,Russia: Arkhangelsk,55.80561,31.04373,Homo sapiens,Illumina MiSeq,64.31 N 40.32 E,KYH221973,PAIRED,PCR,METAGENOMIC,human gut metagenome,ILLUMINA,2025-03-07T00:00:00Z,2025-02-19T06:23:00Z,1,KYH221973,SRP564871
SRR32393469,AMPLICON,501,28084820,PRJNA1225157,SAMN46891007,"MIMS.me,MIGS/MIMS/MIMARKS.human-gut",16257237,RESEARCH INSTITUTE FOR SYSTEMS BIOLOGY AND MEDICINE (RISBM),2016-09-06/2017-11-27,public,"fastq,run.zq,sra","gs,ncbi,s3","gs.us-east1,ncbi.public,s3.us-east-1",human population,human gut,stool,SRX27725956,Russia,Europe,Russia: Arkhangelsk,43.02259,23.33476,Homo sapiens,Illumina MiSeq,64.31 N 40.32 E,KYH582082,PAIRED,PCR,METAGENOMIC,human gut metagenome,ILLUMINA,2025-03-07T00:00:00Z,2025-02-19T06:23:00Z,1,KYH582082,SRP564871
SRR32393470,AMPLICON,501,11355684,PRJNA1225157,SAMN46891006,"MIMS.me,MIGS/MIMS/MIMARKS.human-gut",6472220,RESEARCH INSTITUTE FOR SYSTEMS BIOLOGY AND MEDICINE (RISBM),2016-09-06/2017-11-27,public,"fastq,run.zq,sra","gs,ncbi,s3","gs.us-east1,ncbi.public,s3.us-east-1",human population,human gut,stool,SRX27725955,Russia,Europe,Russia: Arkhangelsk,49.6345,26.19576,Homo sapiens,Illumina MiSeq,64.31 N 40.32 E,KYH334511,PAIRED,PCR,METAGENOMIC,human gut metagenome,ILLUMINA,2025-03-07T00:00:00Z,2025-02-19T06:23:00Z,1,KYH334511,SRP564871
SRR32393471,AMPLICON,501,13935151,PRJNA1225157,SAMN46891005,"MIMS.me,MIGS/MIMS/MIMARKS.human-gut",8210487,RESEARCH INSTITUTE FOR SYSTEMS BIOLOGY AND MEDICINE (RISBM),2016-09-06/2017-11-27,public,"fastq,run.zq,sra","gs,ncbi,s3","gs.us-east1,ncbi.public,s3.us-east-1",human population,human gut,stool,SRX27725954,Russia,Europe,Russia: Arkhangelsk,50.88843,20.62065,Homo sapiens,Illumina MiSeq,64.31 N 40.32 E,KYH616150,PAIRED,PCR,METAGENOMIC,human gut metagenome,ILLUMINA,2025-03-07T00:00:00Z,2025-02-19T06:23:00Z,1,KYH616150,SRP564871
SRR32393472,AMPLICON,500,25219500,PRJNA1225157,SAMN46890567,"MIMS.me,MIGS/MIMS/MIMARKS.human-gut",15149547,RESEARCH INSTITUTE FOR SYSTEMS BIOLOGY AND MEDICINE (RISBM),2016-09-06/2017-11-27,public,"fastq,run.zq,sra","gs,ncbi,s3","gs.us-east1,ncbi.public,s3.us-east-1",human population,human gut,stool,SRX27725953,Russia,Europe,Russia: Arkhangelsk,61.08693,23.75852,Homo sapiens,Illumina MiSeq,64.31 N 40.32 E,KYH367981,PAIRED,PCR,METAGENOMIC,human gut metagenome,ILLUMINA,2025-03-07T00:00:00Z,2025-02-19T06:23:00Z,1,KYH367981,SRP564871
SRR32393473,AMPLICON,501,16136167,PRJNA1225157,SAMN46890917,"MIMS.me,MIGS/MIMS/MIMARKS.human-gut",10093600,RESEARCH INSTITUTE FOR SYSTEMS BIOLOGY AND MEDICINE (RISBM),2016-09-06/2017-11-27,public,"fastq,run.zq,sra","gs,ncbi,s3","gs.us-east1,ncbi.public,s3.us-east-1",human population,human gut,stool,SRX27725952,Russia,Europe,Russia: Arkhangelsk,42.80903,27.82989,Homo sapiens,Illumina MiSeq,64.31 N 40.32 E,KYH546575,PAIRED,PCR,METAGENOMIC,human gut metagenome,ILLUMINA,2025-03-07T00:00:00Z,2025-02-19T06:23:00Z,1,KYH546575,SRP564871
SRR32393474,AMPLICON,501,15730295,PRJNA1225157,SAMN46890916,"MIMS.me,MIGS/MIMS/MIMARKS.human-gut",10164719,RESEARCH INSTITUTE FOR SYSTEMS BIOLOGY AND MEDICINE (RISBM),2016-09-06/2017-11-27,public,"fastq,run.zq,sra","gs,ncbi,s3","gs.us-east1,ncbi.public,s3.us-east-1",human population,human gut,stool,SRX27725951,Russia,Europe,Russia: Arkhangelsk,46.84736,31.01645,Homo sapiens,Illumina MiSeq,64.31 N 40.32 E,KYH991357,PAIRED,PCR,METAGENOMIC,human gut metagenome,ILLUMINA,2025-03-07T00:00:00Z,2025-02-19T06:23:00Z,1,KYH991357,SRP564871
SRR32393475,AMPLICON,501,13697363,PRJNA1225157,SAMN46890915,"MIMS.me,MIGS/MIMS/MIMARKS.human-gut",8925406,RESEARCH INSTITUTE FOR SYSTEMS BIOLOGY AND MEDICINE (RISBM),2016-09-06/2017-11-27,public,"fastq,run.zq,sra","gs,ncbi,s3","gs.us-east1,ncbi.public,s3.us-east-1",human population,human gut,stool,SRX27725950,Russia,Europe,Russia: Arkhangelsk,66.83094,28.76652,Homo sapiens,Illumina MiSeq,64.31 N 40.32 E,KYH999920,PAIRED,PCR,METAGENOMIC,human gut metagenome,ILLUMINA,2025-03-07T00:00:00Z,2025-02-19T06:24:00Z,1,KYH999920,SRP564871
SRR32393476,AMPLICON,501,25147256,PRJNA1225157,SAMN46890914,"MIMS.me,MIGS/MIMS/MIMARKS.human-gut",16937951,RESEARCH INSTITUTE FOR SYSTEMS BIOLOGY AND MEDICINE (RISBM),2016-09-06/2017-11-27,public,"fastq,run.zq,sra","gs,ncbi,s3","gs.us-east1,ncbi.public,s3.us-east-1",human population,human gut,stool,SRX27725949,Russia,Europe,Russia: Arkhangelsk,50.47775,19.2348,Homo sapiens,Illumina MiSeq,64.31 N 40.32 E,KYH661635,PAIRED,PCR,METAGENOMIC,human gut metagenome,ILLUMINA,2025-03-07T00:00:00Z,2025-02-19T06:23:00Z,1,KYH661635,SRP564871
SRR32393477,AMPLICON,501,13684096,PRJNA1225157,SAMN46890913,"MIMS.me,MIGS/MIMS/MIMARKS.human-gut",8834224,RESEARCH INSTITUTE FOR SYSTEMS BIOLOGY AND MEDICINE (RISBM),2016-09-06/2017-11-27,public,"fastq,run.zq,sra","gs,ncbi,s3","gs.us-east1,ncbi.public,s3.us-east-1",human population,human gut,stool,SRX27725948,Russia,Europe,Russia: Arkhangelsk,49.75496,25.57081,Homo sapiens,Illumina MiSeq,64.31 N 40.32 E,KYH477540,PAIRED,PCR,METAGENOMIC,human gut metagenome,ILLUMINA,2025-03-07T00:00:00Z,2025-02-19T06:23:00Z,1,KYH477540,SRP564871
SRR32393478,AMPLICON,501,23728837,PRJNA1225157,SAMN46890912,"MIMS.me,MIGS/MIMS/MIMARKS.human-gut",15045254,RESEARCH INSTITUTE FOR SYSTEMS BIOLOGY AND MEDICINE (RISBM),2016-09-06/2017-11-27,public,"fastq,run.zq,sra","gs,ncbi,s3","gs.us-east1,ncbi.public,s3.us-east-1",human population,human gut,stool,SRX27725947,Russia,Europe,Russia: Arkhangelsk,55.84942,52.44185,Homo sapiens,Illumina MiSeq,64.31 N 40.32 E,KYH216233,PAIRED,PCR,METAGENOMIC,human gut metagenome,ILLUMINA,2025-03-07T00:00:00Z,2025-02-19T06:23:00Z,1,KYH216233,SRP564871
SRR32393479,AMPLICON,501,32813558,PRJNA1225157,SAMN46890911,"MIMS.me,MIGS/MIMS/MIMARKS.human-gut",21323922,RESEARCH INSTITUTE FOR SYSTEMS BIOLOGY AND MEDICINE (RISBM),2016-09-06/2017-11-27,public,"fastq,run.zq,sra","gs,ncbi,s3","gs.us-east1,ncbi.public,s3.us-east-1",human population,human gut,stool,SRX27725946,Russia,Europe,Russia: Arkhangelsk,56.08214,22.75899,Homo sapiens,Illumina MiSeq,64.31 N 40.32 E,KYH758302,PAIRED,PCR,METAGENOMIC,human gut metagenome,ILLUMINA,2025-03-07T00:00:00Z,2025-02-19T06:23:00Z,1,KYH758302,SRP564871
SRR32393480,AMPLICON,501,1578395,PRJNA1225157,SAMN46890910,"MIMS.me,MIGS/MIMS/MIMARKS.human-gut",1065897,RESEARCH INSTITUTE FOR SYSTEMS BIOLOGY AND MEDICINE (RISBM),2016-09-06/2017-11-27,public,"fastq,run.zq,sra","gs,ncbi,s3","gs.us-east1,ncbi.public,s3.us-east-1",human population,human gut,stool,SRX27725945,Russia,Europe,Russia: Arkhangelsk,42.5462,18.28516,Homo sapiens,Illumina MiSeq,64.31 N 40.32 E,KYH910375,PAIRED,PCR,METAGENOMIC,human gut metagenome,ILLUMINA,2025-03-07T00:00:00Z,2025-02-19T06:23:00Z,1,KYH910375,SRP564871
SRR32393481,AMPLICON,501,23837186,PRJNA1225157,SAMN46890909,"MIMS.me,MIGS/MIMS/MIMARKS.human-gut",15131030,RESEARCH INSTITUTE FOR SYSTEMS BIOLOGY AND MEDICINE (RISBM),2016-09-06/2017-11-27,public,"fastq,run.zq,sra","gs,ncbi,s3","gs.us-east1,ncbi.public,s3.us-east-1",human population,human gut,stool,SRX27725944,Russia,Europe,Russia: Arkhangelsk,44.52293,27.03398,Homo sapiens,Illumina MiSeq,64.31 N 40.32 E,KYH988303,PAIRED,PCR,METAGENOMIC,human gut metagenome,ILLUMINA,2025-03-07T00:00:00Z,2025-02-19T06:23:00Z,1,KYH988303,SRP564871
SRR32393482,AMPLICON,501,15594566,PRJNA1225157,SAMN46890908,"MIMS.me,MIGS/MIMS/MIMARKS.human-gut",9922373,RESEARCH INSTITUTE FOR SYSTEMS BIOLOGY AND MEDICINE (RISBM),2016-09-06/2017-11-27,public,"fastq,run.zq,sra","gs,ncbi,s3","gs.us-east1,ncbi.public,s3.us-east-1",human population,human gut,stool,SRX27725943,Russia,Europe,Russia: Arkhangelsk,47.68241,30.05379,Homo sapiens,Illumina MiSeq,64.31 N 40.32 E,KYH360600,PAIRED,PCR,METAGENOMIC,human gut metagenome,ILLUMINA,2025-03-07T00:00:00Z,2025-02-19T06:23:00Z,1,KYH360600,SRP564871
SRR32393483,AMPLICON,500,24497000,PRJNA1225157,SAMN46890566,"MIMS.me,MIGS/MIMS/MIMARKS.human-gut",14073282,RESEARCH INSTITUTE FOR SYSTEMS BIOLOGY AND MEDICINE (RISBM),2016-09-06/2017-11-27,public,"fastq,run.zq,sra","gs,ncbi,s3","gs.us-east1,ncbi.public,s3.us-east-1",human population,human gut,stool,SRX27725942,Russia,Europe,Russia: Arkhangelsk,51.80561,26.7999,Homo sapiens,Illumina MiSeq,64.31 N 40.32 E,KYH464644,PAIRED,PCR,METAGENOMIC,human gut metagenome,ILLUMINA,2025-03-07T00:00:00Z,2025-02-19T06:24:00Z,1,KYH464644,SRP564871
SRR32393484,AMPLICON,501,22304398,PRJNA1225157,SAMN46890907,"MIMS.me,MIGS/MIMS/MIMARKS.human-gut",13954761,RESEARCH INSTITUTE FOR SYSTEMS BIOLOGY AND MEDICINE (RISBM),2016-09-06/2017-11-27,public,"fastq,run.zq,sra","gs,ncbi,s3","gs.us-east1,ncbi.public,s3.us-east-1",human population,human gut,stool,SRX27725941,Russia,Europe,Russia: Arkhangelsk,48.37782,33.5102,Homo sapiens,Illumina MiSeq,64.31 N 40.32 E,KYH908607,PAIRED,PCR,METAGENOMIC,human gut metagenome,ILLUMINA,2025-03-07T00:00:00Z,2025-02-19T06:23:00Z,1,KYH908607,SRP564871
SRR32393485,AMPLICON,501,9248775,PRJNA1225157,SAMN46890906,"MIMS.me,MIGS/MIMS/MIMARKS.human-gut",5795658,RESEARCH INSTITUTE FOR SYSTEMS BIOLOGY AND MEDICINE (RISBM),2016-09-06/2017-11-27,public,"fastq,run.zq,sra","gs,ncbi,s3","gs.us-east1,ncbi.public,s3.us-east-1",human population,human gut,stool,SRX27725940,Russia,Europe,Russia: Arkhangelsk,46.61465,22.23261,Homo sapiens,Illumina MiSeq,64.31 N 40.32 E,KYH703198,PAIRED,PCR,METAGENOMIC,human gut metagenome,ILLUMINA,2025-03-07T00:00:00Z,2025-02-19T06:23:00Z,1,KYH703198,SRP564871
SRR32393486,AMPLICON,501,4374087,PRJNA1225157,SAMN46890905,"MIMS.me,MIGS/MIMS/MIMARKS.human-gut",2824034,RESEARCH INSTITUTE FOR SYSTEMS BIOLOGY AND MEDICINE (RISBM),2016-09-06/2017-11-27,public,"fastq,run.zq,sra","gs,ncbi,s3","gs.us-east1,ncbi.public,s3.us-east-1",human population,human gut,stool,SRX27725939,Russia,Europe,Russia: Arkhangelsk,67.77276,27.43423,Homo sapiens,Illumina MiSeq,64.31 N 40.32 E,KYH920499,PAIRED,PCR,METAGENOMIC,human gut metagenome,ILLUMINA,2025-03-07T00:00:00Z,2025-02-19T06:23:00Z,1,KYH920499,SRP564871
SRR32393487,AMPLICON,500,14824596,PRJNA1225157,SAMN46890904,"MIMS.me,MIGS/MIMS/MIMARKS.human-gut",10041528,RESEARCH INSTITUTE FOR SYSTEMS BIOLOGY AND MEDICINE (RISBM),2016-09-06/2017-11-27,public,"fastq,run.zq,sra","gs,ncbi,s3","gs.us-east1,ncbi.public,s3.us-east-1",human population,human gut,stool,SRX27725938,Russia,Europe,Russia: Arkhangelsk,46.30801,23.76402,Homo sapiens,Illumina MiSeq,64.31 N 40.32 E,KYH327573,PAIRED,PCR,METAGENOMIC,human gut metagenome,ILLUMINA,2025-03-07T00:00:00Z,2025-02-19T06:23:00Z,1,KYH327573,SRP564871
SRR32393488,AMPLICON,501,17915680,PRJNA1225157,SAMN46890903,"MIMS.me,MIGS/MIMS/MIMARKS.human-gut",11975681,RESEARCH INSTITUTE FOR SYSTEMS BIOLOGY AND MEDICINE (RISBM),2016-09-06/2017-11-27,public,"fastq,run.zq,sra","gs,ncbi,s3","gs.us-east1,ncbi.public,s3.us-east-1",human population,human gut,stool,SRX27725937,Russia,Europe,Russia: Arkhangelsk,68.17796,25.35156,Homo sapiens,Illumina MiSeq,64.31 N 40.32 E,KYH640542,PAIRED,PCR,METAGENOMIC,human gut metagenome,ILLUMINA,2025-03-07T00:00:00Z,2025-02-19T06:23:00Z,1,KYH640542,SRP564871
SRR32393489,AMPLICON,501,17734112,PRJNA1225157,SAMN46890902,"MIMS.me,MIGS/MIMS/MIMARKS.human-gut",11399671,RESEARCH INSTITUTE FOR SYSTEMS BIOLOGY AND MEDICINE (RISBM),2016-09-06/2017-11-27,public,"fastq,run.zq,sra","gs,ncbi,s3","gs.us-east1,ncbi.public,s3.us-east-1",human population,human gut,stool,SRX27725936,Russia,Europe,Russia: Arkhangelsk,37.50034,18.66293,Homo sapiens,Illumina MiSeq,64.31 N 40.32 E,KYH316543,PAIRED,PCR,METAGENOMIC,human gut metagenome,ILLUMINA,2025-03-07T00:00:00Z,2025-02-19T06:23:00Z,1,KYH316543,SRP564871
SRR32393490,AMPLICON,501,14342822,PRJNA1225157,SAMN46890901,"MIMS.me,MIGS/MIMS/MIMARKS.human-gut",9182157,RESEARCH INSTITUTE FOR SYSTEMS BIOLOGY AND MEDICINE (RISBM),2016-09-06/2017-11-27,public,"fastq,run.zq,sra","gs,ncbi,s3","gs.us-east1,ncbi.public,s3.us-east-1",human population,human gut,stool,SRX27725935,Russia,Europe,Russia: Arkhangelsk,67.9206,29.4076,Homo sapiens,Illumina MiSeq,64.31 N 40.32 E,KYH999263,PAIRED,PCR,METAGENOMIC,human gut metagenome,ILLUMINA,2025-03-07T00:00:00Z,2025-02-19T06:23:00Z,1,KYH999263,SRP564871
SRR32393491,AMPLICON,499,11021038,PRJNA1225157,SAMN46890900,"MIMS.me,MIGS/MIMS/MIMARKS.human-gut",7599083,RESEARCH INSTITUTE FOR SYSTEMS BIOLOGY AND MEDICINE (RISBM),2016-09-06/2017-11-27,public,"fastq,run.zq,sra","gs,ncbi,s3","gs.us-east1,ncbi.public,s3.us-east-1",human population,human gut,stool,SRX27725934,Russia,Europe,Russia: Arkhangelsk,60.48734,21.49882,Homo sapiens,Illumina MiSeq,64.31 N 40.32 E,KYH752744,PAIRED,PCR,METAGENOMIC,human gut metagenome,ILLUMINA,2025-03-07T00:00:00Z,2025-02-19T06:24:00Z,1,KYH752744,SRP564871
SRR32393492,AMPLICON,501,6987872,PRJNA1225157,SAMN46890899,"MIMS.me,MIGS/MIMS/MIMARKS.human-gut",4513909,RESEARCH INSTITUTE FOR SYSTEMS BIOLOGY AND MEDICINE (RISBM),2016-09-06/2017-11-27,public,"fastq,run.zq,sra","gs,ncbi,s3","gs.us-east1,ncbi.public,s3.us-east-1",human population,human gut,stool,SRX27725933,Russia,Europe,Russia: Arkhangelsk,67.63039,22.04067,Homo sapiens,Illumina MiSeq,64.31 N 40.32 E,KYH727668,PAIRED,PCR,METAGENOMIC,human gut metagenome,ILLUMINA,2025-03-07T00:00:00Z,2025-02-19T06:23:00Z,1,KYH727668,SRP564871
SRR32393493,AMPLICON,501,14267584,PRJNA1225157,SAMN46890898,"MIMS.me,MIGS/MIMS/MIMARKS.human-gut",8896273,RESEARCH INSTITUTE FOR SYSTEMS BIOLOGY AND MEDICINE (RISBM),2016-09-06/2017-11-27,public,"fastq,run.zq,sra","gs,ncbi,s3","gs.us-east1,ncbi.public,s3.us-east-1",human population,human gut,stool,SRX27725932,Russia,Europe,Russia: Arkhangelsk,49.11431,22.50347,Homo sapiens,Illumina MiSeq,64.31 N 40.32 E,KYH957518,PAIRED,PCR,METAGENOMIC,human gut metagenome,ILLUMINA,2025-03-07T00:00:00Z,2025-02-19T06:23:00Z,1,KYH957518,SRP564871
SRR32393494,AMPLICON,500,32114000,PRJNA1225157,SAMN46890565,"MIMS.me,MIGS/MIMS/MIMARKS.human-gut",19371306,RESEARCH INSTITUTE FOR SYSTEMS BIOLOGY AND MEDICINE (RISBM),2016-09-06/2017-11-27,public,"fastq,run.zq,sra","gs,ncbi,s3","gs.us-east1,ncbi.public,s3.us-east-1",human population,human gut,stool,SRX27725931,Russia,Europe,Russia: Arkhangelsk,42.58453,29.59076,Homo sapiens,Illumina MiSeq,64.31 N 40.32 E,KYH647294,PAIRED,PCR,METAGENOMIC,human gut metagenome,ILLUMINA,2025-03-07T00:00:00Z,2025-02-19T06:24:00Z,1,KYH647294,SRP564871
SRR32393495,AMPLICON,501,20080165,PRJNA1225157,SAMN46890897,"MIMS.me,MIGS/MIMS/MIMARKS.human-gut",12929017,RESEARCH INSTITUTE FOR SYSTEMS BIOLOGY AND MEDICINE (RISBM),2016-09-06/2017-11-27,public,"fastq,run.zq,sra","gs,ncbi,s3","gs.us-east1,ncbi.public,s3.us-east-1",human population,human gut,stool,SRX27725930,Russia,Europe,Russia: Arkhangelsk,68.2245,21.86038,Homo sapiens,Illumina MiSeq,64.31 N 40.32 E,KYH726804,PAIRED,PCR,METAGENOMIC,human gut metagenome,ILLUMINA,2025-03-07T00:00:00Z,2025-02-19T06:23:00Z,1,KYH726804,SRP564871
SRR32393496,AMPLICON,501,10961693,PRJNA1225157,SAMN46890896,"MIMS.me,MIGS/MIMS/MIMARKS.human-gut",6852533,RESEARCH INSTITUTE FOR SYSTEMS BIOLOGY AND MEDICINE (RISBM),2016-09-06/2017-11-27,public,"fastq,run.zq,sra","gs,ncbi,s3","gs.us-east1,ncbi.public,s3.us-east-1",human population,human gut,stool,SRX27725929,Russia,Europe,Russia: Arkhangelsk,57.89185,26.62303,Homo sapiens,Illumina MiSeq,64.31 N 40.32 E,KYH750446,PAIRED,PCR,METAGENOMIC,human gut metagenome,ILLUMINA,2025-03-07T00:00:00Z,2025-02-19T06:23:00Z,1,KYH750446,SRP564871
SRR32393497,AMPLICON,501,16348619,PRJNA1225157,SAMN46890895,"MIMS.me,MIGS/MIMS/MIMARKS.human-gut",10161765,RESEARCH INSTITUTE FOR SYSTEMS BIOLOGY AND MEDICINE (RISBM),2016-09-06/2017-11-27,public,"fastq,run.zq,sra","gs,ncbi,s3","gs.us-east1,ncbi.public,s3.us-east-1",human population,human gut,stool,SRX27725928,Russia,Europe,Russia: Arkhangelsk,69.16359,27.95685,Homo sapiens,Illumina MiSeq,64.31 N 40.32 E,KYH137762,PAIRED,PCR,METAGENOMIC,human gut metagenome,ILLUMINA,2025-03-07T00:00:00Z,2025-02-19T06:23:00Z,1,KYH137762,SRP564871
SRR32393498,AMPLICON,501,11503085,PRJNA1225157,SAMN46890894,"MIMS.me,MIGS/MIMS/MIMARKS.human-gut",6445036,RESEARCH INSTITUTE FOR SYSTEMS BIOLOGY AND MEDICINE (RISBM),2016-09-06/2017-11-27,public,"fastq,run.zq,sra","gs,ncbi,s3","gs.us-east1,ncbi.public,s3.us-east-1",human population,human gut,stool,SRX27725927,Russia,Europe,Russia: Arkhangelsk,59.15948,27.92082,Homo sapiens,Illumina MiSeq,64.31 N 40.32 E,KYH383618,PAIRED,PCR,METAGENOMIC,human gut metagenome,ILLUMINA,2025-03-07T00:00:00Z,2025-02-19T06:24:00Z,1,KYH383618,SRP564871
SRR32393499,AMPLICON,501,22554533,PRJNA1225157,SAMN46890893,"MIMS.me,MIGS/MIMS/MIMARKS.human-gut",12461207,RESEARCH INSTITUTE FOR SYSTEMS BIOLOGY AND MEDICINE (RISBM),2016-09-06/2017-11-27,public,"fastq,run.zq,sra","gs,ncbi,s3","gs.us-east1,ncbi.public,s3.us-east-1",human population,human gut,stool,SRX27725926,Russia,Europe,Russia: Arkhangelsk,46.84463,34.74759,Homo sapiens,Illumina MiSeq,64.31 N 40.32 E,KYH933181,PAIRED,PCR,METAGENOMIC,human gut metagenome,ILLUMINA,2025-03-07T00:00:00Z,2025-02-19T06:23:00Z,1,KYH933181,SRP564871
SRR32393500,AMPLICON,501,10834144,PRJNA1225157,SAMN46890892,"MIMS.me,MIGS/MIMS/MIMARKS.human-gut",6030337,RESEARCH INSTITUTE FOR SYSTEMS BIOLOGY AND MEDICINE (RISBM),2016-09-06/2017-11-27,public,"fastq,run.zq,sra","gs,ncbi,s3","gs.us-east1,ncbi.public,s3.us-east-1",human population,human gut,stool,SRX27725925,Russia,Europe,Russia: Arkhangelsk,55.81656,30.68145,Homo sapiens,Illumina MiSeq,64.31 N 40.32 E,KYH760201,PAIRED,PCR,METAGENOMIC,human gut metagenome,ILLUMINA,2025-03-07T00:00:00Z,2025-02-19T06:23:00Z,1,KYH760201,SRP564871
SRR32393501,AMPLICON,501,17251321,PRJNA1225157,SAMN46890891,"MIMS.me,MIGS/MIMS/MIMARKS.human-gut",9665226,RESEARCH INSTITUTE FOR SYSTEMS BIOLOGY AND MEDICINE (RISBM),2016-09-06/2017-11-27,public,"fastq,run.zq,sra","gs,ncbi,s3","gs.us-east1,ncbi.public,s3.us-east-1",human population,human gut,stool,SRX27725924,Russia,Europe,Russia: Arkhangelsk,56.03285,26.4128,Homo sapiens,Illumina MiSeq,64.31 N 40.32 E,KYH201657,PAIRED,PCR,METAGENOMIC,human gut metagenome,ILLUMINA,2025-03-07T00:00:00Z,2025-02-19T06:23:00Z,1,KYH201657,SRP564871
SRR32393502,AMPLICON,501,17995638,PRJNA1225157,SAMN46890890,"MIMS.me,MIGS/MIMS/MIMARKS.human-gut",10251287,RESEARCH INSTITUTE FOR SYSTEMS BIOLOGY AND MEDICINE (RISBM),2016-09-06/2017-11-27,public,"fastq,run.zq,sra","gs,ncbi,s3","gs.us-east1,ncbi.public,s3.us-east-1",human population,human gut,stool,SRX27725923,Russia,Europe,Russia: Arkhangelsk,59.8412,27.41215,Homo sapiens,Illumina MiSeq,64.31 N 40.32 E,KYH323574,PAIRED,PCR,METAGENOMIC,human gut metagenome,ILLUMINA,2025-03-07T00:00:00Z,2025-02-19T06:23:00Z,1,KYH323574,SRP564871
SRR32393503,AMPLICON,501,24515431,PRJNA1225157,SAMN46890889,"MIMS.me,MIGS/MIMS/MIMARKS.human-gut",13992894,RESEARCH INSTITUTE FOR SYSTEMS BIOLOGY AND MEDICINE (RISBM),2016-09-06/2017-11-27,public,"fastq,run.zq,sra","gs,ncbi,s3","gs.us-east1,ncbi.public,s3.us-east-1",human population,human gut,stool,SRX27725922,Russia,Europe,Russia: Arkhangelsk,46.57632,32.03059,Homo sapiens,Illumina MiSeq,64.31 N 40.32 E,KYH336714,PAIRED,PCR,METAGENOMIC,human gut metagenome,ILLUMINA,2025-03-07T00:00:00Z,2025-02-19T06:23:00Z,1,KYH336714,SRP564871
SRR32393504,AMPLICON,500,21927500,PRJNA1225157,SAMN46890627,"MIMS.me,MIGS/MIMS/MIMARKS.human-gut",13259023,RESEARCH INSTITUTE FOR SYSTEMS BIOLOGY AND MEDICINE (RISBM),2016-09-06/2017-11-27,public,"fastq,run.zq,sra","gs,ncbi,s3","gs.us-east1,ncbi.public,s3.us-east-1",human population,human gut,stool,SRX27725921,Russia,Europe,Russia: Arkhangelsk,37.03491,32.5191,Homo sapiens,Illumina MiSeq,64.31 N 40.32 E,KYH715493,PAIRED,PCR,METAGENOMIC,human gut metagenome,ILLUMINA,2025-03-07T00:00:00Z,2025-02-19T06:23:00Z,1,KYH715493,SRP564871
SRR32393505,AMPLICON,500,13260000,PRJNA1225157,SAMN46890626,"MIMS.me,MIGS/MIMS/MIMARKS.human-gut",7542387,RESEARCH INSTITUTE FOR SYSTEMS BIOLOGY AND MEDICINE (RISBM),2016-09-06/2017-11-27,public,"fastq,run.zq,sra","gs,ncbi,s3","gs.us-east1,ncbi.public,s3.us-east-1",human population,human gut,stool,SRX27725920,Russia,Europe,Russia: Arkhangelsk,60.70363,27.78028,Homo sapiens,Illumina MiSeq,64.31 N 40.32 E,KYH434141,PAIRED,PCR,METAGENOMIC,human gut metagenome,ILLUMINA,2025-03-07T00:00:00Z,2025-02-19T06:23:00Z,1,KYH434141,SRP564871
SRR32393506,AMPLICON,500,18928500,PRJNA1225157,SAMN46890625,"MIMS.me,MIGS/MIMS/MIMARKS.human-gut",10866130,RESEARCH INSTITUTE FOR SYSTEMS BIOLOGY AND MEDICINE (RISBM),2016-09-06/2017-11-27,public,"fastq,run.zq,sra","gs,ncbi,s3","gs.us-east1,ncbi.public,s3.us-east-1",human population,human gut,stool,SRX27725919,Russia,Europe,Russia: Arkhangelsk,69.16085,35.41121,Homo sapiens,Illumina MiSeq,64.31 N 40.32 E,KYH228959,PAIRED,PCR,METAGENOMIC,human gut metagenome,ILLUMINA,2025-03-07T00:00:00Z,2025-02-19T06:23:00Z,1,KYH228959,SRP564871
SRR32393507,AMPLICON,500,11168500,PRJNA1225157,SAMN46890624,"MIMS.me,MIGS/MIMS/MIMARKS.human-gut",6473015,RESEARCH INSTITUTE FOR SYSTEMS BIOLOGY AND MEDICINE (RISBM),2016-09-06/2017-11-27,public,"fastq,run.zq,sra","gs,ncbi,s3","gs.us-east1,ncbi.public,s3.us-east-1",human population,human gut,stool,SRX27725918,Russia,Europe,Russia: Arkhangelsk,43.56194,21.74518,Homo sapiens,Illumina MiSeq,64.31 N 40.32 E,KYH126858,PAIRED,PCR,METAGENOMIC,human gut metagenome,ILLUMINA,2025-03-07T00:00:00Z,2025-02-19T06:23:00Z,1,KYH126858,SRP564871
SRR32393508,AMPLICON,500,12387500,PRJNA1225157,SAMN46890623,"MIMS.me,MIGS/MIMS/MIMARKS.human-gut",7329486,RESEARCH INSTITUTE FOR SYSTEMS BIOLOGY AND MEDICINE (RISBM),2016-09-06/2017-11-27,public,"fastq,run.zq,sra","gs,ncbi,s3","gs.us-east1,ncbi.public,s3.us-east-1",human population,human gut,stool,SRX27725917,Russia,Europe,Russia: Arkhangelsk,43.25804,36.48161,Homo sapiens,Illumina MiSeq,64.31 N 40.32 E,KYH176276,PAIRED,PCR,METAGENOMIC,human gut metagenome,ILLUMINA,2025-03-07T00:00:00Z,2025-02-19T06:23:00Z,1,KYH176276,SRP564871
SRR32393509,AMPLICON,500,12500000,PRJNA1225157,SAMN46890622,"MIMS.me,MIGS/MIMS/MIMARKS.human-gut",7257392,RESEARCH INSTITUTE FOR SYSTEMS BIOLOGY AND MEDICINE (RISBM),2016-09-06/2017-11-27,public,"fastq,run.zq,sra","gs,ncbi,s3","gs.us-east1,ncbi.public,s3.us-east-1",human population,human gut,stool,SRX27725916,Russia,Europe,Russia: Arkhangelsk,54.65845,32.18351,Homo sapiens,Illumina MiSeq,64.31 N 40.32 E,KYH892125,PAIRED,PCR,METAGENOMIC,human gut metagenome,ILLUMINA,2025-03-07T00:00:00Z,2025-02-19T06:23:00Z,1,KYH892125,SRP564871
SRR32393510,AMPLICON,500,40467500,PRJNA1225157,SAMN46890621,"MIMS.me,MIGS/MIMS/MIMARKS.human-gut",23776845,RESEARCH INSTITUTE FOR SYSTEMS BIOLOGY AND MEDICINE (RISBM),2016-09-06/2017-11-27,public,"fastq,run.zq,sra","gs,ncbi,s3","gs.us-east1,ncbi.public,s3.us-east-1",human population,human gut,stool,SRX27725915,Russia,Europe,Russia: Arkhangelsk,46.63929,27.76809,Homo sapiens,Illumina MiSeq,64.31 N 40.32 E,KYH711379,PAIRED,PCR,METAGENOMIC,human gut metagenome,ILLUMINA,2025-03-07T00:00:00Z,2025-02-19T06:23:00Z,1,KYH711379,SRP564871
SRR32393511,AMPLICON,500,8301500,PRJNA1225157,SAMN46890620,"MIMS.me,MIGS/MIMS/MIMARKS.human-gut",4827332,RESEARCH INSTITUTE FOR SYSTEMS BIOLOGY AND MEDICINE (RISBM),2016-09-06/2017-11-27,public,"fastq,run.zq,sra","gs,ncbi,s3","gs.us-east1,ncbi.public,s3.us-east-1",human population,human gut,stool,SRX27725914,Russia,Europe,Russia: Arkhangelsk,66.49966,25.32339,Homo sapiens,Illumina MiSeq,64.31 N 40.32 E,KYH498225,PAIRED,PCR,METAGENOMIC,human gut metagenome,ILLUMINA,2025-03-07T00:00:00Z,2025-02-19T06:23:00Z,1,KYH498225,SRP564871
SRR32393512,AMPLICON,500,28514000,PRJNA1225157,SAMN46890619,"MIMS.me,MIGS/MIMS/MIMARKS.human-gut",16322297,RESEARCH INSTITUTE FOR SYSTEMS BIOLOGY AND MEDICINE (RISBM),2016-09-06/2017-11-27,public,"fastq,run.zq,sra","gs,ncbi,s3","gs.us-east1,ncbi.public,s3.us-east-1",human population,human gut,stool,SRX27725913,Russia,Europe,Russia: Arkhangelsk,56.89528,24.27871,Homo sapiens,Illumina MiSeq,64.31 N 40.32 E,KYH496946,PAIRED,PCR,METAGENOMIC,human gut metagenome,ILLUMINA,2025-03-07T00:00:00Z,2025-02-19T06:23:00Z,1,KYH496946,SRP564871
SRR32393513,AMPLICON,500,25329000,PRJNA1225157,SAMN46890618,"MIMS.me,MIGS/MIMS/MIMARKS.human-gut",14357778,RESEARCH INSTITUTE FOR SYSTEMS BIOLOGY AND MEDICINE (RISBM),2016-09-06/2017-11-27,public,"fastq,run.zq,sra","gs,ncbi,s3","gs.us-east1,ncbi.public,s3.us-east-1",human population,human gut,stool,SRX27725912,Russia,Europe,Russia: Arkhangelsk,59.60301,30.08406,Homo sapiens,Illumina MiSeq,64.31 N 40.32 E,KYH210413,PAIRED,PCR,METAGENOMIC,human gut metagenome,ILLUMINA,2025-03-07T00:00:00Z,2025-02-19T06:23:00Z,1,KYH210413,SRP564871
SRR32393514,AMPLICON,500,25588000,PRJNA1225157,SAMN46890537,"MIMS.me,MIGS/MIMS/MIMARKS.human-gut",14748166,RESEARCH INSTITUTE FOR SYSTEMS BIOLOGY AND MEDICINE (RISBM),2016-09-06/2017-11-27,public,"fastq,run.zq,sra","gs,ncbi,s3","gs.us-east1,ncbi.public,s3.us-east-1",human population,human gut,stool,SRX27725911,Russia,Europe,Russia: Arkhangelsk,60.72827,26.53239,Homo sapiens,Illumina MiSeq,64.31 N 40.32 E,KYH652609,PAIRED,PCR,METAGENOMIC,human gut metagenome,ILLUMINA,2025-03-07T00:00:00Z,2025-02-19T06:23:00Z,1,KYH652609,SRP564871
SRR32393515,AMPLICON,500,20674000,PRJNA1225157,SAMN46890617,"MIMS.me,MIGS/MIMS/MIMARKS.human-gut",12413996,RESEARCH INSTITUTE FOR SYSTEMS BIOLOGY AND MEDICINE (RISBM),2016-09-06/2017-11-27,public,"fastq,run.zq,sra","gs,ncbi,s3","gs.us-east1,ncbi.public,s3.us-east-1",human population,human gut,stool,SRX27725910,Russia,Europe,Russia: Arkhangelsk,44.79398,26.75952,Homo sapiens,Illumina MiSeq,64.31 N 40.32 E,KYH264674,PAIRED,PCR,METAGENOMIC,human gut metagenome,ILLUMINA,2025-03-07T00:00:00Z,2025-02-19T06:23:00Z,1,KYH264674,SRP564871
SRR32393516,AMPLICON,500,9336000,PRJNA1225157,SAMN46890616,"MIMS.me,MIGS/MIMS/MIMARKS.human-gut",5454239,RESEARCH INSTITUTE FOR SYSTEMS BIOLOGY AND MEDICINE (RISBM),2016-09-06/2017-11-27,public,"fastq,run.zq,sra","gs,ncbi,s3","gs.us-east1,ncbi.public,s3.us-east-1",human population,human gut,stool,SRX27725909,Russia,Europe,Russia: Arkhangelsk,41.47844,26.89232,Homo sapiens,Illumina MiSeq,64.31 N 40.32 E,KYH114007,PAIRED,PCR,METAGENOMIC,human gut metagenome,ILLUMINA,2025-03-07T00:00:00Z,2025-02-19T06:23:00Z,1,KYH114007,SRP564871
SRR32393517,AMPLICON,500,20797000,PRJNA1225157,SAMN46890615,"MIMS.me,MIGS/MIMS/MIMARKS.human-gut",12690538,RESEARCH INSTITUTE FOR SYSTEMS BIOLOGY AND MEDICINE (RISBM),2016-09-06/2017-11-27,public,"fastq,run.zq,sra","gs,ncbi,s3","gs.us-east1,ncbi.public,s3.us-east-1",human population,human gut,stool,SRX27725908,Russia,Europe,Russia: Arkhangelsk,69.07871,29.10269,Homo sapiens,Illumina MiSeq,64.31 N 40.32 E,KYH586071,PAIRED,PCR,METAGENOMIC,human gut metagenome,ILLUMINA,2025-03-07T00:00:00Z,2025-02-19T06:23:00Z,1,KYH586071,SRP564871
SRR32393518,AMPLICON,500,10150000,PRJNA1225157,SAMN46890614,"MIMS.me,MIGS/MIMS/MIMARKS.human-gut",5897465,RESEARCH INSTITUTE FOR SYSTEMS BIOLOGY AND MEDICINE (RISBM),2016-09-06/2017-11-27,public,"fastq,run.zq,sra","gs,ncbi,s3","gs.us-east1,ncbi.public,s3.us-east-1",human population,human gut,stool,SRX27725907,Russia,Europe,Russia: Arkhangelsk,41.62628,19.71098,Homo sapiens,Illumina MiSeq,64.31 N 40.32 E,KYH971124,PAIRED,PCR,METAGENOMIC,human gut metagenome,ILLUMINA,2025-03-07T00:00:00Z,2025-02-19T06:23:00Z,1,KYH971124,SRP564871
SRR32393519,AMPLICON,500,19687000,PRJNA1225157,SAMN46890613,"MIMS.me,MIGS/MIMS/MIMARKS.human-gut",11336121,RESEARCH INSTITUTE FOR SYSTEMS BIOLOGY AND MEDICINE (RISBM),2016-09-06/2017-11-27,public,"fastq,run.zq,sra","gs,ncbi,s3","gs.us-east1,ncbi.public,s3.us-east-1",human population,human gut,stool,SRX27725906,Russia,Europe,Russia: Arkhangelsk,58.0616,26.5631,Homo sapiens,Illumina MiSeq,64.31 N 40.32 E,KYH402593,PAIRED,PCR,METAGENOMIC,human gut metagenome,ILLUMINA,2025-03-07T00:00:00Z,2025-02-19T06:24:00Z,1,KYH402593,SRP564871
SRR32393520,AMPLICON,500,24868500,PRJNA1225157,SAMN46890612,"MIMS.me,MIGS/MIMS/MIMARKS.human-gut",14567528,RESEARCH INSTITUTE FOR SYSTEMS BIOLOGY AND MEDICINE (RISBM),2016-09-06/2017-11-27,public,"fastq,run.zq,sra","gs,ncbi,s3","gs.us-east1,ncbi.public,s3.us-east-1",human population,human gut,stool,SRX27725905,Russia,Europe,Russia: Arkhangelsk,63.13758,25.00992,Homo sapiens,Illumina MiSeq,64.31 N 40.32 E,KYH403225,PAIRED,PCR,METAGENOMIC,human gut metagenome,ILLUMINA,2025-03-07T00:00:00Z,2025-02-19T06:23:00Z,1,KYH403225,SRP564871
SRR32393521,AMPLICON,500,34390000,PRJNA1225157,SAMN46890611,"MIMS.me,MIGS/MIMS/MIMARKS.human-gut",19710141,RESEARCH INSTITUTE FOR SYSTEMS BIOLOGY AND MEDICINE (RISBM),2016-09-06/2017-11-27,public,"fastq,run.zq,sra","gs,ncbi,s3","gs.us-east1,ncbi.public,s3.us-east-1",human population,human gut,stool,SRX27725904,Russia,Europe,Russia: Arkhangelsk,43.44969,22.51157,Homo sapiens,Illumina MiSeq,64.31 N 40.32 E,KYH558024,PAIRED,PCR,METAGENOMIC,human gut metagenome,ILLUMINA,2025-03-07T00:00:00Z,2025-02-19T06:23:00Z,1,KYH558024,SRP564871
SRR32393522,AMPLICON,500,12777000,PRJNA1225157,SAMN46890610,"MIMS.me,MIGS/MIMS/MIMARKS.human-gut",7485776,RESEARCH INSTITUTE FOR SYSTEMS BIOLOGY AND MEDICINE (RISBM),2016-09-06/2017-11-27,public,"fastq,run.zq,sra","gs,ncbi,s3","gs.us-east1,ncbi.public,s3.us-east-1",human population,human gut,stool,SRX27725903,Russia,Europe,Russia: Arkhangelsk,69.32786,30.0,Homo sapiens,Illumina MiSeq,64.31 N 40.32 E,KYH489556,PAIRED,PCR,METAGENOMIC,human gut metagenome,ILLUMINA,2025-03-07T00:00:00Z,2025-02-19T06:23:00Z,1,KYH489556,SRP564871
SRR32393523,AMPLICON,500,26048500,PRJNA1225157,SAMN46890609,"MIMS.me,MIGS/MIMS/MIMARKS.human-gut",15538173,RESEARCH INSTITUTE FOR SYSTEMS BIOLOGY AND MEDICINE (RISBM),2016-09-06/2017-11-27,public,"fastq,run.zq,sra","gs,ncbi,s3","gs.us-east1,ncbi.public,s3.us-east-1",human population,human gut,stool,SRX27725902,Russia,Europe,Russia: Arkhangelsk,40.17248,23.11466,Homo sapiens,Illumina MiSeq,64.31 N 40.32 E,KYH688959,PAIRED,PCR,METAGENOMIC,human gut metagenome,ILLUMINA,2025-03-07T00:00:00Z,2025-02-19T06:23:00Z,1,KYH688959,SRP564871
SRR32393524,AMPLICON,500,12314500,PRJNA1225157,SAMN46890608,"MIMS.me,MIGS/MIMS/MIMARKS.human-gut",7063672,RESEARCH INSTITUTE FOR SYSTEMS BIOLOGY AND MEDICINE (RISBM),2016-09-06/2017-11-27,public,"fastq,run.zq,sra","gs,ncbi,s3","gs.us-east1,ncbi.public,s3.us-east-1",human population,human gut,stool,SRX27725901,Russia,Europe,Russia: Arkhangelsk,58.16564,31.98434,Homo sapiens,Illumina MiSeq,64.31 N 40.32 E,KYH255709,PAIRED,PCR,METAGENOMIC,human gut metagenome,ILLUMINA,2025-03-07T00:00:00Z,2025-02-19T06:23:00Z,1,KYH255709,SRP564871
SRR32393525,AMPLICON,500,24699000,PRJNA1225157,SAMN46890536,"MIMS.me,MIGS/MIMS/MIMARKS.human-gut",14332278,RESEARCH INSTITUTE FOR SYSTEMS BIOLOGY AND MEDICINE (RISBM),2016-09-06/2017-11-27,public,"fastq,run.zq,sra","gs,ncbi,s3","gs.us-east1,ncbi.public,s3.us-east-1",human population,human gut,stool,SRX27725900,Russia,Europe,Russia: Arkhangelsk,45.54962,30.6082,Homo sapiens,Illumina MiSeq,64.31 N 40.32 E,KYH818028,PAIRED,PCR,METAGENOMIC,human gut metagenome,ILLUMINA,2025-03-07T00:00:00Z,2025-02-19T06:23:00Z,1,KYH818028,SRP564871
SRR32393526,AMPLICON,500,22722500,PRJNA1225157,SAMN46890607,"MIMS.me,MIGS/MIMS/MIMARKS.human-gut",13541090,RESEARCH INSTITUTE FOR SYSTEMS BIOLOGY AND MEDICINE (RISBM),2016-09-06/2017-11-27,public,"fastq,run.zq,sra","gs,ncbi,s3","gs.us-east1,ncbi.public,s3.us-east-1",human population,human gut,stool,SRX27725899,Russia,Europe,Russia: Arkhangelsk,58.32991,30.0,Homo sapiens,Illumina MiSeq,64.31 N 40.32 E,KYH543139,PAIRED,PCR,METAGENOMIC,human gut metagenome,ILLUMINA,2025-03-07T00:00:00Z,2025-02-19T06:23:00Z,1,KYH543139,SRP564871
SRR32393527,AMPLICON,500,23818500,PRJNA1225157,SAMN46890606,"MIMS.me,MIGS/MIMS/MIMARKS.human-gut",13636980,RESEARCH INSTITUTE FOR SYSTEMS BIOLOGY AND MEDICINE (RISBM),2016-09-06/2017-11-27,public,"fastq,run.zq,sra","gs,ncbi,s3","gs.us-east1,ncbi.public,s3.us-east-1",human population,human gut,stool,SRX27725898,Russia,Europe,Russia: Arkhangelsk,54.62834,23.71534,Homo sapiens,Illumina MiSeq,64.31 N 40.32 E,KYH725207,PAIRED,PCR,METAGENOMIC,human gut metagenome,ILLUMINA,2025-03-07T00:00:00Z,2025-02-19T06:23:00Z,1,KYH725207,SRP564871
SRR32393528,AMPLICON,500,23653500,PRJNA1225157,SAMN46890605,"MIMS.me,MIGS/MIMS/MIMARKS.human-gut",13561454,RESEARCH INSTITUTE FOR SYSTEMS BIOLOGY AND MEDICINE (RISBM),2016-09-06/2017-11-27,public,"fastq,run.zq,sra","gs,ncbi,s3","gs.us-east1,ncbi.public,s3.us-east-1",human population,human gut,stool,SRX27725897,Russia,Europe,Russia: Arkhangelsk,56.09856,45.80658,Homo sapiens,Illumina MiSeq,64.31 N 40.32 E,KYH196519,PAIRED,PCR,METAGENOMIC,human gut metagenome,ILLUMINA,2025-03-07T00:00:00Z,2025-02-19T06:24:00Z,1,KYH196519,SRP564871
SRR32393529,AMPLICON,500,18372000,PRJNA1225157,SAMN46890604,"MIMS.me,MIGS/MIMS/MIMARKS.human-gut",10606985,RESEARCH INSTITUTE FOR SYSTEMS BIOLOGY AND MEDICINE (RISBM),2016-09-06/2017-11-27,public,"fastq,run.zq,sra","gs,ncbi,s3","gs.us-east1,ncbi.public,s3.us-east-1",human population,human gut,stool,SRX27725896,Russia,Europe,Russia: Arkhangelsk,59.30459,37.56706,Homo sapiens,Illumina MiSeq,64.31 N 40.32 E,KYH160723,PAIRED,PCR,METAGENOMIC,human gut metagenome,ILLUMINA,2025-03-07T00:00:00Z,2025-02-19T06:23:00Z,1,KYH160723,SRP564871
SRR32393530,AMPLICON,500,1303500,PRJNA1225157,SAMN46890603,"MIMS.me,MIGS/MIMS/MIMARKS.human-gut",834715,RESEARCH INSTITUTE FOR SYSTEMS BIOLOGY AND MEDICINE (RISBM),2016-09-06/2017-11-27,public,"fastq,run.zq,sra","gs,ncbi,s3","gs.us-east1,ncbi.public,s3.us-east-1",human population,human gut,stool,SRX27725895,Russia,Europe,Russia: Arkhangelsk,57.013,32.03704,Homo sapiens,Illumina MiSeq,64.31 N 40.32 E,KYH624550,PAIRED,PCR,METAGENOMIC,human gut metagenome,ILLUMINA,2025-03-07T00:00:00Z,2025-02-19T06:23:00Z,1,KYH624550,SRP564871
SRR32393531,AMPLICON,500,24856500,PRJNA1225157,SAMN46890602,"MIMS.me,MIGS/MIMS/MIMARKS.human-gut",14410027,RESEARCH INSTITUTE FOR SYSTEMS BIOLOGY AND MEDICINE (RISBM),2016-09-06/2017-11-27,public,"fastq,run.zq,sra","gs,ncbi,s3","gs.us-east1,ncbi.public,s3.us-east-1",human population,human gut,stool,SRX27725894,Russia,Europe,Russia: Arkhangelsk,55.72895,28.936,Homo sapiens,Illumina MiSeq,64.31 N 40.32 E,KYH841163,PAIRED,PCR,METAGENOMIC,human gut metagenome,ILLUMINA,2025-03-07T00:00:00Z,2025-02-19T06:23:00Z,1,KYH841163,SRP564871
SRR32393532,AMPLICON,500,13802000,PRJNA1225157,SAMN46890601,"MIMS.me,MIGS/MIMS/MIMARKS.human-gut",8034595,RESEARCH INSTITUTE FOR SYSTEMS BIOLOGY AND MEDICINE (RISBM),2016-09-06/2017-11-27,public,"fastq,run.zq,sra","gs,ncbi,s3","gs.us-east1,ncbi.public,s3.us-east-1",human population,human gut,stool,SRX27725893,Russia,Europe,Russia: Arkhangelsk,67.68789,18.9299,Homo sapiens,Illumina MiSeq,64.31 N 40.32 E,KYH239901,PAIRED,PCR,METAGENOMIC,human gut metagenome,ILLUMINA,2025-03-07T00:00:00Z,2025-02-19T06:24:00Z,1,KYH239901,SRP564871
SRR32393533,AMPLICON,500,24914500,PRJNA1225157,SAMN46890600,"MIMS.me,MIGS/MIMS/MIMARKS.human-gut",14707318,RESEARCH INSTITUTE FOR SYSTEMS BIOLOGY AND MEDICINE (RISBM),2016-09-06/2017-11-27,public,"fastq,run.zq,sra","gs,ncbi,s3","gs.us-east1,ncbi.public,s3.us-east-1",human population,human gut,stool,SRX27725892,Russia,Europe,Russia: Arkhangelsk,53.32786,29.49203,Homo sapiens,Illumina MiSeq,64.31 N 40.32 E,KYH760035,PAIRED,PCR,METAGENOMIC,human gut metagenome,ILLUMINA,2025-03-07T00:00:00Z,2025-02-19T06:23:00Z,1,KYH760035,SRP564871
SRR32393534,AMPLICON,500,29066000,PRJNA1225157,SAMN46890599,"MIMS.me,MIGS/MIMS/MIMARKS.human-gut",17376549,RESEARCH INSTITUTE FOR SYSTEMS BIOLOGY AND MEDICINE (RISBM),2016-09-06/2017-11-27,public,"fastq,run.zq,sra","gs,ncbi,s3","gs.us-east1,ncbi.public,s3.us-east-1",human population,human gut,stool,SRX27725891,Russia,Europe,Russia: Arkhangelsk,60.49829,22.22084,Homo sapiens,Illumina MiSeq,64.31 N 40.32 E,KYH358632,PAIRED,PCR,METAGENOMIC,human gut metagenome,ILLUMINA,2025-03-07T00:00:00Z,2025-02-19T06:23:00Z,1,KYH358632,SRP564871
SRR32393535,AMPLICON,500,18797000,PRJNA1225157,SAMN46890598,"MIMS.me,MIGS/MIMS/MIMARKS.human-gut",11127712,RESEARCH INSTITUTE FOR SYSTEMS BIOLOGY AND MEDICINE (RISBM),2016-09-06/2017-11-27,public,"fastq,run.zq,sra","gs,ncbi,s3","gs.us-east1,ncbi.public,s3.us-east-1",human population,human gut,stool,SRX27725890,Russia,Europe,Russia: Arkhangelsk,43.88227,26.1852,Homo sapiens,Illumina MiSeq,64.31 N 40.32 E,KYH664678,PAIRED,PCR,METAGENOMIC,human gut metagenome,ILLUMINA,2025-03-07T00:00:00Z,2025-02-19T06:23:00Z,1,KYH664678,SRP564871
SRR32393536,AMPLICON,500,8936000,PRJNA1225157,SAMN46890535,"MIMS.me,MIGS/MIMS/MIMARKS.human-gut",5330536,RESEARCH INSTITUTE FOR SYSTEMS BIOLOGY AND MEDICINE (RISBM),2016-09-06/2017-11-27,public,"fastq,run.zq,sra","gs,ncbi,s3","gs.us-east1,ncbi.public,s3.us-east-1",human population,human gut,stool,SRX27725889,Russia,Europe,Russia: Arkhangelsk,55.94251,27.94641,Homo sapiens,Illumina MiSeq,64.31 N 40.32 E,KYH550638,PAIRED,PCR,METAGENOMIC,human gut metagenome,ILLUMINA,2025-03-07T00:00:00Z,2025-02-19T06:23:00Z,1,KYH550638,SRP564871
SRR32393537,AMPLICON,500,22430000,PRJNA1225157,SAMN46890597,"MIMS.me,MIGS/MIMS/MIMARKS.human-gut",13012967,RESEARCH INSTITUTE FOR SYSTEMS BIOLOGY AND MEDICINE (RISBM),2016-09-06/2017-11-27,public,"fastq,run.zq,sra","gs,ncbi,s3","gs.us-east1,ncbi.public,s3.us-east-1",human population,human gut,stool,SRX27725888,Russia,Europe,Russia: Arkhangelsk,55.97262,27.63866,Homo sapiens,Illumina MiSeq,64.31 N 40.32 E,KYH879490,PAIRED,PCR,METAGENOMIC,human gut metagenome,ILLUMINA,2025-03-07T00:00:00Z,2025-02-19T06:23:00Z,1,KYH879490,SRP564871
SRR32393538,AMPLICON,501,12999417,PRJNA1225157,SAMN46891212,"MIMS.me,MIGS/MIMS/MIMARKS.human-gut",8040001,RESEARCH INSTITUTE FOR SYSTEMS BIOLOGY AND MEDICINE (RISBM),2016-09-06/2017-11-27,public,"fastq,run.zq,sra","gs,ncbi,s3","gs.us-east1,ncbi.public,s3.us-east-1",human population,human gut,stool,SRX27725887,Russia,Europe,Russia: Arkhangelsk,69.83162,36.47285,Homo sapiens,Illumina MiSeq,64.31 N 40.32 E,KYH635524,PAIRED,PCR,METAGENOMIC,human gut metagenome,ILLUMINA,2025-03-07T00:00:00Z,2025-02-19T06:23:00Z,1,KYH635524,SRP564871
SRR32393539,AMPLICON,501,26489626,PRJNA1225157,SAMN46891211,"MIMS.me,MIGS/MIMS/MIMARKS.human-gut",16186306,RESEARCH INSTITUTE FOR SYSTEMS BIOLOGY AND MEDICINE (RISBM),2016-09-06/2017-11-27,public,"fastq,run.zq,sra","gs,ncbi,s3","gs.us-east1,ncbi.public,s3.us-east-1",human population,human gut,stool,SRX27725886,Russia,Europe,Russia: Arkhangelsk,54.49418,36.42593,Homo sapiens,Illumina MiSeq,64.31 N 40.32 E,KYH335558,PAIRED,PCR,METAGENOMIC,human gut metagenome,ILLUMINA,2025-03-07T00:00:00Z,2025-02-19T06:24:00Z,1,KYH335558,SRP564871
SRR32393540,AMPLICON,501,14102174,PRJNA1225157,SAMN46891210,"MIMS.me,MIGS/MIMS/MIMARKS.human-gut",8085756,RESEARCH INSTITUTE FOR SYSTEMS BIOLOGY AND MEDICINE (RISBM),2016-09-06/2017-11-27,public,"fastq,run.zq,sra","gs,ncbi,s3","gs.us-east1,ncbi.public,s3.us-east-1",human population,human gut,stool,SRX27725885,Russia,Europe,Russia: Arkhangelsk,57.04586,22.30022,Homo sapiens,Illumina MiSeq,64.31 N 40.32 E,KYH325709,PAIRED,PCR,METAGENOMIC,human gut metagenome,ILLUMINA,2025-03-07T00:00:00Z,2025-02-19T06:23:00Z,1,KYH325709,SRP564871
SRR32393541,AMPLICON,501,38073982,PRJNA1225157,SAMN46891209,"MIMS.me,MIGS/MIMS/MIMARKS.human-gut",23390150,RESEARCH INSTITUTE FOR SYSTEMS BIOLOGY AND MEDICINE (RISBM),2016-09-06/2017-11-27,public,"fastq,run.zq,sra","gs,ncbi,s3","gs.us-east1,ncbi.public,s3.us-east-1",human population,human gut,stool,SRX27725884,Russia,Europe,Russia: Arkhangelsk,49.16906,34.72939,Homo sapiens,Illumina MiSeq,64.31 N 40.32 E,KYH656650,PAIRED,PCR,METAGENOMIC,human gut metagenome,ILLUMINA,2025-03-07T00:00:00Z,2025-02-19T06:23:00Z,1,KYH656650,SRP564871
SRR32393542,AMPLICON,501,32317012,PRJNA1225157,SAMN46891208,"MIMS.me,MIGS/MIMS/MIMARKS.human-gut",19747768,RESEARCH INSTITUTE FOR SYSTEMS BIOLOGY AND MEDICINE (RISBM),2016-09-06/2017-11-27,public,"fastq,run.zq,sra","gs,ncbi,s3","gs.us-east1,ncbi.public,s3.us-east-1",human population,human gut,stool,SRX27725883,Russia,Europe,Russia: Arkhangelsk,42.67214,23.44724,Homo sapiens,Illumina MiSeq,64.31 N 40.32 E,KYH764789,PAIRED,PCR,METAGENOMIC,human gut metagenome,ILLUMINA,2025-03-07T00:00:00Z,2025-02-19T06:23:00Z,1,KYH764789,SRP564871
SRR32393543,AMPLICON,500,6420500,PRJNA1225157,SAMN46890596,"MIMS.me,MIGS/MIMS/MIMARKS.human-gut",3773488,RESEARCH INSTITUTE FOR SYSTEMS BIOLOGY AND MEDICINE (RISBM),2016-09-06/2017-11-27,public,"fastq,run.zq,sra","gs,ncbi,s3","gs.us-east1,ncbi.public,s3.us-east-1",human population,human gut,stool,SRX27725882,Russia,Europe,Russia: Arkhangelsk,44.76112,25.6015,Homo sapiens,Illumina MiSeq,64.31 N 40.32 E,KYH825373,PAIRED,PCR,METAGENOMIC,human gut metagenome,ILLUMINA,2025-03-07T00:00:00Z,2025-02-19T06:23:00Z,1,KYH825373,SRP564871
SRR32393544,AMPLICON,501,22435205,PRJNA1225157,SAMN46891207,"MIMS.me,MIGS/MIMS/MIMARKS.human-gut",13086929,RESEARCH INSTITUTE FOR SYSTEMS BIOLOGY AND MEDICINE (RISBM),2016-09-06/2017-11-27,public,"fastq,run.zq,sra","gs,ncbi,s3","gs.us-east1,ncbi.public,s3.us-east-1",human population,human gut,stool,SRX27725881,Russia,Europe,Russia: Arkhangelsk,55.58111,31.32832,Homo sapiens,Illumina MiSeq,64.31 N 40.32 E,KYH321439,PAIRED,PCR,METAGENOMIC,human gut metagenome,ILLUMINA,2025-03-07T00:00:00Z,2025-02-19T06:23:00Z,1,KYH321439,SRP564871
SRR32393545,AMPLICON,500,24279000,PRJNA1225157,SAMN46890590,"MIMS.me,MIGS/MIMS/MIMARKS.human-gut",14559447,RESEARCH INSTITUTE FOR SYSTEMS BIOLOGY AND MEDICINE (RISBM),2016-09-06/2017-11-27,public,"fastq,run.zq,sra","gs,ncbi,s3","gs.us-east1,ncbi.public,s3.us-east-1",human population,human gut,stool,SRX27725880,Russia,Europe,Russia: Arkhangelsk,60.68994,31.07298,Homo sapiens,Illumina MiSeq,64.31 N 40.32 E,KYH676540,PAIRED,PCR,METAGENOMIC,human gut metagenome,ILLUMINA,2025-03-07T00:00:00Z,2025-02-19T06:23:00Z,1,KYH676540,SRP564871
SRR32393546,AMPLICON,501,6415288,PRJNA1225157,SAMN46891147,"MIMS.me,MIGS/MIMS/MIMARKS.human-gut",4351657,RESEARCH INSTITUTE FOR SYSTEMS BIOLOGY AND MEDICINE (RISBM),2016-09-06/2017-11-27,public,"fastq,run.zq,sra","gs,ncbi,s3","gs.us-east1,ncbi.public,s3.us-east-1",human population,human gut,stool,SRX27725879,Russia,Europe,Russia: Arkhangelsk,67.02806,20.00245,Homo sapiens,Illumina MiSeq,64.31 N 40.32 E,KYH478509,PAIRED,PCR,METAGENOMIC,human gut metagenome,ILLUMINA,2025-03-07T00:00:00Z,2025-02-19T06:23:00Z,1,KYH478509,SRP564871
SRR32393547,AMPLICON,501,6846404,PRJNA1225157,SAMN46891146,"MIMS.me,MIGS/MIMS/MIMARKS.human-gut",4219550,RESEARCH INSTITUTE FOR SYSTEMS BIOLOGY AND MEDICINE (RISBM),2016-09-06/2017-11-27,public,"fastq,run.zq,sra","gs,ncbi,s3","gs.us-east1,ncbi.public,s3.us-east-1",human population,human gut,stool,SRX27725878,Russia,Europe,Russia: Arkhangelsk,64.5065,31.88647,Homo sapiens,Illumina MiSeq,64.31 N 40.32 E,KYH581805,PAIRED,PCR,METAGENOMIC,human gut metagenome,ILLUMINA,2025-03-07T00:00:00Z,2025-02-19T06:23:00Z,1,KYH581805,SRP564871
SRR32393548,AMPLICON,501,17551895,PRJNA1225157,SAMN46891145,"MIMS.me,MIGS/MIMS/MIMARKS.human-gut",10142168,RESEARCH INSTITUTE FOR SYSTEMS BIOLOGY AND MEDICINE (RISBM),2016-09-06/2017-11-27,public,"fastq,run.zq,sra","gs,ncbi,s3","gs.us-east1,ncbi.public,s3.us-east-1",human population,human gut,stool,SRX27725877,Russia,Europe,Russia: Arkhangelsk,42.69131,32.02677,Homo sapiens,Illumina MiSeq,64.31 N 40.32 E,KYH413668,PAIRED,PCR,METAGENOMIC,human gut metagenome,ILLUMINA,2025-03-07T00:00:00Z,2025-02-19T06:23:00Z,1,KYH413668,SRP564871
SRR32393549,AMPLICON,501,45637831,PRJNA1225157,SAMN46891144,"MIMS.me,MIGS/MIMS/MIMARKS.human-gut",26460492,RESEARCH INSTITUTE FOR SYSTEMS BIOLOGY AND MEDICINE (RISBM),2016-09-06/2017-11-27,public,"fastq,run.zq,sra","gs,ncbi,s3","gs.us-east1,ncbi.public,s3.us-east-1",human population,human gut,stool,SRX27725876,Russia,Europe,Russia: Arkhangelsk,42.99521,22.57895,Homo sapiens,Illumina MiSeq,64.31 N 40.32 E,KYH768318,PAIRED,PCR,METAGENOMIC,human gut metagenome,ILLUMINA,2025-03-07T00:00:00Z,2025-02-19T06:23:00Z,1,KYH768318,SRP564871
SRR32393550,AMPLICON,501,17588936,PRJNA1225157,SAMN46891143,"MIMS.me,MIGS/MIMS/MIMARKS.human-gut",10289397,RESEARCH INSTITUTE FOR SYSTEMS BIOLOGY AND MEDICINE (RISBM),2016-09-06/2017-11-27,public,"fastq,run.zq,sra","gs,ncbi,s3","gs.us-east1,ncbi.public,s3.us-east-1",human population,human gut,stool,SRX27725875,Russia,Europe,Russia: Arkhangelsk,44.42437,25.85127,Homo sapiens,Illumina MiSeq,64.31 N 40.32 E,KYH294219,PAIRED,PCR,METAGENOMIC,human gut metagenome,ILLUMINA,2025-03-07T00:00:00Z,2025-02-19T06:24:00Z,1,KYH294219,SRP564871
SRR32393551,AMPLICON,501,24047809,PRJNA1225157,SAMN46891142,"MIMS.me,MIGS/MIMS/MIMARKS.human-gut",14105567,RESEARCH INSTITUTE FOR SYSTEMS BIOLOGY AND MEDICINE (RISBM),2016-09-06/2017-11-27,public,"fastq,run.zq,sra","gs,ncbi,s3","gs.us-east1,ncbi.public,s3.us-east-1",human population,human gut,stool,SRX27725874,Russia,Europe,Russia: Arkhangelsk,51.57563,28.6993,Homo sapiens,Illumina MiSeq,64.31 N 40.32 E,KYH194544,PAIRED,PCR,METAGENOMIC,human gut metagenome,ILLUMINA,2025-03-07T00:00:00Z,2025-02-19T06:24:00Z,1,KYH194544,SRP564871
SRR32393552,AMPLICON,501,12729137,PRJNA1225157,SAMN46891141,"MIMS.me,MIGS/MIMS/MIMARKS.human-gut",7797787,RESEARCH INSTITUTE FOR SYSTEMS BIOLOGY AND MEDICINE (RISBM),2016-09-06/2017-11-27,public,"fastq,run.zq,sra","gs,ncbi,s3","gs.us-east1,ncbi.public,s3.us-east-1",human population,human gut,stool,SRX27725873,Russia,Europe,Russia: Arkhangelsk,41.72758,32.07631,Homo sapiens,Illumina MiSeq,64.31 N 40.32 E,KYH189064,PAIRED,PCR,METAGENOMIC,human gut metagenome,ILLUMINA,2025-03-07T00:00:00Z,2025-02-19T06:23:00Z,1,KYH189064,SRP564871
SRR32393553,AMPLICON,501,5510583,PRJNA1225157,SAMN46891140,"MIMS.me,MIGS/MIMS/MIMARKS.human-gut",3373211,RESEARCH INSTITUTE FOR SYSTEMS BIOLOGY AND MEDICINE (RISBM),2016-09-06/2017-11-27,public,"fastq,run.zq,sra","gs,ncbi,s3","gs.us-east1,ncbi.public,s3.us-east-1",human population,human gut,stool,SRX27725872,Russia,Europe,Russia: Arkhangelsk,67.31006,27.94167,Homo sapiens,Illumina MiSeq,64.31 N 40.32 E,KYH581545,PAIRED,PCR,METAGENOMIC,human gut metagenome,ILLUMINA,2025-03-07T00:00:00Z,2025-02-19T06:23:00Z,1,KYH581545,SRP564871
SRR32393554,AMPLICON,501,34001804,PRJNA1225157,SAMN46891139,"MIMS.me,MIGS/MIMS/MIMARKS.human-gut",19549961,RESEARCH INSTITUTE FOR SYSTEMS BIOLOGY AND MEDICINE (RISBM),2016-09-06/2017-11-27,public,"fastq,run.zq,sra","gs,ncbi,s3","gs.us-east1,ncbi.public,s3.us-east-1",human population,human gut,stool,SRX27725871,Russia,Europe,Russia: Arkhangelsk,50.48323,23.69535,Homo sapiens,Illumina MiSeq,64.31 N 40.32 E,KYH457149,PAIRED,PCR,METAGENOMIC,human gut metagenome,ILLUMINA,2025-03-07T00:00:00Z,2025-02-19T06:24:00Z,1,KYH457149,SRP564871
SRR32393555,AMPLICON,501,12403761,PRJNA1225157,SAMN46891138,"MIMS.me,MIGS/MIMS/MIMARKS.human-gut",7598322,RESEARCH INSTITUTE FOR SYSTEMS BIOLOGY AND MEDICINE (RISBM),2016-09-06/2017-11-27,public,"fastq,run.zq,sra","gs,ncbi,s3","gs.us-east1,ncbi.public,s3.us-east-1",human population,human gut,stool,SRX27725870,Russia,Europe,Russia: Arkhangelsk,50.93498,21.82322,Homo sapiens,Illumina MiSeq,64.31 N 40.32 E,KYH444685,PAIRED,PCR,METAGENOMIC,human gut metagenome,ILLUMINA,2025-03-07T00:00:00Z,2025-02-19T06:23:00Z,1,KYH444685,SRP564871
SRR32393556,AMPLICON,500,10103000,PRJNA1225157,SAMN46890589,"MIMS.me,MIGS/MIMS/MIMARKS.human-gut",6002368,RESEARCH INSTITUTE FOR SYSTEMS BIOLOGY AND MEDICINE (RISBM),2016-09-06/2017-11-27,public,"fastq,run.zq,sra","gs,ncbi,s3","gs.us-east1,ncbi.public,s3.us-east-1",human population,human gut,stool,SRX27725869,Russia,Europe,Russia: Arkhangelsk,69.74401,33.42352,Homo sapiens,Illumina MiSeq,64.31 N 40.32 E,KYH603364,PAIRED,PCR,METAGENOMIC,human gut metagenome,ILLUMINA,2025-03-07T00:00:00Z,2025-02-19T06:23:00Z,1,KYH603364,SRP564871
SRR32393557,AMPLICON,501,33997237,PRJNA1225157,SAMN46891137,"MIMS.me,MIGS/MIMS/MIMARKS.human-gut",20214602,RESEARCH INSTITUTE FOR SYSTEMS BIOLOGY AND MEDICINE (RISBM),2016-09-06/2017-11-27,public,"fastq,run.zq,sra","gs,ncbi,s3","gs.us-east1,ncbi.public,s3.us-east-1",human population,human gut,stool,SRX27725868,Russia,Europe,Russia: Arkhangelsk,57.54141,29.15648,Homo sapiens,Illumina MiSeq,64.31 N 40.32 E,KYH793447,PAIRED,PCR,METAGENOMIC,human gut metagenome,ILLUMINA,2025-03-07T00:00:00Z,2025-02-19T06:23:00Z,1,KYH793447,SRP564871
SRR32393558,AMPLICON,501,8529965,PRJNA1225157,SAMN46891136,"MIMS.me,MIGS/MIMS/MIMARKS.human-gut",5547704,RESEARCH INSTITUTE FOR SYSTEMS BIOLOGY AND MEDICINE (RISBM),2016-09-06/2017-11-27,public,"fastq,run.zq,sra","gs,ncbi,s3","gs.us-east1,ncbi.public,s3.us-east-1",human population,human gut,stool,SRX27725867,Russia,Europe,Russia: Arkhangelsk,37.77687,29.35687,Homo sapiens,Illumina MiSeq,64.31 N 40.32 E,KYH157702,PAIRED,PCR,METAGENOMIC,human gut metagenome,ILLUMINA,2025-03-07T00:00:00Z,2025-02-19T06:23:00Z,1,KYH157702,SRP564871
SRR32393559,AMPLICON,501,15033906,PRJNA1225157,SAMN46891135,"MIMS.me,MIGS/MIMS/MIMARKS.human-gut",8885410,RESEARCH INSTITUTE FOR SYSTEMS BIOLOGY AND MEDICINE (RISBM),2016-09-06/2017-11-27,public,"fastq,run.zq,sra","gs,ncbi,s3","gs.us-east1,ncbi.public,s3.us-east-1",human population,human gut,stool,SRX27725866,Russia,Europe,Russia: Arkhangelsk,50.4011,29.68267,Homo sapiens,Illumina MiSeq,64.31 N 40.32 E,KYH701560,PAIRED,PCR,METAGENOMIC,human gut metagenome,ILLUMINA,2025-03-07T00:00:00Z,2025-02-19T06:23:00Z,1,KYH701560,SRP564871
SRR32393560,AMPLICON,501,9129904,PRJNA1225157,SAMN46891134,"MIMS.me,MIGS/MIMS/MIMARKS.human-gut",5715726,RESEARCH INSTITUTE FOR SYSTEMS BIOLOGY AND MEDICINE (RISBM),2016-09-06/2017-11-27,public,"fastq,run.zq,sra","gs,ncbi,s3","gs.us-east1,ncbi.public,s3.us-east-1",human population,human gut,stool,SRX27725865,Russia,Europe,Russia: Arkhangelsk,63.66324,25.37224,Homo sapiens,Illumina MiSeq,64.31 N 40.32 E,KYH835108,PAIRED,PCR,METAGENOMIC,human gut metagenome,ILLUMINA,2025-03-07T00:00:00Z,2025-02-19T06:23:00Z,1,KYH835108,SRP564871
SRR32393561,AMPLICON,501,8330999,PRJNA1225157,SAMN46891133,"MIMS.me,MIGS/MIMS/MIMARKS.human-gut",4834035,RESEARCH INSTITUTE FOR SYSTEMS BIOLOGY AND MEDICINE (RISBM),2016-09-06/2017-11-27,public,"fastq,run.zq,sra","gs,ncbi,s3","gs.us-east1,ncbi.public,s3.us-east-1",human population,human gut,stool,SRX27725864,Russia,Europe,Russia: Arkhangelsk,38.78166,25.88457,Homo sapiens,Illumina MiSeq,64.31 N 40.32 E,KYH346232,PAIRED,PCR,METAGENOMIC,human gut metagenome,ILLUMINA,2025-03-07T00:00:00Z,2025-02-19T06:23:00Z,1,KYH346232,SRP564871
SRR32393562,AMPLICON,501,3496212,PRJNA1225157,SAMN46891132,"MIMS.me,MIGS/MIMS/MIMARKS.human-gut",2161233,RESEARCH INSTITUTE FOR SYSTEMS BIOLOGY AND MEDICINE (RISBM),2016-09-06/2017-11-27,public,"fastq,run.zq,sra","gs,ncbi,s3","gs.us-east1,ncbi.public,s3.us-east-1",human population,human gut,stool,SRX27725863,Russia,Europe,Russia: Arkhangelsk,56.29295,28.89169,Homo sapiens,Illumina MiSeq,64.31 N 40.32 E,KYH977800,PAIRED,PCR,METAGENOMIC,human gut metagenome,ILLUMINA,2025-03-07T00:00:00Z,2025-02-19T06:23:00Z,1,KYH977800,SRP564871
SRR32393563,AMPLICON,501,29784443,PRJNA1225157,SAMN46891131,"MIMS.me,MIGS/MIMS/MIMARKS.human-gut",17955586,RESEARCH INSTITUTE FOR SYSTEMS BIOLOGY AND MEDICINE (RISBM),2016-09-06/2017-11-27,public,"fastq,run.zq,sra","gs,ncbi,s3","gs.us-east1,ncbi.public,s3.us-east-1",human population,human gut,stool,SRX27725862,Russia,Europe,Russia: Arkhangelsk,49.52225,22.08255,Homo sapiens,Illumina MiSeq,64.31 N 40.32 E,KYH577480,PAIRED,PCR,METAGENOMIC,human gut metagenome,ILLUMINA,2025-03-07T00:00:00Z,2025-02-19T06:23:00Z,1,KYH577480,SRP564871
SRR32393564,AMPLICON,501,77958622,PRJNA1225157,SAMN46891130,"MIMS.me,MIGS/MIMS/MIMARKS.human-gut",44735883,RESEARCH INSTITUTE FOR SYSTEMS BIOLOGY AND MEDICINE (RISBM),2016-09-06/2017-11-27,public,"fastq,run.zq,sra","gs,ncbi,s3","gs.us-east1,ncbi.public,s3.us-east-1",human population,human gut,stool,SRX27725861,Russia,Europe,Russia: Arkhangelsk,63.86858,29.03923,Homo sapiens,Illumina MiSeq,64.31 N 40.32 E,KYH623361,PAIRED,PCR,METAGENOMIC,human gut metagenome,ILLUMINA,2025-03-07T00:00:00Z,2025-02-19T06:23:00Z,1,KYH623361,SRP564871
SRR32393565,AMPLICON,501,24468905,PRJNA1225157,SAMN46891129,"MIMS.me,MIGS/MIMS/MIMARKS.human-gut",14464546,RESEARCH INSTITUTE FOR SYSTEMS BIOLOGY AND MEDICINE (RISBM),2016-09-06/2017-11-27,public,"fastq,run.zq,sra","gs,ncbi,s3","gs.us-east1,ncbi.public,s3.us-east-1",human population,human gut,stool,SRX27725860,Russia,Europe,Russia: Arkhangelsk,54.70773,31.41107,Homo sapiens,Illumina MiSeq,64.31 N 40.32 E,KYH128797,PAIRED,PCR,METAGENOMIC,human gut metagenome,ILLUMINA,2025-03-07T00:00:00Z,2025-02-19T06:23:00Z,1,KYH128797,SRP564871
SRR32393566,AMPLICON,500,7905552,PRJNA1225157,SAMN46891128,"MIMS.me,MIGS/MIMS/MIMARKS.human-gut",4625508,RESEARCH INSTITUTE FOR SYSTEMS BIOLOGY AND MEDICINE (RISBM),2016-09-06/2017-11-27,public,"fastq,run.zq,sra","gs,ncbi,s3","gs.us-east1,ncbi.public,s3.us-east-1",human population,human gut,stool,SRX27725859,Russia,Europe,Russia: Arkhangelsk,48.62423,23.57961,Homo sapiens,Illumina MiSeq,64.31 N 40.32 E,KYH325469,PAIRED,PCR,METAGENOMIC,human gut metagenome,ILLUMINA,2025-03-07T00:00:00Z,2025-02-19T06:23:00Z,1,KYH325469,SRP564871
SRR32393567,AMPLICON,500,28801500,PRJNA1225157,SAMN46890588,"MIMS.me,MIGS/MIMS/MIMARKS.human-gut",16403602,RESEARCH INSTITUTE FOR SYSTEMS BIOLOGY AND MEDICINE (RISBM),2016-09-06/2017-11-27,public,"fastq,run.zq,sra","gs,ncbi,s3","gs.us-east1,ncbi.public,s3.us-east-1",human population,human gut,stool,SRX27725858,Russia,Europe,Russia: Arkhangelsk,67.94524,33.125,Homo sapiens,Illumina MiSeq,64.31 N 40.32 E,KYH150630,PAIRED,PCR,METAGENOMIC,human gut metagenome,ILLUMINA,2025-03-07T00:00:00Z,2025-02-19T06:23:00Z,1,KYH150630,SRP564871
SRR32393568,AMPLICON,500,28427000,PRJNA1225157,SAMN46890534,"MIMS.me,MIGS/MIMS/MIMARKS.human-gut",16510951,RESEARCH INSTITUTE FOR SYSTEMS BIOLOGY AND MEDICINE (RISBM),2016-09-06/2017-11-27,public,"fastq,run.zq,sra","gs,ncbi,s3","gs.us-east1,ncbi.public,s3.us-east-1",human population,human gut,stool,SRX27725857,Russia,Europe,Russia: Arkhangelsk,54.49966,22.18529,Homo sapiens,Illumina MiSeq,64.31 N 40.32 E,KYH538373,PAIRED,PCR,METAGENOMIC,human gut metagenome,ILLUMINA,2025-03-07T00:00:00Z,2025-02-19T06:23:00Z,1,KYH538373,SRP564871
SRR32393569,AMPLICON,501,33843133,PRJNA1225157,SAMN46891127,"MIMS.me,MIGS/MIMS/MIMARKS.human-gut",20513315,RESEARCH INSTITUTE FOR SYSTEMS BIOLOGY AND MEDICINE (RISBM),2016-09-06/2017-11-27,public,"fastq,run.zq,sra","gs,ncbi,s3","gs.us-east1,ncbi.public,s3.us-east-1",human population,human gut,stool,SRX27725856,Russia,Europe,Russia: Arkhangelsk,50.2423,26.7078,Homo sapiens,Illumina MiSeq,64.31 N 40.32 E,KYH534580,PAIRED,PCR,METAGENOMIC,human gut metagenome,ILLUMINA,2025-03-07T00:00:00Z,2025-02-19T06:23:00Z,1,KYH534580,SRP564871
SRR32393570,AMPLICON,501,16450000,PRJNA1225157,SAMN46891126,"MIMS.me,MIGS/MIMS/MIMARKS.human-gut",9839154,RESEARCH INSTITUTE FOR SYSTEMS BIOLOGY AND MEDICINE (RISBM),2016-09-06/2017-11-27,public,"fastq,run.zq,sra","gs,ncbi,s3","gs.us-east1,ncbi.public,s3.us-east-1",human population,human gut,stool,SRX27725855,Russia,Europe,Russia: Arkhangelsk,54.96783,27.40681,Homo sapiens,Illumina MiSeq,64.31 N 40.32 E,KYH273737,PAIRED,PCR,METAGENOMIC,human gut metagenome,ILLUMINA,2025-03-07T00:00:00Z,2025-02-19T06:23:00Z,1,KYH273737,SRP564871
SRR32393571,AMPLICON,501,16089339,PRJNA1225157,SAMN46891125,"MIMS.me,MIGS/MIMS/MIMARKS.human-gut",9441130,RESEARCH INSTITUTE FOR SYSTEMS BIOLOGY AND MEDICINE (RISBM),2016-09-06/2017-11-27,public,"fastq,run.zq,sra","gs,ncbi,s3","gs.us-east1,ncbi.public,s3.us-east-1",human population,human gut,stool,SRX27725854,Russia,Europe,Russia: Arkhangelsk,37.25667,25.43329,Homo sapiens,Illumina MiSeq,64.31 N 40.32 E,KYH919200,PAIRED,PCR,METAGENOMIC,human gut metagenome,ILLUMINA,2025-03-07T00:00:00Z,2025-02-19T06:23:00Z,1,KYH919200,SRP564871
SRR32393572,AMPLICON,501,18479491,PRJNA1225157,SAMN46891124,"MIMS.me,MIGS/MIMS/MIMARKS.human-gut",10928814,RESEARCH INSTITUTE FOR SYSTEMS BIOLOGY AND MEDICINE (RISBM),2016-09-06/2017-11-27,public,"fastq,run.zq,sra","gs,ncbi,s3","gs.us-east1,ncbi.public,s3.us-east-1",human population,human gut,stool,SRX27725853,Russia,Europe,Russia: Arkhangelsk,53.82888,22.0092,Homo sapiens,Illumina MiSeq,64.31 N 40.32 E,KYH978537,PAIRED,PCR,METAGENOMIC,human gut metagenome,ILLUMINA,2025-03-07T00:00:00Z,2025-02-19T06:23:00Z,1,KYH978537,SRP564871
SRR32393573,AMPLICON,501,33363384,PRJNA1225157,SAMN46891123,"MIMS.me,MIGS/MIMS/MIMARKS.human-gut",19352529,RESEARCH INSTITUTE FOR SYSTEMS BIOLOGY AND MEDICINE (RISBM),2016-09-06/2017-11-27,public,"fastq,run.zq,sra","gs,ncbi,s3","gs.us-east1,ncbi.public,s3.us-east-1",human population,human gut,stool,SRX27725852,Russia,Europe,Russia: Arkhangelsk,40.74743,24.9284,Homo sapiens,Illumina MiSeq,64.31 N 40.32 E,KYH384070,PAIRED,PCR,METAGENOMIC,human gut metagenome,ILLUMINA,2025-03-07T00:00:00Z,2025-02-19T06:23:00Z,1,KYH384070,SRP564871
SRR32393574,AMPLICON,501,21848979,PRJNA1225157,SAMN46891122,"MIMS.me,MIGS/MIMS/MIMARKS.human-gut",12811148,RESEARCH INSTITUTE FOR SYSTEMS BIOLOGY AND MEDICINE (RISBM),2016-09-06/2017-11-27,public,"fastq,run.zq,sra","gs,ncbi,s3","gs.us-east1,ncbi.public,s3.us-east-1",human population,human gut,stool,SRX27725851,Russia,Europe,Russia: Arkhangelsk,43.22245,22.8886,Homo sapiens,Illumina MiSeq,64.31 N 40.32 E,KYH606764,PAIRED,PCR,METAGENOMIC,human gut metagenome,ILLUMINA,2025-03-07T00:00:00Z,2025-02-19T06:23:00Z,1,KYH606764,SRP564871
SRR32393575,AMPLICON,501,11736433,PRJNA1225157,SAMN46891121,"MIMS.me,MIGS/MIMS/MIMARKS.human-gut",6845284,RESEARCH INSTITUTE FOR SYSTEMS BIOLOGY AND MEDICINE (RISBM),2016-09-06/2017-11-27,public,"fastq,run.zq,sra","gs,ncbi,s3","gs.us-east1,ncbi.public,s3.us-east-1",human population,human gut,stool,SRX27725850,Russia,Europe,Russia: Arkhangelsk,65.74949,29.64496,Homo sapiens,Illumina MiSeq,64.31 N 40.32 E,KYH555588,PAIRED,PCR,METAGENOMIC,human gut metagenome,ILLUMINA,2025-03-07T00:00:00Z,2025-02-19T06:23:00Z,1,KYH555588,SRP564871
SRR32393576,AMPLICON,501,75792914,PRJNA1225157,SAMN46891120,"MIMS.me,MIGS/MIMS/MIMARKS.human-gut",45054498,RESEARCH INSTITUTE FOR SYSTEMS BIOLOGY AND MEDICINE (RISBM),2016-09-06/2017-11-27,public,"fastq,run.zq,sra","gs,ncbi,s3","gs.us-east1,ncbi.public,s3.us-east-1",human population,human gut,stool,SRX27725849,Russia,Europe,Russia: Arkhangelsk,68.11499,26.14475,Homo sapiens,Illumina MiSeq,64.31 N 40.32 E,KYH148246,PAIRED,PCR,METAGENOMIC,human gut metagenome,ILLUMINA,2025-03-07T00:00:00Z,2025-02-19T06:24:00Z,1,KYH148246,SRP564871
SRR32393577,AMPLICON,501,8517863,PRJNA1225157,SAMN46890946,"MIMS.me,MIGS/MIMS/MIMARKS.human-gut",5358644,RESEARCH INSTITUTE FOR SYSTEMS BIOLOGY AND MEDICINE (RISBM),2016-09-06/2017-11-27,public,"fastq,run.zq,sra","gs,ncbi,s3","gs.us-east1,ncbi.public,s3.us-east-1",human population,human gut,stool,SRX27725848,Russia,Europe,Russia: Arkhangelsk,43.55647,20.76724,Homo sapiens,Illumina MiSeq,64.31 N 40.32 E,KYH420266,PAIRED,PCR,METAGENOMIC,human gut metagenome,ILLUMINA,2025-03-07T00:00:00Z,2025-02-19T06:24:00Z,1,KYH420266,SRP564871
SRR32393578,AMPLICON,501,8253099,PRJNA1225157,SAMN46890945,"MIMS.me,MIGS/MIMS/MIMARKS.human-gut",5501654,RESEARCH INSTITUTE FOR SYSTEMS BIOLOGY AND MEDICINE (RISBM),2016-09-06/2017-11-27,public,"fastq,run.zq,sra","gs,ncbi,s3","gs.us-east1,ncbi.public,s3.us-east-1",human population,human gut,stool,SRX27725847,Russia,Europe,Russia: Arkhangelsk,44.36413,30.20817,Homo sapiens,Illumina MiSeq,64.31 N 40.32 E,KYH951729,PAIRED,PCR,METAGENOMIC,human gut metagenome,ILLUMINA,2025-03-07T00:00:00Z,2025-02-19T06:23:00Z,1,KYH951729,SRP564871
SRR32393579,AMPLICON,501,25303408,PRJNA1225157,SAMN46890944,"MIMS.me,MIGS/MIMS/MIMARKS.human-gut",15800132,RESEARCH INSTITUTE FOR SYSTEMS BIOLOGY AND MEDICINE (RISBM),2016-09-06/2017-11-27,public,"fastq,run.zq,sra","gs,ncbi,s3","gs.us-east1,ncbi.public,s3.us-east-1",human population,human gut,stool,SRX27725846,Russia,Europe,Russia: Arkhangelsk,56.95003,18.95463,Homo sapiens,Illumina MiSeq,64.31 N 40.32 E,KYH670613,PAIRED,PCR,METAGENOMIC,human gut metagenome,ILLUMINA,2025-03-07T00:00:00Z,2025-02-19T06:23:00Z,1,KYH670613,SRP564871
SRR32393580,AMPLICON,501,9450817,PRJNA1225157,SAMN46890943,"MIMS.me,MIGS/MIMS/MIMARKS.human-gut",6134246,RESEARCH INSTITUTE FOR SYSTEMS BIOLOGY AND MEDICINE (RISBM),2016-09-06/2017-11-27,public,"fastq,run.zq,sra","gs,ncbi,s3","gs.us-east1,ncbi.public,s3.us-east-1",human population,human gut,stool,SRX27725845,Russia,Europe,Russia: Arkhangelsk,61.82615,34.72663,Homo sapiens,Illumina MiSeq,64.31 N 40.32 E,KYH586807,PAIRED,PCR,METAGENOMIC,human gut metagenome,ILLUMINA,2025-03-07T00:00:00Z,2025-02-19T06:23:00Z,1,KYH586807,SRP564871
SRR32393581,AMPLICON,501,17503527,PRJNA1225157,SAMN46890942,"MIMS.me,MIGS/MIMS/MIMARKS.human-gut",11290335,RESEARCH INSTITUTE FOR SYSTEMS BIOLOGY AND MEDICINE (RISBM),2016-09-06/2017-11-27,public,"fastq,run.zq,sra","gs,ncbi,s3","gs.us-east1,ncbi.public,s3.us-east-1",human population,human gut,stool,SRX27725844,Russia,Europe,Russia: Arkhangelsk,64.08761,35.41461,Homo sapiens,Illumina MiSeq,64.31 N 40.32 E,KYH145956,PAIRED,PCR,METAGENOMIC,human gut metagenome,ILLUMINA,2025-03-07T00:00:00Z,2025-02-19T06:24:00Z,1,KYH145956,SRP564871
SRR32393582,AMPLICON,501,22456055,PRJNA1225157,SAMN46890941,"MIMS.me,MIGS/MIMS/MIMARKS.human-gut",13911397,RESEARCH INSTITUTE FOR SYSTEMS BIOLOGY AND MEDICINE (RISBM),2016-09-06/2017-11-27,public,"fastq,run.zq,sra","gs,ncbi,s3","gs.us-east1,ncbi.public,s3.us-east-1",human population,human gut,stool,SRX27725843,Russia,Europe,Russia: Arkhangelsk,53.70021,26.14612,Homo sapiens,Illumina MiSeq,64.31 N 40.32 E,KYH626224,PAIRED,PCR,METAGENOMIC,human gut metagenome,ILLUMINA,2025-03-07T00:00:00Z,2025-02-19T06:23:00Z,1,KYH626224,SRP564871
SRR32393583,AMPLICON,501,23038945,PRJNA1225157,SAMN46890940,"MIMS.me,MIGS/MIMS/MIMARKS.human-gut",14758860,RESEARCH INSTITUTE FOR SYSTEMS BIOLOGY AND MEDICINE (RISBM),2016-09-06/2017-11-27,public,"fastq,run.zq,sra","gs,ncbi,s3","gs.us-east1,ncbi.public,s3.us-east-1",human population,human gut,stool,SRX27725842,Russia,Europe,Russia: Arkhangelsk,68.13689,33.94922,Homo sapiens,Illumina MiSeq,64.31 N 40.32 E,KYH106745,PAIRED,PCR,METAGENOMIC,human gut metagenome,ILLUMINA,2025-03-07T00:00:00Z,2025-02-19T06:23:00Z,1,KYH106745,SRP564871
SRR32393584,AMPLICON,501,43299390,PRJNA1225157,SAMN46890939,"MIMS.me,MIGS/MIMS/MIMARKS.human-gut",28536724,RESEARCH INSTITUTE FOR SYSTEMS BIOLOGY AND MEDICINE (RISBM),2016-09-06/2017-11-27,public,"fastq,run.zq,sra","gs,ncbi,s3","gs.us-east1,ncbi.public,s3.us-east-1",human population,human gut,stool,SRX27725841,Russia,Europe,Russia: Arkhangelsk,53.48665,28.07723,Homo sapiens,Illumina MiSeq,64.31 N 40.32 E,KYH535879,PAIRED,PCR,METAGENOMIC,human gut metagenome,ILLUMINA,2025-03-07T00:00:00Z,2025-02-19T06:23:00Z,1,KYH535879,SRP564871
SRR32393585,AMPLICON,501,17016253,PRJNA1225157,SAMN46890938,"MIMS.me,MIGS/MIMS/MIMARKS.human-gut",10555288,RESEARCH INSTITUTE FOR SYSTEMS BIOLOGY AND MEDICINE (RISBM),2016-09-06/2017-11-27,public,"fastq,run.zq,sra","gs,ncbi,s3","gs.us-east1,ncbi.public,s3.us-east-1",human population,human gut,stool,SRX27725840,Russia,Europe,Russia: Arkhangelsk,61.48665,26.05105,Homo sapiens,Illumina MiSeq,64.31 N 40.32 E,KYH791336,PAIRED,PCR,METAGENOMIC,human gut metagenome,ILLUMINA,2025-03-07T00:00:00Z,2025-02-19T06:23:00Z,1,KYH791336,SRP564871
SRR32393586,AMPLICON,500,23261500,PRJNA1225157,SAMN46890569,"MIMS.me,MIGS/MIMS/MIMARKS.human-gut",13415816,RESEARCH INSTITUTE FOR SYSTEMS BIOLOGY AND MEDICINE (RISBM),2016-09-06/2017-11-27,public,"fastq,run.zq,sra","gs,ncbi,s3","gs.us-east1,ncbi.public,s3.us-east-1",human population,human gut,stool,SRX27725839,Russia,Europe,Russia: Arkhangelsk,63.09103,27.45834,Homo sapiens,Illumina MiSeq,64.31 N 40.32 E,KYH242378,PAIRED,PCR,METAGENOMIC,human gut metagenome,ILLUMINA,2025-03-07T00:00:00Z,2025-02-19T06:24:00Z,1,KYH242378,SRP564871
SRR32393587,AMPLICON,501,16420569,PRJNA1225157,SAMN46890937,"MIMS.me,MIGS/MIMS/MIMARKS.human-gut",10484704,RESEARCH INSTITUTE FOR SYSTEMS BIOLOGY AND MEDICINE (RISBM),2016-09-06/2017-11-27,public,"fastq,run.zq,sra","gs,ncbi,s3","gs.us-east1,ncbi.public,s3.us-east-1",human population,human gut,stool,SRX27725838,Russia,Europe,Russia: Arkhangelsk,64.62697,26.24794,Homo sapiens,Illumina MiSeq,64.31 N 40.32 E,KYH429822,PAIRED,PCR,METAGENOMIC,human gut metagenome,ILLUMINA,2025-03-07T00:00:00Z,2025-02-19T06:23:00Z,1,KYH429822,SRP564871
SRR32393588,AMPLICON,501,13471711,PRJNA1225157,SAMN46890936,"MIMS.me,MIGS/MIMS/MIMARKS.human-gut",8627578,RESEARCH INSTITUTE FOR SYSTEMS BIOLOGY AND MEDICINE (RISBM),2016-09-06/2017-11-27,public,"fastq,run.zq,sra","gs,ncbi,s3","gs.us-east1,ncbi.public,s3.us-east-1",human population,human gut,stool,SRX27725837,Russia,Europe,Russia: Arkhangelsk,67.66324,30.51382,Homo sapiens,Illumina MiSeq,64.31 N 40.32 E,KYH852816,PAIRED,PCR,METAGENOMIC,human gut metagenome,ILLUMINA,2025-03-07T00:00:00Z,2025-02-19T06:23:00Z,1,KYH852816,SRP564871
SRR32393589,AMPLICON,501,15072512,PRJNA1225157,SAMN46890935,"MIMS.me,MIGS/MIMS/MIMARKS.human-gut",10027846,RESEARCH INSTITUTE FOR SYSTEMS BIOLOGY AND MEDICINE (RISBM),2016-09-06/2017-11-27,public,"fastq,run.zq,sra","gs,ncbi,s3","gs.us-east1,ncbi.public,s3.us-east-1",human population,human gut,stool,SRX27725836,Russia,Europe,Russia: Arkhangelsk,51.10472,33.99938,Homo sapiens,Illumina MiSeq,64.31 N 40.32 E,KYH613035,PAIRED,PCR,METAGENOMIC,human gut metagenome,ILLUMINA,2025-03-07T00:00:00Z,2025-02-19T06:24:00Z,1,KYH613035,SRP564871
SRR32393590,AMPLICON,501,8321856,PRJNA1225157,SAMN46890934,"MIMS.me,MIGS/MIMS/MIMARKS.human-gut",5317660,RESEARCH INSTITUTE FOR SYSTEMS BIOLOGY AND MEDICINE (RISBM),2016-09-06/2017-11-27,public,"fastq,run.zq,sra","gs,ncbi,s3","gs.us-east1,ncbi.public,s3.us-east-1",human population,human gut,stool,SRX27725835,Russia,Europe,Russia: Arkhangelsk,43.17317,34.86392,Homo sapiens,Illumina MiSeq,64.31 N 40.32 E,KYH235429,PAIRED,PCR,METAGENOMIC,human gut metagenome,ILLUMINA,2025-03-07T00:00:00Z,2025-02-19T06:23:00Z,1,KYH235429,SRP564871
SRR32393591,AMPLICON,501,8622688,PRJNA1225157,SAMN46890933,"MIMS.me,MIGS/MIMS/MIMARKS.human-gut",5503487,RESEARCH INSTITUTE FOR SYSTEMS BIOLOGY AND MEDICINE (RISBM),2016-09-06/2017-11-27,public,"fastq,run.zq,sra","gs,ncbi,s3","gs.us-east1,ncbi.public,s3.us-east-1",human population,human gut,stool,SRX27725834,Russia,Europe,Russia: Arkhangelsk,38.13279,19.52035,Homo sapiens,Illumina MiSeq,64.31 N 40.32 E,KYH857633,PAIRED,PCR,METAGENOMIC,human gut metagenome,ILLUMINA,2025-03-07T00:00:00Z,2025-02-19T06:24:00Z,1,KYH857633,SRP564871
SRR32393592,AMPLICON,501,35692964,PRJNA1225157,SAMN46890932,"MIMS.me,MIGS/MIMS/MIMARKS.human-gut",23621298,RESEARCH INSTITUTE FOR SYSTEMS BIOLOGY AND MEDICINE (RISBM),2016-09-06/2017-11-27,public,"fastq,run.zq,sra","gs,ncbi,s3","gs.us-east1,ncbi.public,s3.us-east-1",human population,human gut,stool,SRX27725833,Russia,Europe,Russia: Arkhangelsk,68.16153,25.79542,Homo sapiens,Illumina MiSeq,64.31 N 40.32 E,KYH385410,PAIRED,PCR,METAGENOMIC,human gut metagenome,ILLUMINA,2025-03-07T00:00:00Z,2025-02-19T06:24:00Z,1,KYH385410,SRP564871
SRR32393593,AMPLICON,501,10345768,PRJNA1225157,SAMN46890931,"MIMS.me,MIGS/MIMS/MIMARKS.human-gut",6592675,RESEARCH INSTITUTE FOR SYSTEMS BIOLOGY AND MEDICINE (RISBM),2016-09-06/2017-11-27,public,"fastq,run.zq,sra","gs,ncbi,s3","gs.us-east1,ncbi.public,s3.us-east-1",human population,human gut,stool,SRX27725832,Russia,Europe,Russia: Arkhangelsk,64.85147,22.75385,Homo sapiens,Illumina MiSeq,64.31 N 40.32 E,KYH584261,PAIRED,PCR,METAGENOMIC,human gut metagenome,ILLUMINA,2025-03-07T00:00:00Z,2025-02-19T06:23:00Z,1,KYH584261,SRP564871
SRR32393594,AMPLICON,501,20079545,PRJNA1225157,SAMN46890930,"MIMS.me,MIGS/MIMS/MIMARKS.human-gut",12887540,RESEARCH INSTITUTE FOR SYSTEMS BIOLOGY AND MEDICINE (RISBM),2016-09-06/2017-11-27,public,"fastq,run.zq,sra","gs,ncbi,s3","gs.us-east1,ncbi.public,s3.us-east-1",human population,human gut,stool,SRX27725831,Russia,Europe,Russia: Arkhangelsk,54.08077,27.34895,Homo sapiens,Illumina MiSeq,64.31 N 40.32 E,KYH974592,PAIRED,PCR,METAGENOMIC,human gut metagenome,ILLUMINA,2025-03-07T00:00:00Z,2025-02-19T06:23:00Z,1,KYH974592,SRP564871
SRR32393595,AMPLICON,500,11228149,PRJNA1225157,SAMN46890929,"MIMS.me,MIGS/MIMS/MIMARKS.human-gut",7571390,RESEARCH INSTITUTE FOR SYSTEMS BIOLOGY AND MEDICINE (RISBM),2016-09-06/2017-11-27,public,"fastq,run.zq,sra","gs,ncbi,s3","gs.us-east1,ncbi.public,s3.us-east-1",human population,human gut,stool,SRX27725830,Russia,Europe,Russia: Arkhangelsk,55.0883,30.91628,Homo sapiens,Illumina MiSeq,64.31 N 40.32 E,KYH501218,PAIRED,PCR,METAGENOMIC,human gut metagenome,ILLUMINA,2025-03-07T00:00:00Z,2025-02-19T06:23:00Z,1,KYH501218,SRP564871
SRR32393596,AMPLICON,500,8539312,PRJNA1225157,SAMN46890928,"MIMS.me,MIGS/MIMS/MIMARKS.human-gut",5723711,RESEARCH INSTITUTE FOR SYSTEMS BIOLOGY AND MEDICINE (RISBM),2016-09-06/2017-11-27,public,"fastq,run.zq,sra","gs,ncbi,s3","gs.us-east1,ncbi.public,s3.us-east-1",human population,human gut,stool,SRX27725829,Russia,Europe,Russia: Arkhangelsk,59.57837,22.31174,Homo sapiens,Illumina MiSeq,64.31 N 40.32 E,KYH292373,PAIRED,PCR,METAGENOMIC,human gut metagenome,ILLUMINA,2025-03-07T00:00:00Z,2025-02-19T06:23:00Z,1,KYH292373,SRP564871
SRR32393597,AMPLICON,500,21281000,PRJNA1225157,SAMN46890568,"MIMS.me,MIGS/MIMS/MIMARKS.human-gut",12212172,RESEARCH INSTITUTE FOR SYSTEMS BIOLOGY AND MEDICINE (RISBM),2016-09-06/2017-11-27,public,"fastq,run.zq,sra","gs,ncbi,s3","gs.us-east1,ncbi.public,s3.us-east-1",human population,human gut,stool,SRX27725828,Russia,Europe,Russia: Arkhangelsk,37.79329,19.98448,Homo sapiens,Illumina MiSeq,64.31 N 40.32 E,KYH169316,PAIRED,PCR,METAGENOMIC,human gut metagenome,ILLUMINA,2025-03-07T00:00:00Z,2025-02-19T06:23:00Z,1,KYH169316,SRP564871
SRR32393598,AMPLICON,500,14391500,PRJNA1225157,SAMN46890532,"MIMS.me,MIGS/MIMS/MIMARKS.human-gut",8644177,RESEARCH INSTITUTE FOR SYSTEMS BIOLOGY AND MEDICINE (RISBM),2016-09-06/2017-11-27,public,"fastq,run.zq,sra","gs,ncbi,s3","gs.us-east1,ncbi.public,s3.us-east-1",human population,human gut,stool,SRX27725827,Russia,Europe,Russia: Arkhangelsk,59.99179,27.25051,Homo sapiens,Illumina MiSeq,64.31 N 40.32 E,KYH552241,PAIRED,PCR,METAGENOMIC,human gut metagenome,ILLUMINA,2025-03-07T00:00:00Z,2025-02-19T06:23:00Z,1,KYH552241,SRP564871
SRR32393599,AMPLICON,501,12948427,PRJNA1225157,SAMN46890927,"MIMS.me,MIGS/MIMS/MIMARKS.human-gut",8346324,RESEARCH INSTITUTE FOR SYSTEMS BIOLOGY AND MEDICINE (RISBM),2016-09-06/2017-11-27,public,"fastq,run.zq,sra","gs,ncbi,s3","gs.us-east1,ncbi.public,s3.us-east-1",human population,human gut,stool,SRX27725826,Russia,Europe,Russia: Arkhangelsk,59.46612,25.19753,Homo sapiens,Illumina MiSeq,64.31 N 40.32 E,KYH554951,PAIRED,PCR,METAGENOMIC,human gut metagenome,ILLUMINA,2025-03-07T00:00:00Z,2025-02-19T06:23:00Z,1,KYH554951,SRP564871
SRR32393600,AMPLICON,501,7850546,PRJNA1225157,SAMN46890926,"MIMS.me,MIGS/MIMS/MIMARKS.human-gut",5097158,RESEARCH INSTITUTE FOR SYSTEMS BIOLOGY AND MEDICINE (RISBM),2016-09-06/2017-11-27,public,"fastq,run.zq,sra","gs,ncbi,s3","gs.us-east1,ncbi.public,s3.us-east-1",human population,human gut,stool,SRX27725825,Russia,Europe,Russia: Arkhangelsk,70.69131,28.03433,Homo sapiens,Illumina MiSeq,64.31 N 40.32 E,KYH797054,PAIRED,PCR,METAGENOMIC,human gut metagenome,ILLUMINA,2025-03-07T00:00:00Z,2025-02-19T06:23:00Z,1,KYH797054,SRP564871
SRR32393601,AMPLICON,501,24534762,PRJNA1225157,SAMN46890925,"MIMS.me,MIGS/MIMS/MIMARKS.human-gut",15496793,RESEARCH INSTITUTE FOR SYSTEMS BIOLOGY AND MEDICINE (RISBM),2016-09-06/2017-11-27,public,"fastq,run.zq,sra","gs,ncbi,s3","gs.us-east1,ncbi.public,s3.us-east-1",human population,human gut,stool,SRX27725824,Russia,Europe,Russia: Arkhangelsk,49.31143,22.51092,Homo sapiens,Illumina MiSeq,64.31 N 40.32 E,KYH892801,PAIRED,PCR,METAGENOMIC,human gut metagenome,ILLUMINA,2025-03-07T00:00:00Z,2025-02-19T06:24:00Z,1,KYH892801,SRP564871
SRR32393602,AMPLICON,501,13896791,PRJNA1225157,SAMN46890924,"MIMS.me,MIGS/MIMS/MIMARKS.human-gut",9215935,RESEARCH INSTITUTE FOR SYSTEMS BIOLOGY AND MEDICINE (RISBM),2016-09-06/2017-11-27,public,"fastq,run.zq,sra","gs,ncbi,s3","gs.us-east1,ncbi.public,s3.us-east-1",human population,human gut,stool,SRX27725823,Russia,Europe,Russia: Arkhangelsk,49.82341,25.32896,Homo sapiens,Illumina MiSeq,64.31 N 40.32 E,KYH699696,PAIRED,PCR,METAGENOMIC,human gut metagenome,ILLUMINA,2025-03-07T00:00:00Z,2025-02-19T06:23:00Z,1,KYH699696,SRP564871
SRR32393603,AMPLICON,501,6331888,PRJNA1225157,SAMN46890923,"MIMS.me,MIGS/MIMS/MIMARKS.human-gut",4148702,RESEARCH INSTITUTE FOR SYSTEMS BIOLOGY AND MEDICINE (RISBM),2016-09-06/2017-11-27,public,"fastq,run.zq,sra","gs,ncbi,s3","gs.us-east1,ncbi.public,s3.us-east-1",human population,human gut,stool,SRX27725822,Russia,Europe,Russia: Arkhangelsk,65.70021,25.38876,Homo sapiens,Illumina MiSeq,64.31 N 40.32 E,KYH575691,PAIRED,PCR,METAGENOMIC,human gut metagenome,ILLUMINA,2025-03-07T00:00:00Z,2025-02-19T06:23:00Z,1,KYH575691,SRP564871
SRR32393604,AMPLICON,501,13889603,PRJNA1225157,SAMN46890922,"MIMS.me,MIGS/MIMS/MIMARKS.human-gut",8681980,RESEARCH INSTITUTE FOR SYSTEMS BIOLOGY AND MEDICINE (RISBM),2016-09-06/2017-11-27,public,"fastq,run.zq,sra","gs,ncbi,s3","gs.us-east1,ncbi.public,s3.us-east-1",human population,human gut,stool,SRX27725821,Russia,Europe,Russia: Arkhangelsk,47.86311,21.58901,Homo sapiens,Illumina MiSeq,64.31 N 40.32 E,KYH205934,PAIRED,PCR,METAGENOMIC,human gut metagenome,ILLUMINA,2025-03-07T00:00:00Z,2025-02-19T06:23:00Z,1,KYH205934,SRP564871
SRR32393605,AMPLICON,501,15062751,PRJNA1225157,SAMN46890921,"MIMS.me,MIGS/MIMS/MIMARKS.human-gut",9539083,RESEARCH INSTITUTE FOR SYSTEMS BIOLOGY AND MEDICINE (RISBM),2016-09-06/2017-11-27,public,"fastq,run.zq,sra","gs,ncbi,s3","gs.us-east1,ncbi.public,s3.us-east-1",human population,human gut,stool,SRX27725820,Russia,Europe,Russia: Arkhangelsk,67.50171,30.69601,Homo sapiens,Illumina MiSeq,64.31 N 40.32 E,KYH991090,PAIRED,PCR,METAGENOMIC,human gut metagenome,ILLUMINA,2025-03-07T00:00:00Z,2025-02-19T06:23:00Z,1,KYH991090,SRP564871
SRR32393606,AMPLICON,501,18302405,PRJNA1225157,SAMN46890920,"MIMS.me,MIGS/MIMS/MIMARKS.human-gut",11624049,RESEARCH INSTITUTE FOR SYSTEMS BIOLOGY AND MEDICINE (RISBM),2016-09-06/2017-11-27,public,"fastq,run.zq,sra","gs,ncbi,s3","gs.us-east1,ncbi.public,s3.us-east-1",human population,human gut,stool,SRX27725819,Russia,Europe,Russia: Arkhangelsk,42.48049,28.99195,Homo sapiens,Illumina MiSeq,64.31 N 40.32 E,KYH382659,PAIRED,PCR,METAGENOMIC,human gut metagenome,ILLUMINA,2025-03-07T00:00:00Z,2025-02-19T06:23:00Z,1,KYH382659,SRP564871
SRR32393607,AMPLICON,501,20609281,PRJNA1225157,SAMN46890919,"MIMS.me,MIGS/MIMS/MIMARKS.human-gut",13120891,RESEARCH INSTITUTE FOR SYSTEMS BIOLOGY AND MEDICINE (RISBM),2016-09-06/2017-11-27,public,"fastq,run.zq,sra","gs,ncbi,s3","gs.us-east1,ncbi.public,s3.us-east-1",human population,human gut,stool,SRX27725818,Russia,Europe,Russia: Arkhangelsk,70.0178,32.3168,Homo sapiens,Illumina MiSeq,64.31 N 40.32 E,KYH970122,PAIRED,PCR,METAGENOMIC,human gut metagenome,ILLUMINA,2025-03-07T00:00:00Z,2025-02-19T06:23:00Z,1,KYH970122,SRP564871
SRR32393608,AMPLICON,501,10329296,PRJNA1225157,SAMN46890918,"MIMS.me,MIGS/MIMS/MIMARKS.human-gut",6790699,RESEARCH INSTITUTE FOR SYSTEMS BIOLOGY AND MEDICINE (RISBM),2016-09-06/2017-11-27,public,"fastq,run.zq,sra","gs,ncbi,s3","gs.us-east1,ncbi.public,s3.us-east-1",human population,human gut,stool,SRX27725817,Russia,Europe,Russia: Arkhangelsk,51.57563,21.74283,Homo sapiens,Illumina MiSeq,64.31 N 40.32 E,KYH450360,PAIRED,PCR,METAGENOMIC,human gut metagenome,ILLUMINA,2025-03-07T00:00:00Z,2025-02-19T06:23:00Z,1,KYH450360,SRP564871
SRR32393609,AMPLICON,501,8524608,PRJNA1225157,SAMN46890830,"MIMS.me,MIGS/MIMS/MIMARKS.human-gut",5145657,RESEARCH INSTITUTE FOR SYSTEMS BIOLOGY AND MEDICINE (RISBM),2016-09-06/2017-11-27,public,"fastq,run.zq,sra","gs,ncbi,s3","gs.us-east1,ncbi.public,s3.us-east-1",human population,human gut,stool,SRX27725816,Russia,Europe,Russia: Arkhangelsk,57.23477,27.14614,Homo sapiens,Illumina MiSeq,64.31 N 40.32 E,KYH927148,PAIRED,PCR,METAGENOMIC,human gut metagenome,ILLUMINA,2025-03-07T00:00:00Z,2025-02-19T06:23:00Z,1,KYH927148,SRP564871
SRR32393610,AMPLICON,501,8585792,PRJNA1225157,SAMN46890829,"MIMS.me,MIGS/MIMS/MIMARKS.human-gut",5039001,RESEARCH INSTITUTE FOR SYSTEMS BIOLOGY AND MEDICINE (RISBM),2016-09-06/2017-11-27,public,"fastq,run.zq,sra","gs,ncbi,s3","gs.us-east1,ncbi.public,s3.us-east-1",human population,human gut,stool,SRX27725815,Russia,Europe,Russia: Arkhangelsk,38.75702,23.51764,Homo sapiens,Illumina MiSeq,64.31 N 40.32 E,KYH990160,PAIRED,PCR,METAGENOMIC,human gut metagenome,ILLUMINA,2025-03-07T00:00:00Z,2025-02-19T06:23:00Z,1,KYH990160,SRP564871
SRR32393611,AMPLICON,501,41193063,PRJNA1225157,SAMN46890828,"MIMS.me,MIGS/MIMS/MIMARKS.human-gut",22881242,RESEARCH INSTITUTE FOR SYSTEMS BIOLOGY AND MEDICINE (RISBM),2016-09-06/2017-11-27,public,"fastq,run.zq,sra","gs,ncbi,s3","gs.us-east1,ncbi.public,s3.us-east-1",human population,human gut,stool,SRX27725814,Russia,Europe,Russia: Arkhangelsk,63.41958,27.01625,Homo sapiens,Illumina MiSeq,64.31 N 40.32 E,KYH946248,PAIRED,PCR,METAGENOMIC,human gut metagenome,ILLUMINA,2025-03-07T00:00:00Z,2025-02-19T06:24:00Z,1,KYH946248,SRP564871
SRR32393612,AMPLICON,500,28860000,PRJNA1225157,SAMN46890558,"MIMS.me,MIGS/MIMS/MIMARKS.human-gut",17064395,RESEARCH INSTITUTE FOR SYSTEMS BIOLOGY AND MEDICINE (RISBM),2016-09-06/2017-11-27,public,"fastq,run.zq,sra","gs,ncbi,s3","gs.us-east1,ncbi.public,s3.us-east-1",human population,human gut,stool,SRX27725813,Russia,Europe,Russia: Arkhangelsk,68.77755,27.46257,Homo sapiens,Illumina MiSeq,64.31 N 40.32 E,KYH992172,PAIRED,PCR,METAGENOMIC,human gut metagenome,ILLUMINA,2025-03-07T00:00:00Z,2025-02-19T06:23:00Z,1,KYH992172,SRP564871
SRR32393613,AMPLICON,500,28866000,PRJNA1225157,SAMN46890531,"MIMS.me,MIGS/MIMS/MIMARKS.human-gut",17305279,RESEARCH INSTITUTE FOR SYSTEMS BIOLOGY AND MEDICINE (RISBM),2016-09-06/2017-11-27,public,"fastq,run.zq,sra","gs,ncbi,s3","gs.us-east1,ncbi.public,s3.us-east-1",human population,human gut,stool,SRX27725812,Russia,Europe,Russia: Arkhangelsk,42.47775,20.57086,Homo sapiens,Illumina MiSeq,64.31 N 40.32 E,KYH444549,PAIRED,PCR,METAGENOMIC,human gut metagenome,ILLUMINA,2025-03-07T00:00:00Z,2025-02-19T06:24:00Z,1,KYH444549,SRP564871
SRR32393614,AMPLICON,500,25405472,PRJNA1225157,SAMN46890827,"MIMS.me,MIGS/MIMS/MIMARKS.human-gut",14604523,RESEARCH INSTITUTE FOR SYSTEMS BIOLOGY AND MEDICINE (RISBM),2016-09-06/2017-11-27,public,"fastq,run.zq,sra","gs,ncbi,s3","gs.us-east1,ncbi.public,s3.us-east-1",human population,human gut,stool,SRX27725811,Russia,Europe,Russia: Arkhangelsk,59.17864,31.27149,Homo sapiens,Illumina MiSeq,64.31 N 40.32 E,KYH934727,PAIRED,PCR,METAGENOMIC,human gut metagenome,ILLUMINA,2025-03-07T00:00:00Z,2025-02-19T06:23:00Z,1,KYH934727,SRP564871
SRR32393615,AMPLICON,501,24785161,PRJNA1225157,SAMN46890826,"MIMS.me,MIGS/MIMS/MIMARKS.human-gut",13981316,RESEARCH INSTITUTE FOR SYSTEMS BIOLOGY AND MEDICINE (RISBM),2016-09-06/2017-11-27,public,"fastq,run.zq,sra","gs,ncbi,s3","gs.us-east1,ncbi.public,s3.us-east-1",human population,human gut,stool,SRX27725810,Russia,Europe,Russia: Arkhangelsk,50.10815,25.65972,Homo sapiens,Illumina MiSeq,64.31 N 40.32 E,KYH878246,PAIRED,PCR,METAGENOMIC,human gut metagenome,ILLUMINA,2025-03-07T00:00:00Z,2025-02-19T06:24:00Z,1,KYH878246,SRP564871
SRR32393616,AMPLICON,501,13752781,PRJNA1225157,SAMN46890825,"MIMS.me,MIGS/MIMS/MIMARKS.human-gut",7675423,RESEARCH INSTITUTE FOR SYSTEMS BIOLOGY AND MEDICINE (RISBM),2016-09-06/2017-11-27,public,"fastq,run.zq,sra","gs,ncbi,s3","gs.us-east1,ncbi.public,s3.us-east-1",human population,human gut,stool,SRX27725809,Russia,Europe,Russia: Arkhangelsk,50.49966,31.71191,Homo sapiens,Illumina MiSeq,64.31 N 40.32 E,KYH865564,PAIRED,PCR,METAGENOMIC,human gut metagenome,ILLUMINA,2025-03-07T00:00:00Z,2025-02-19T06:24:00Z,1,KYH865564,SRP564871
SRR32393617,AMPLICON,501,22873256,PRJNA1225157,SAMN46890824,"MIMS.me,MIGS/MIMS/MIMARKS.human-gut",12611353,RESEARCH INSTITUTE FOR SYSTEMS BIOLOGY AND MEDICINE (RISBM),2016-09-06/2017-11-27,public,"fastq,run.zq,sra","gs,ncbi,s3","gs.us-east1,ncbi.public,s3.us-east-1",human population,human gut,stool,SRX27725808,Russia,Europe,Russia: Arkhangelsk,65.50582,32.70909,Homo sapiens,Illumina MiSeq,64.31 N 40.32 E,KYH394012,PAIRED,PCR,METAGENOMIC,human gut metagenome,ILLUMINA,2025-03-07T00:00:00Z,2025-02-19T06:24:00Z,1,KYH394012,SRP564871
SRR32393618,AMPLICON,501,6543588,PRJNA1225157,SAMN46890823,"MIMS.me,MIGS/MIMS/MIMARKS.human-gut",3873322,RESEARCH INSTITUTE FOR SYSTEMS BIOLOGY AND MEDICINE (RISBM),2016-09-06/2017-11-27,public,"fastq,run.zq,sra","gs,ncbi,s3","gs.us-east1,ncbi.public,s3.us-east-1",human population,human gut,stool,SRX27725807,Russia,Europe,Russia: Arkhangelsk,55.55099,26.15195,Homo sapiens,Illumina MiSeq,64.31 N 40.32 E,KYH623139,PAIRED,PCR,METAGENOMIC,human gut metagenome,ILLUMINA,2025-03-07T00:00:00Z,2025-02-19T06:23:00Z,1,KYH623139,SRP564871
SRR32393619,AMPLICON,501,19582057,PRJNA1225157,SAMN46890822,"MIMS.me,MIGS/MIMS/MIMARKS.human-gut",10922075,RESEARCH INSTITUTE FOR SYSTEMS BIOLOGY AND MEDICINE (RISBM),2016-09-06/2017-11-27,public,"fastq,run.zq,sra","gs,ncbi,s3","gs.us-east1,ncbi.public,s3.us-east-1",human population,human gut,stool,SRX27725806,Russia,Europe,Russia: Arkhangelsk,62.32991,35.39453,Homo sapiens,Illumina MiSeq,64.31 N 40.32 E,KYH810920,PAIRED,PCR,METAGENOMIC,human gut metagenome,ILLUMINA,2025-03-07T00:00:00Z,2025-02-19T06:23:00Z,1,KYH810920,SRP564871
SRR32393620,AMPLICON,501,37070225,PRJNA1225157,SAMN46890821,"MIMS.me,MIGS/MIMS/MIMARKS.human-gut",21914257,RESEARCH INSTITUTE FOR SYSTEMS BIOLOGY AND MEDICINE (RISBM),2016-09-06/2017-11-27,public,"fastq,run.zq,sra","gs,ncbi,s3","gs.us-east1,ncbi.public,s3.us-east-1",human population,human gut,stool,SRX27725805,Russia,Europe,Russia: Arkhangelsk,63.04449,25.4732,Homo sapiens,Illumina MiSeq,64.31 N 40.32 E,KYH991676,PAIRED,PCR,METAGENOMIC,human gut metagenome,ILLUMINA,2025-03-07T00:00:00Z,2025-02-19T06:24:00Z,1,KYH991676,SRP564871
SRR32393621,AMPLICON,501,8103718,PRJNA1225157,SAMN46890820,"MIMS.me,MIGS/MIMS/MIMARKS.human-gut",4505440,RESEARCH INSTITUTE FOR SYSTEMS BIOLOGY AND MEDICINE (RISBM),2016-09-06/2017-11-27,public,"fastq,run.zq,sra","gs,ncbi,s3","gs.us-east1,ncbi.public,s3.us-east-1",human population,human gut,stool,SRX27725804,Russia,Europe,Russia: Arkhangelsk,43.0308,23.44107,Homo sapiens,Illumina MiSeq,64.31 N 40.32 E,KYH152684,PAIRED,PCR,METAGENOMIC,human gut metagenome,ILLUMINA,2025-03-07T00:00:00Z,2025-02-19T06:24:00Z,1,KYH152684,SRP564871
SRR32393622,AMPLICON,501,8924672,PRJNA1225157,SAMN46890819,"MIMS.me,MIGS/MIMS/MIMARKS.human-gut",5956763,RESEARCH INSTITUTE FOR SYSTEMS BIOLOGY AND MEDICINE (RISBM),2016-09-06/2017-11-27,public,"fastq,run.zq,sra","gs,ncbi,s3","gs.us-east1,ncbi.public,s3.us-east-1",human population,human gut,stool,SRX27725803,Russia,Europe,Russia: Arkhangelsk,68.0219,30.27392,Homo sapiens,Illumina MiSeq,64.31 N 40.32 E,KYH491256,PAIRED,PCR,METAGENOMIC,human gut metagenome,ILLUMINA,2025-03-07T00:00:00Z,2025-02-19T06:24:00Z,1,KYH491256,SRP564871
SRR32393623,AMPLICON,501,10762779,PRJNA1225157,SAMN46890818,"MIMS.me,MIGS/MIMS/MIMARKS.human-gut",6463059,RESEARCH INSTITUTE FOR SYSTEMS BIOLOGY AND MEDICINE (RISBM),2016-09-06/2017-11-27,public,"fastq,run.zq,sra","gs,ncbi,s3","gs.us-east1,ncbi.public,s3.us-east-1",human population,human gut,stool,SRX27725802,Russia,Europe,Russia: Arkhangelsk,54.29706,31.14551,Homo sapiens,Illumina MiSeq,64.31 N 40.32 E,KYH986107,PAIRED,PCR,METAGENOMIC,human gut metagenome,ILLUMINA,2025-03-07T00:00:00Z,2025-02-19T06:24:00Z,1,KYH986107,SRP564871
SRR32393624,AMPLICON,500,27161000,PRJNA1225157,SAMN46890557,"MIMS.me,MIGS/MIMS/MIMARKS.human-gut",15461404,RESEARCH INSTITUTE FOR SYSTEMS BIOLOGY AND MEDICINE (RISBM),2016-09-06/2017-11-27,public,"fastq,run.zq,sra","gs,ncbi,s3","gs.us-east1,ncbi.public,s3.us-east-1",human population,human gut,stool,SRX27725801,Russia,Europe,Russia: Arkhangelsk,57.79329,22.88317,Homo sapiens,Illumina MiSeq,64.31 N 40.32 E,KYH477425,PAIRED,PCR,METAGENOMIC,human gut metagenome,ILLUMINA,2025-03-07T00:00:00Z,2025-02-19T06:24:00Z,1,KYH477425,SRP564871
SRR32393625,AMPLICON,501,35896534,PRJNA1225157,SAMN46890817,"MIMS.me,MIGS/MIMS/MIMARKS.human-gut",20214490,RESEARCH INSTITUTE FOR SYSTEMS BIOLOGY AND MEDICINE (RISBM),2016-09-06/2017-11-27,public,"fastq,run.zq,sra","gs,ncbi,s3","gs.us-east1,ncbi.public,s3.us-east-1",human population,human gut,stool,SRX27725800,Russia,Europe,Russia: Arkhangelsk,44.08214,23.87926,Homo sapiens,Illumina MiSeq,64.31 N 40.32 E,KYH262952,PAIRED,PCR,METAGENOMIC,human gut metagenome,ILLUMINA,2025-03-07T00:00:00Z,2025-02-19T06:24:00Z,1,KYH262952,SRP564871
SRR32393626,AMPLICON,501,35870485,PRJNA1225157,SAMN46890816,"MIMS.me,MIGS/MIMS/MIMARKS.human-gut",19950659,RESEARCH INSTITUTE FOR SYSTEMS BIOLOGY AND MEDICINE (RISBM),2016-09-06/2017-11-27,public,"fastq,run.zq,sra","gs,ncbi,s3","gs.us-east1,ncbi.public,s3.us-east-1",human population,human gut,stool,SRX27725799,Russia,Europe,Russia: Arkhangelsk,48.72827,26.77523,Homo sapiens,Illumina MiSeq,64.31 N 40.32 E,KYH936965,PAIRED,PCR,METAGENOMIC,human gut metagenome,ILLUMINA,2025-03-07T00:00:00Z,2025-02-19T06:24:00Z,1,KYH936965,SRP564871
SRR32393627,AMPLICON,501,13826576,PRJNA1225157,SAMN46890815,"MIMS.me,MIGS/MIMS/MIMARKS.human-gut",7607859,RESEARCH INSTITUTE FOR SYSTEMS BIOLOGY AND MEDICINE (RISBM),2016-09-06/2017-11-27,public,"fastq,run.zq,sra","gs,ncbi,s3","gs.us-east1,ncbi.public,s3.us-east-1",human population,human gut,stool,SRX27725798,Russia,Europe,Russia: Arkhangelsk,51.13758,30.52276,Homo sapiens,Illumina MiSeq,64.31 N 40.32 E,KYH548895,PAIRED,PCR,METAGENOMIC,human gut metagenome,ILLUMINA,2025-03-07T00:00:00Z,2025-02-19T06:24:00Z,1,KYH548895,SRP564871
SRR32393628,AMPLICON,501,9438621,PRJNA1225157,SAMN46890814,"MIMS.me,MIGS/MIMS/MIMARKS.human-gut",5216624,RESEARCH INSTITUTE FOR SYSTEMS BIOLOGY AND MEDICINE (RISBM),2016-09-06/2017-11-27,public,"fastq,run.zq,sra","gs,ncbi,s3","gs.us-east1,ncbi.public,s3.us-east-1",human population,human gut,stool,SRX27725797,Russia,Europe,Russia: Arkhangelsk,47.93977,27.80221,Homo sapiens,Illumina MiSeq,64.31 N 40.32 E,KYH129913,PAIRED,PCR,METAGENOMIC,human gut metagenome,ILLUMINA,2025-03-07T00:00:00Z,2025-02-19T06:24:00Z,1,KYH129913,SRP564871
SRR32393629,AMPLICON,501,6011998,PRJNA1225157,SAMN46890813,"MIMS.me,MIGS/MIMS/MIMARKS.human-gut",3460207,RESEARCH INSTITUTE FOR SYSTEMS BIOLOGY AND MEDICINE (RISBM),2016-09-06/2017-11-27,public,"fastq,run.zq,sra","gs,ncbi,s3","gs.us-east1,ncbi.public,s3.us-east-1",human population,human gut,stool,SRX27725796,Russia,Europe,Russia: Arkhangelsk,45.19097,22.91689,Homo sapiens,Illumina MiSeq,64.31 N 40.32 E,KYH318934,PAIRED,PCR,METAGENOMIC,human gut metagenome,ILLUMINA,2025-03-07T00:00:00Z,2025-02-19T06:23:00Z,1,KYH318934,SRP564871
SRR32393630,AMPLICON,501,15425518,PRJNA1225157,SAMN46890812,"MIMS.me,MIGS/MIMS/MIMARKS.human-gut",8838066,RESEARCH INSTITUTE FOR SYSTEMS BIOLOGY AND MEDICINE (RISBM),2016-09-06/2017-11-27,public,"fastq,run.zq,sra","gs,ncbi,s3","gs.us-east1,ncbi.public,s3.us-east-1",human population,human gut,stool,SRX27725795,Russia,Europe,Russia: Arkhangelsk,69.37166,28.98931,Homo sapiens,Illumina MiSeq,64.31 N 40.32 E,KYH609626,PAIRED,PCR,METAGENOMIC,human gut metagenome,ILLUMINA,2025-03-07T00:00:00Z,2025-02-19T06:24:00Z,1,KYH609626,SRP564871
SRR32393631,AMPLICON,501,10088478,PRJNA1225157,SAMN46890811,"MIMS.me,MIGS/MIMS/MIMARKS.human-gut",5847802,RESEARCH INSTITUTE FOR SYSTEMS BIOLOGY AND MEDICINE (RISBM),2016-09-06/2017-11-27,public,"fastq,run.zq,sra","gs,ncbi,s3","gs.us-east1,ncbi.public,s3.us-east-1",human population,human gut,stool,SRX27725794,Russia,Europe,Russia: Arkhangelsk,56.62971,31.61278,Homo sapiens,Illumina MiSeq,64.31 N 40.32 E,KYH321706,PAIRED,PCR,METAGENOMIC,human gut metagenome,ILLUMINA,2025-03-07T00:00:00Z,2025-02-19T06:24:00Z,1,KYH321706,SRP564871
SRR32393632,AMPLICON,501,33656008,PRJNA1225157,SAMN46890810,"MIMS.me,MIGS/MIMS/MIMARKS.human-gut",18846189,RESEARCH INSTITUTE FOR SYSTEMS BIOLOGY AND MEDICINE (RISBM),2016-09-06/2017-11-27,public,"fastq,run.zq,sra","gs,ncbi,s3","gs.us-east1,ncbi.public,s3.us-east-1",human population,human gut,stool,SRX27725793,Russia,Europe,Russia: Arkhangelsk,41.42916,23.00265,Homo sapiens,Illumina MiSeq,64.31 N 40.32 E,KYH930282,PAIRED,PCR,METAGENOMIC,human gut metagenome,ILLUMINA,2025-03-07T00:00:00Z,2025-02-19T06:33:00Z,1,KYH930282,SRP564871
SRR32393633,AMPLICON,501,9596934,PRJNA1225157,SAMN46890809,"MIMS.me,MIGS/MIMS/MIMARKS.human-gut",5450446,RESEARCH INSTITUTE FOR SYSTEMS BIOLOGY AND MEDICINE (RISBM),2016-09-06/2017-11-27,public,"fastq,run.zq,sra","gs,ncbi,s3","gs.us-east1,ncbi.public,s3.us-east-1",human population,human gut,stool,SRX27725792,Russia,Europe,Russia: Arkhangelsk,48.30938,24.77119,Homo sapiens,Illumina MiSeq,64.31 N 40.32 E,KYH871768,PAIRED,PCR,METAGENOMIC,human gut metagenome,ILLUMINA,2025-03-07T00:00:00Z,2025-02-19T06:34:00Z,1,KYH871768,SRP564871
SRR32393634,AMPLICON,501,5672964,PRJNA1225157,SAMN46890808,"MIMS.me,MIGS/MIMS/MIMARKS.human-gut",3397108,RESEARCH INSTITUTE FOR SYSTEMS BIOLOGY AND MEDICINE (RISBM),2016-09-06/2017-11-27,public,"fastq,run.zq,sra","gs,ncbi,s3","gs.us-east1,ncbi.public,s3.us-east-1",human population,human gut,stool,SRX27725791,Russia,Europe,Russia: Arkhangelsk,67.67967,27.27854,Homo sapiens,Illumina MiSeq,64.31 N 40.32 E,KYH564945,PAIRED,PCR,METAGENOMIC,human gut metagenome,ILLUMINA,2025-03-07T00:00:00Z,2025-02-19T06:33:00Z,1,KYH564945,SRP564871
SRR32393635,AMPLICON,500,19880000,PRJNA1225157,SAMN46890556,"MIMS.me,MIGS/MIMS/MIMARKS.human-gut",11534676,RESEARCH INSTITUTE FOR SYSTEMS BIOLOGY AND MEDICINE (RISBM),2016-09-06/2017-11-27,public,"fastq,run.zq,sra","gs,ncbi,s3","gs.us-east1,ncbi.public,s3.us-east-1",human population,human gut,stool,SRX27725790,Russia,Europe,Russia: Arkhangelsk,66.76797,32.53154,Homo sapiens,Illumina MiSeq,64.31 N 40.32 E,KYH222697,PAIRED,PCR,METAGENOMIC,human gut metagenome,ILLUMINA,2025-03-07T00:00:00Z,2025-02-19T06:33:00Z,1,KYH222697,SRP564871
SRR32393636,AMPLICON,501,20398649,PRJNA1225157,SAMN46890807,"MIMS.me,MIGS/MIMS/MIMARKS.human-gut",11612011,RESEARCH INSTITUTE FOR SYSTEMS BIOLOGY AND MEDICINE (RISBM),2016-09-06/2017-11-27,public,"fastq,run.zq,sra","gs,ncbi,s3","gs.us-east1,ncbi.public,s3.us-east-1",human population,human gut,stool,SRX27725789,Russia,Europe,Russia: Arkhangelsk,42.91581,22.58943,Homo sapiens,Illumina MiSeq,64.31 N 40.32 E,KYH584399,PAIRED,PCR,METAGENOMIC,human gut metagenome,ILLUMINA,2025-03-07T00:00:00Z,2025-02-19T06:33:00Z,1,KYH584399,SRP564871
SRR32393637,AMPLICON,501,25033613,PRJNA1225157,SAMN46890806,"MIMS.me,MIGS/MIMS/MIMARKS.human-gut",14012019,RESEARCH INSTITUTE FOR SYSTEMS BIOLOGY AND MEDICINE (RISBM),2016-09-06/2017-11-27,public,"fastq,run.zq,sra","gs,ncbi,s3","gs.us-east1,ncbi.public,s3.us-east-1",human population,human gut,stool,SRX27725788,Russia,Europe,Russia: Arkhangelsk,58.30527,26.53518,Homo sapiens,Illumina MiSeq,64.31 N 40.32 E,KYH946309,PAIRED,PCR,METAGENOMIC,human gut metagenome,ILLUMINA,2025-03-07T00:00:00Z,2025-02-19T06:33:00Z,1,KYH946309,SRP564871
SRR32393638,AMPLICON,501,14989481,PRJNA1225157,SAMN46890805,"MIMS.me,MIGS/MIMS/MIMARKS.human-gut",9136445,RESEARCH INSTITUTE FOR SYSTEMS BIOLOGY AND MEDICINE (RISBM),2016-09-06/2017-11-27,public,"fastq,run.zq,sra","gs,ncbi,s3","gs.us-east1,ncbi.public,s3.us-east-1",human population,human gut,stool,SRX27725787,Russia,Europe,Russia: Arkhangelsk,36.86242,28.79045,Homo sapiens,Illumina MiSeq,64.31 N 40.32 E,KYH170545,PAIRED,PCR,METAGENOMIC,human gut metagenome,ILLUMINA,2025-03-07T00:00:00Z,2025-02-19T06:34:00Z,1,KYH170545,SRP564871
SRR32393639,AMPLICON,501,9750417,PRJNA1225157,SAMN46890804,"MIMS.me,MIGS/MIMS/MIMARKS.human-gut",5702401,RESEARCH INSTITUTE FOR SYSTEMS BIOLOGY AND MEDICINE (RISBM),2016-09-06/2017-11-27,public,"fastq,run.zq,sra","gs,ncbi,s3","gs.us-east1,ncbi.public,s3.us-east-1",human population,human gut,stool,SRX27725786,Russia,Europe,Russia: Arkhangelsk,60.33949,23.8839,Homo sapiens,Illumina MiSeq,64.31 N 40.32 E,KYH636653,PAIRED,PCR,METAGENOMIC,human gut metagenome,ILLUMINA,2025-03-07T00:00:00Z,2025-02-19T06:33:00Z,1,KYH636653,SRP564871
SRR32393640,AMPLICON,501,15838933,PRJNA1225157,SAMN46890803,"MIMS.me,MIGS/MIMS/MIMARKS.human-gut",9146929,RESEARCH INSTITUTE FOR SYSTEMS BIOLOGY AND MEDICINE (RISBM),2016-09-06/2017-11-27,public,"fastq,run.zq,sra","gs,ncbi,s3","gs.us-east1,ncbi.public,s3.us-east-1",human population,human gut,stool,SRX27725785,Russia,Europe,Russia: Arkhangelsk,65.59069,35.24835,Homo sapiens,Illumina MiSeq,64.31 N 40.32 E,KYH170265,PAIRED,PCR,METAGENOMIC,human gut metagenome,ILLUMINA,2025-03-07T00:00:00Z,2025-02-19T06:34:00Z,1,KYH170265,SRP564871
SRR32393641,AMPLICON,501,11448765,PRJNA1225157,SAMN46890773,"MIMS.me,MIGS/MIMS/MIMARKS.human-gut",6650664,RESEARCH INSTITUTE FOR SYSTEMS BIOLOGY AND MEDICINE (RISBM),2016-09-06/2017-11-27,public,"fastq,run.zq,sra","gs,ncbi,s3","gs.us-east1,ncbi.public,s3.us-east-1",human population,human gut,stool,SRX27725784,Russia,Europe,Russia: Arkhangelsk,68.00274,23.82365,Homo sapiens,Illumina MiSeq,64.31 N 40.32 E,KYH556295,PAIRED,PCR,METAGENOMIC,human gut metagenome,ILLUMINA,2025-03-07T00:00:00Z,2025-02-19T06:34:00Z,1,KYH556295,SRP564871
SRR32393642,AMPLICON,501,12442343,PRJNA1225157,SAMN46890772,"MIMS.me,MIGS/MIMS/MIMARKS.human-gut",7279705,RESEARCH INSTITUTE FOR SYSTEMS BIOLOGY AND MEDICINE (RISBM),2016-09-06/2017-11-27,public,"fastq,run.zq,sra","gs,ncbi,s3","gs.us-east1,ncbi.public,s3.us-east-1",human population,human gut,stool,SRX27725783,Russia,Europe,Russia: Arkhangelsk,51.60849,36.48789,Homo sapiens,Illumina MiSeq,64.31 N 40.32 E,KYH773791,PAIRED,PCR,METAGENOMIC,human gut metagenome,ILLUMINA,2025-03-07T00:00:00Z,2025-02-19T06:33:00Z,1,KYH773791,SRP564871
SRR32393643,AMPLICON,501,20291288,PRJNA1225157,SAMN46890771,"MIMS.me,MIGS/MIMS/MIMARKS.human-gut",11441012,RESEARCH INSTITUTE FOR SYSTEMS BIOLOGY AND MEDICINE (RISBM),2016-09-06/2017-11-27,public,"fastq,run.zq,sra","gs,ncbi,s3","gs.us-east1,ncbi.public,s3.us-east-1",human population,human gut,stool,SRX27725782,Russia,Europe,Russia: Arkhangelsk,59.28816,25.50949,Homo sapiens,Illumina MiSeq,64.31 N 40.32 E,KYH245165,PAIRED,PCR,METAGENOMIC,human gut metagenome,ILLUMINA,2025-03-07T00:00:00Z,2025-02-19T06:33:00Z,1,KYH245165,SRP564871
SRR32393644,AMPLICON,501,11422312,PRJNA1225157,SAMN46890770,"MIMS.me,MIGS/MIMS/MIMARKS.human-gut",7122222,RESEARCH INSTITUTE FOR SYSTEMS BIOLOGY AND MEDICINE (RISBM),2016-09-06/2017-11-27,public,"fastq,run.zq,sra","gs,ncbi,s3","gs.us-east1,ncbi.public,s3.us-east-1",human population,human gut,stool,SRX27725781,Russia,Europe,Russia: Arkhangelsk,65.95209,25.48448,Homo sapiens,Illumina MiSeq,64.31 N 40.32 E,KYH645677,PAIRED,PCR,METAGENOMIC,human gut metagenome,ILLUMINA,2025-03-07T00:00:00Z,2025-02-19T06:33:00Z,1,KYH645677,SRP564871
SRR32393645,AMPLICON,501,12630694,PRJNA1225157,SAMN46890769,"MIMS.me,MIGS/MIMS/MIMARKS.human-gut",7036846,RESEARCH INSTITUTE FOR SYSTEMS BIOLOGY AND MEDICINE (RISBM),2016-09-06/2017-11-27,public,"fastq,run.zq,sra","gs,ncbi,s3","gs.us-east1,ncbi.public,s3.us-east-1",human population,human gut,stool,SRX27725780,Russia,Europe,Russia: Arkhangelsk,53.96851,24.48919,Homo sapiens,Illumina MiSeq,64.31 N 40.32 E,KYH523085,PAIRED,PCR,METAGENOMIC,human gut metagenome,ILLUMINA,2025-03-07T00:00:00Z,2025-02-19T06:33:00Z,1,KYH523085,SRP564871
SRR32393646,AMPLICON,501,17951913,PRJNA1225157,SAMN46890768,"MIMS.me,MIGS/MIMS/MIMARKS.human-gut",10151001,RESEARCH INSTITUTE FOR SYSTEMS BIOLOGY AND MEDICINE (RISBM),2016-09-06/2017-11-27,public,"fastq,run.zq,sra","gs,ncbi,s3","gs.us-east1,ncbi.public,s3.us-east-1",human population,human gut,stool,SRX27725779,Russia,Europe,Russia: Arkhangelsk,68.0219,27.75087,Homo sapiens,Illumina MiSeq,64.31 N 40.32 E,KYH429712,PAIRED,PCR,METAGENOMIC,human gut metagenome,ILLUMINA,2025-03-07T00:00:00Z,2025-02-19T06:33:00Z,1,KYH429712,SRP564871
SRR32393647,AMPLICON,500,23240500,PRJNA1225157,SAMN46890552,"MIMS.me,MIGS/MIMS/MIMARKS.human-gut",13585050,RESEARCH INSTITUTE FOR SYSTEMS BIOLOGY AND MEDICINE (RISBM),2016-09-06/2017-11-27,public,"fastq,run.zq,sra","gs,ncbi,s3","gs.us-east1,ncbi.public,s3.us-east-1",human population,human gut,stool,SRX27725778,Russia,Europe,Russia: Arkhangelsk,66.12731,23.81204,Homo sapiens,Illumina MiSeq,64.31 N 40.32 E,KYH571542,PAIRED,PCR,METAGENOMIC,human gut metagenome,ILLUMINA,2025-03-07T00:00:00Z,2025-02-19T06:33:00Z,1,KYH571542,SRP564871
SRR32393648,AMPLICON,501,10318541,PRJNA1225157,SAMN46890767,"MIMS.me,MIGS/MIMS/MIMARKS.human-gut",5840599,RESEARCH INSTITUTE FOR SYSTEMS BIOLOGY AND MEDICINE (RISBM),2016-09-06/2017-11-27,public,"fastq,run.zq,sra","gs,ncbi,s3","gs.us-east1,ncbi.public,s3.us-east-1",human population,human gut,stool,SRX27725777,Russia,Europe,Russia: Arkhangelsk,52.33676,21.67571,Homo sapiens,Illumina MiSeq,64.31 N 40.32 E,KYH342953,PAIRED,PCR,METAGENOMIC,human gut metagenome,ILLUMINA,2025-03-07T00:00:00Z,2025-02-19T06:34:00Z,1,KYH342953,SRP564871
SRR32393649,AMPLICON,501,32083178,PRJNA1225157,SAMN46890766,"MIMS.me,MIGS/MIMS/MIMARKS.human-gut",17950125,RESEARCH INSTITUTE FOR SYSTEMS BIOLOGY AND MEDICINE (RISBM),2016-09-06/2017-11-27,public,"fastq,run.zq,sra","gs,ncbi,s3","gs.us-east1,ncbi.public,s3.us-east-1",human population,human gut,stool,SRX27725776,Russia,Europe,Russia: Arkhangelsk,56.84873,28.60156,Homo sapiens,Illumina MiSeq,64.31 N 40.32 E,KYH433772,PAIRED,PCR,METAGENOMIC,human gut metagenome,ILLUMINA,2025-03-07T00:00:00Z,2025-02-19T06:34:00Z,1,KYH433772,SRP564871
SRR32393650,AMPLICON,501,18035032,PRJNA1225157,SAMN46890765,"MIMS.me,MIGS/MIMS/MIMARKS.human-gut",9956010,RESEARCH INSTITUTE FOR SYSTEMS BIOLOGY AND MEDICINE (RISBM),2016-09-06/2017-11-27,public,"fastq,run.zq,sra","gs,ncbi,s3","gs.us-east1,ncbi.public,s3.us-east-1",human population,human gut,stool,SRX27725775,Russia,Europe,Russia: Arkhangelsk,41.89185,28.19336,Homo sapiens,Illumina MiSeq,64.31 N 40.32 E,KYH844846,PAIRED,PCR,METAGENOMIC,human gut metagenome,ILLUMINA,2025-03-07T00:00:00Z,2025-02-19T06:34:00Z,1,KYH844846,SRP564871
SRR32393651,AMPLICON,501,8437717,PRJNA1225157,SAMN46890764,"MIMS.me,MIGS/MIMS/MIMARKS.human-gut",4824954,RESEARCH INSTITUTE FOR SYSTEMS BIOLOGY AND MEDICINE (RISBM),2016-09-06/2017-11-27,public,"fastq,run.zq,sra","gs,ncbi,s3","gs.us-east1,ncbi.public,s3.us-east-1",human population,human gut,stool,SRX27725774,Russia,Europe,Russia: Arkhangelsk,58.32717,24.63767,Homo sapiens,Illumina MiSeq,64.31 N 40.32 E,KYH756835,PAIRED,PCR,METAGENOMIC,human gut metagenome,ILLUMINA,2025-03-07T00:00:00Z,2025-02-19T06:33:00Z,1,KYH756835,SRP564871
SRR32393652,AMPLICON,501,11866386,PRJNA1225157,SAMN46890763,"MIMS.me,MIGS/MIMS/MIMARKS.human-gut",6687373,RESEARCH INSTITUTE FOR SYSTEMS BIOLOGY AND MEDICINE (RISBM),2016-09-06/2017-11-27,public,"fastq,run.zq,sra","gs,ncbi,s3","gs.us-east1,ncbi.public,s3.us-east-1",human population,human gut,stool,SRX27725773,Russia,Europe,Russia: Arkhangelsk,44.16153,20.22913,Homo sapiens,Illumina MiSeq,64.31 N 40.32 E,KYH357422,PAIRED,PCR,METAGENOMIC,human gut metagenome,ILLUMINA,2025-03-07T00:00:00Z,2025-02-19T06:33:00Z,1,KYH357422,SRP564871
SRR32393653,AMPLICON,501,24836091,PRJNA1225157,SAMN46890762,"MIMS.me,MIGS/MIMS/MIMARKS.human-gut",14072468,RESEARCH INSTITUTE FOR SYSTEMS BIOLOGY AND MEDICINE (RISBM),2016-09-06/2017-11-27,public,"fastq,run.zq,sra","gs,ncbi,s3","gs.us-east1,ncbi.public,s3.us-east-1",human population,human gut,stool,SRX27725772,Russia,Europe,Russia: Arkhangelsk,56.3614,23.70349,Homo sapiens,Illumina MiSeq,64.31 N 40.32 E,KYH618640,PAIRED,PCR,METAGENOMIC,human gut metagenome,ILLUMINA,2025-03-07T00:00:00Z,2025-02-19T06:34:00Z,1,KYH618640,SRP564871
SRR32393654,AMPLICON,501,13153545,PRJNA1225157,SAMN46890761,"MIMS.me,MIGS/MIMS/MIMARKS.human-gut",7523630,RESEARCH INSTITUTE FOR SYSTEMS BIOLOGY AND MEDICINE (RISBM),2016-09-06/2017-11-27,public,"fastq,run.zq,sra","gs,ncbi,s3","gs.us-east1,ncbi.public,s3.us-east-1",human population,human gut,stool,SRX27725771,Russia,Europe,Russia: Arkhangelsk,45.29774,22.30265,Homo sapiens,Illumina MiSeq,64.31 N 40.32 E,KYH335054,PAIRED,PCR,METAGENOMIC,human gut metagenome,ILLUMINA,2025-03-07T00:00:00Z,2025-02-19T06:33:00Z,1,KYH335054,SRP564871
SRR32393655,AMPLICON,501,17871447,PRJNA1225157,SAMN46890760,"MIMS.me,MIGS/MIMS/MIMARKS.human-gut",10460000,RESEARCH INSTITUTE FOR SYSTEMS BIOLOGY AND MEDICINE (RISBM),2016-09-06/2017-11-27,public,"fastq,run.zq,sra","gs,ncbi,s3","gs.us-east1,ncbi.public,s3.us-east-1",human population,human gut,stool,SRX27725770,Russia,Europe,Russia: Arkhangelsk,62.78713,29.48088,Homo sapiens,Illumina MiSeq,64.31 N 40.32 E,KYH551692,PAIRED,PCR,METAGENOMIC,human gut metagenome,ILLUMINA,2025-03-07T00:00:00Z,2025-02-19T06:33:00Z,1,KYH551692,SRP564871
SRR32393656,AMPLICON,501,24881835,PRJNA1225157,SAMN46890759,"MIMS.me,MIGS/MIMS/MIMARKS.human-gut",13961079,RESEARCH INSTITUTE FOR SYSTEMS BIOLOGY AND MEDICINE (RISBM),2016-09-06/2017-11-27,public,"fastq,run.zq,sra","gs,ncbi,s3","gs.us-east1,ncbi.public,s3.us-east-1",human population,human gut,stool,SRX27725769,Russia,Europe,Russia: Arkhangelsk,46.7707,26.11649,Homo sapiens,Illumina MiSeq,64.31 N 40.32 E,KYH165653,PAIRED,PCR,METAGENOMIC,human gut metagenome,ILLUMINA,2025-03-07T00:00:00Z,2025-02-19T06:33:00Z,1,KYH165653,SRP564871
SRR32393657,AMPLICON,501,15715204,PRJNA1225157,SAMN46890758,"MIMS.me,MIGS/MIMS/MIMARKS.human-gut",8704215,RESEARCH INSTITUTE FOR SYSTEMS BIOLOGY AND MEDICINE (RISBM),2016-09-06/2017-11-27,public,"fastq,run.zq,sra","gs,ncbi,s3","gs.us-east1,ncbi.public,s3.us-east-1",human population,human gut,stool,SRX27725768,Russia,Europe,Russia: Arkhangelsk,69.97947,34.045,Homo sapiens,Illumina MiSeq,64.31 N 40.32 E,KYH836305,PAIRED,PCR,METAGENOMIC,human gut metagenome,ILLUMINA,2025-03-07T00:00:00Z,2025-02-19T06:34:00Z,1,KYH836305,SRP564871
SRR32393658,AMPLICON,500,6735000,PRJNA1225157,SAMN46890551,"MIMS.me,MIGS/MIMS/MIMARKS.human-gut",4021630,RESEARCH INSTITUTE FOR SYSTEMS BIOLOGY AND MEDICINE (RISBM),2016-09-06/2017-11-27,public,"fastq,run.zq,sra","gs,ncbi,s3","gs.us-east1,ncbi.public,s3.us-east-1",human population,human gut,stool,SRX27725767,Russia,Europe,Russia: Arkhangelsk,51.00616,28.95699,Homo sapiens,Illumina MiSeq,64.31 N 40.32 E,KYH898951,PAIRED,PCR,METAGENOMIC,human gut metagenome,ILLUMINA,2025-03-07T00:00:00Z,2025-02-19T06:33:00Z,1,KYH898951,SRP564871
SRR32393659,AMPLICON,501,19525537,PRJNA1225157,SAMN46890757,"MIMS.me,MIGS/MIMS/MIMARKS.human-gut",11221826,RESEARCH INSTITUTE FOR SYSTEMS BIOLOGY AND MEDICINE (RISBM),2016-09-06/2017-11-27,public,"fastq,run.zq,sra","gs,ncbi,s3","gs.us-east1,ncbi.public,s3.us-east-1",human population,human gut,stool,SRX27725766,Russia,Europe,Russia: Arkhangelsk,61.71389,22.01971,Homo sapiens,Illumina MiSeq,64.31 N 40.32 E,KYH421663,PAIRED,PCR,METAGENOMIC,human gut metagenome,ILLUMINA,2025-03-07T00:00:00Z,2025-02-19T06:34:00Z,1,KYH421663,SRP564871
SRR32393660,AMPLICON,501,34815543,PRJNA1225157,SAMN46890756,"MIMS.me,MIGS/MIMS/MIMARKS.human-gut",19700064,RESEARCH INSTITUTE FOR SYSTEMS BIOLOGY AND MEDICINE (RISBM),2016-09-06/2017-11-27,public,"fastq,run.zq,sra","gs,ncbi,s3","gs.us-east1,ncbi.public,s3.us-east-1",human population,human gut,stool,SRX27725765,Russia,Europe,Russia: Arkhangelsk,54.59822,29.98662,Homo sapiens,Illumina MiSeq,64.31 N 40.32 E,KYH872851,PAIRED,PCR,METAGENOMIC,human gut metagenome,ILLUMINA,2025-03-07T00:00:00Z,2025-02-19T06:34:00Z,1,KYH872851,SRP564871
SRR32393661,AMPLICON,501,11933674,PRJNA1225157,SAMN46890755,"MIMS.me,MIGS/MIMS/MIMARKS.human-gut",6752806,RESEARCH INSTITUTE FOR SYSTEMS BIOLOGY AND MEDICINE (RISBM),2016-09-06/2017-11-27,public,"fastq,run.zq,sra","gs,ncbi,s3","gs.us-east1,ncbi.public,s3.us-east-1",human population,human gut,stool,SRX27725764,Russia,Europe,Russia: Arkhangelsk,61.56331,38.76865,Homo sapiens,Illumina MiSeq,64.31 N 40.32 E,KYH943751,PAIRED,PCR,METAGENOMIC,human gut metagenome,ILLUMINA,2025-03-07T00:00:00Z,2025-02-19T06:34:00Z,1,KYH943751,SRP564871
SRR32393662,AMPLICON,501,8066093,PRJNA1225157,SAMN46890754,"MIMS.me,MIGS/MIMS/MIMARKS.human-gut",4497161,RESEARCH INSTITUTE FOR SYSTEMS BIOLOGY AND MEDICINE (RISBM),2016-09-06/2017-11-27,public,"fastq,run.zq,sra","gs,ncbi,s3","gs.us-east1,ncbi.public,s3.us-east-1",human population,human gut,stool,SRX27725763,Russia,Europe,Russia: Arkhangelsk,57.1937,24.79339,Homo sapiens,Illumina MiSeq,64.31 N 40.32 E,KYH530981,PAIRED,PCR,METAGENOMIC,human gut metagenome,ILLUMINA,2025-03-07T00:00:00Z,2025-02-19T06:34:00Z,1,KYH530981,SRP564871
SRR32393663,AMPLICON,501,17929459,PRJNA1225157,SAMN46890753,"MIMS.me,MIGS/MIMS/MIMARKS.human-gut",10055921,RESEARCH INSTITUTE FOR SYSTEMS BIOLOGY AND MEDICINE (RISBM),2016-09-06/2017-11-27,public,"fastq,run.zq,sra","gs,ncbi,s3","gs.us-east1,ncbi.public,s3.us-east-1",human population,human gut,stool,SRX27725762,Russia,Europe,Russia: Arkhangelsk,68.564,25.74963,Homo sapiens,Illumina MiSeq,64.31 N 40.32 E,KYH516074,PAIRED,PCR,METAGENOMIC,human gut metagenome,ILLUMINA,2025-03-07T00:00:00Z,2025-02-19T06:34:00Z,1,KYH516074,SRP564871
SRR32393664,AMPLICON,501,27587277,PRJNA1225157,SAMN46890752,"MIMS.me,MIGS/MIMS/MIMARKS.human-gut",15427761,RESEARCH INSTITUTE FOR SYSTEMS BIOLOGY AND MEDICINE (RISBM),2016-09-06/2017-11-27,public,"fastq,run.zq,sra","gs,ncbi,s3","gs.us-east1,ncbi.public,s3.us-east-1",human population,human gut,stool,SRX27725761,Russia,Europe,Russia: Arkhangelsk,62.49418,30.62247,Homo sapiens,Illumina MiSeq,64.31 N 40.32 E,KYH318852,PAIRED,PCR,METAGENOMIC,human gut metagenome,ILLUMINA,2025-03-07T00:00:00Z,2025-02-19T06:34:00Z,1,KYH318852,SRP564871
SRR32393665,AMPLICON,493,3817037,PRJNA1225157,SAMN46890751,"MIMS.me,MIGS/MIMS/MIMARKS.human-gut",2148060,RESEARCH INSTITUTE FOR SYSTEMS BIOLOGY AND MEDICINE (RISBM),2016-09-06/2017-11-27,public,"fastq,run.zq,sra","gs,ncbi,s3","gs.us-east1,ncbi.public,s3.us-east-1",human population,human gut,stool,SRX27725760,Russia,Europe,Russia: Arkhangelsk,45.08966,23.04024,Homo sapiens,Illumina MiSeq,64.31 N 40.32 E,KYH499444,PAIRED,PCR,METAGENOMIC,human gut metagenome,ILLUMINA,2025-03-07T00:00:00Z,2025-02-19T06:34:00Z,1,KYH499444,SRP564871
SRR32393666,AMPLICON,501,18844935,PRJNA1225157,SAMN46890750,"MIMS.me,MIGS/MIMS/MIMARKS.human-gut",10469399,RESEARCH INSTITUTE FOR SYSTEMS BIOLOGY AND MEDICINE (RISBM),2016-09-06/2017-11-27,public,"fastq,run.zq,sra","gs,ncbi,s3","gs.us-east1,ncbi.public,s3.us-east-1",human population,human gut,stool,SRX27725759,Russia,Europe,Russia: Arkhangelsk,48.41068,22.94118,Homo sapiens,Illumina MiSeq,64.31 N 40.32 E,KYH542910,PAIRED,PCR,METAGENOMIC,human gut metagenome,ILLUMINA,2025-03-07T00:00:00Z,2025-02-19T06:34:00Z,1,KYH542910,SRP564871
SRR32393667,AMPLICON,501,18101062,PRJNA1225157,SAMN46890749,"MIMS.me,MIGS/MIMS/MIMARKS.human-gut",10350360,RESEARCH INSTITUTE FOR SYSTEMS BIOLOGY AND MEDICINE (RISBM),2016-09-06/2017-11-27,public,"fastq,run.zq,sra","gs,ncbi,s3","gs.us-east1,ncbi.public,s3.us-east-1",human population,human gut,stool,SRX27725758,Russia,Europe,Russia: Arkhangelsk,67.48802,29.02865,Homo sapiens,Illumina MiSeq,64.31 N 40.32 E,KYH265752,PAIRED,PCR,METAGENOMIC,human gut metagenome,ILLUMINA,2025-03-07T00:00:00Z,2025-02-19T06:34:00Z,1,KYH265752,SRP564871
SRR32393668,AMPLICON,501,15312877,PRJNA1225157,SAMN46890748,"MIMS.me,MIGS/MIMS/MIMARKS.human-gut",8453692,RESEARCH INSTITUTE FOR SYSTEMS BIOLOGY AND MEDICINE (RISBM),2016-09-06/2017-11-27,public,"fastq,run.zq,sra","gs,ncbi,s3","gs.us-east1,ncbi.public,s3.us-east-1",human population,human gut,stool,SRX27725757,Russia,Europe,Russia: Arkhangelsk,62.3217,34.66212,Homo sapiens,Illumina MiSeq,64.31 N 40.32 E,KYH879216,PAIRED,PCR,METAGENOMIC,human gut metagenome,ILLUMINA,2025-03-07T00:00:00Z,2025-02-19T06:33:00Z,1,KYH879216,SRP564871
SRR32393669,AMPLICON,500,13166500,PRJNA1225157,SAMN46890550,"MIMS.me,MIGS/MIMS/MIMARKS.human-gut",7475714,RESEARCH INSTITUTE FOR SYSTEMS BIOLOGY AND MEDICINE (RISBM),2016-09-06/2017-11-27,public,"fastq,run.zq,sra","gs,ncbi,s3","gs.us-east1,ncbi.public,s3.us-east-1",human population,human gut,stool,SRX27725756,Russia,Europe,Russia: Arkhangelsk,64.92539,28.04524,Homo sapiens,Illumina MiSeq,64.31 N 40.32 E,KYH678612,PAIRED,PCR,METAGENOMIC,human gut metagenome,ILLUMINA,2025-03-07T00:00:00Z,2025-02-19T06:34:00Z,1,KYH678612,SRP564871
SRR32393670,AMPLICON,501,71698044,PRJNA1225157,SAMN46890747,"MIMS.me,MIGS/MIMS/MIMARKS.human-gut",40986398,RESEARCH INSTITUTE FOR SYSTEMS BIOLOGY AND MEDICINE (RISBM),2016-09-06/2017-11-27,public,"fastq,run.zq,sra","gs,ncbi,s3","gs.us-east1,ncbi.public,s3.us-east-1",human population,human gut,stool,SRX27725755,Russia,Europe,Russia: Arkhangelsk,69.2293,32.1103,Homo sapiens,Illumina MiSeq,64.31 N 40.32 E,KYH928695,PAIRED,PCR,METAGENOMIC,human gut metagenome,ILLUMINA,2025-03-07T00:00:00Z,2025-02-19T06:34:00Z,1,KYH928695,SRP564871
SRR32393671,AMPLICON,501,29832022,PRJNA1225157,SAMN46890746,"MIMS.me,MIGS/MIMS/MIMARKS.human-gut",16762300,RESEARCH INSTITUTE FOR SYSTEMS BIOLOGY AND MEDICINE (RISBM),2016-09-06/2017-11-27,public,"fastq,run.zq,sra","gs,ncbi,s3","gs.us-east1,ncbi.public,s3.us-east-1",human population,human gut,stool,SRX27725754,Russia,Europe,Russia: Arkhangelsk,42.97331,23.77896,Homo sapiens,Illumina MiSeq,64.31 N 40.32 E,KYH363016,PAIRED,PCR,METAGENOMIC,human gut metagenome,ILLUMINA,2025-03-07T00:00:00Z,2025-02-19T06:34:00Z,1,KYH363016,SRP564871
SRR32393672,AMPLICON,501,18287269,PRJNA1225157,SAMN46890745,"MIMS.me,MIGS/MIMS/MIMARKS.human-gut",10152032,RESEARCH INSTITUTE FOR SYSTEMS BIOLOGY AND MEDICINE (RISBM),2016-09-06/2017-11-27,public,"fastq,run.zq,sra","gs,ncbi,s3","gs.us-east1,ncbi.public,s3.us-east-1",human population,human gut,stool,SRX27725753,Russia,Europe,Russia: Arkhangelsk,44.20808,27.4312,Homo sapiens,Illumina MiSeq,64.31 N 40.32 E,KYH297920,PAIRED,PCR,METAGENOMIC,human gut metagenome,ILLUMINA,2025-03-07T00:00:00Z,2025-02-19T06:34:00Z,1,KYH297920,SRP564871
SRR32393673,AMPLICON,501,20401452,PRJNA1225157,SAMN46890716,"MIMS.me,MIGS/MIMS/MIMARKS.human-gut",11584635,RESEARCH INSTITUTE FOR SYSTEMS BIOLOGY AND MEDICINE (RISBM),2016-09-06/2017-11-27,public,"fastq,run.zq,sra","gs,ncbi,s3","gs.us-east1,ncbi.public,s3.us-east-1",human population,human gut,stool,SRX27725752,Russia,Europe,Russia: Arkhangelsk,51.24435,31.51399,Homo sapiens,Illumina MiSeq,64.31 N 40.32 E,KYH736554,PAIRED,PCR,METAGENOMIC,human gut metagenome,ILLUMINA,2025-03-07T00:00:00Z,2025-02-19T06:34:00Z,1,KYH736554,SRP564871
SRR32393674,AMPLICON,501,21537456,PRJNA1225157,SAMN46890715,"MIMS.me,MIGS/MIMS/MIMARKS.human-gut",12236131,RESEARCH INSTITUTE FOR SYSTEMS BIOLOGY AND MEDICINE (RISBM),2016-09-06/2017-11-27,public,"fastq,run.zq,sra","gs,ncbi,s3","gs.us-east1,ncbi.public,s3.us-east-1",human population,human gut,stool,SRX27725751,Russia,Europe,Russia: Arkhangelsk,59.15948,26.1324,Homo sapiens,Illumina MiSeq,64.31 N 40.32 E,KYH935013,PAIRED,PCR,METAGENOMIC,human gut metagenome,ILLUMINA,2025-03-07T00:00:00Z,2025-02-19T06:34:00Z,1,KYH935013,SRP564871
SRR32393675,AMPLICON,501,21279229,PRJNA1225157,SAMN46890714,"MIMS.me,MIGS/MIMS/MIMARKS.human-gut",12191303,RESEARCH INSTITUTE FOR SYSTEMS BIOLOGY AND MEDICINE (RISBM),2016-09-06/2017-11-27,public,"fastq,run.zq,sra","gs,ncbi,s3","gs.us-east1,ncbi.public,s3.us-east-1",human population,human gut,stool,SRX27725750,Russia,Europe,Russia: Arkhangelsk,47.79466,25.98372,Homo sapiens,Illumina MiSeq,64.31 N 40.32 E,KYH507123,PAIRED,PCR,METAGENOMIC,human gut metagenome,ILLUMINA,2025-03-07T00:00:00Z,2025-02-19T06:34:00Z,1,KYH507123,SRP564871
SRR32393676,AMPLICON,501,5688377,PRJNA1225157,SAMN46890713,"MIMS.me,MIGS/MIMS/MIMARKS.human-gut",3218162,RESEARCH INSTITUTE FOR SYSTEMS BIOLOGY AND MEDICINE (RISBM),2016-09-06/2017-11-27,public,"fastq,run.zq,sra","gs,ncbi,s3","gs.us-east1,ncbi.public,s3.us-east-1",human population,human gut,stool,SRX27725749,Russia,Europe,Russia: Arkhangelsk,68.15058,25.23345,Homo sapiens,Illumina MiSeq,64.31 N 40.32 E,KYH786326,PAIRED,PCR,METAGENOMIC,human gut metagenome,ILLUMINA,2025-03-07T00:00:00Z,2025-02-19T06:34:00Z,1,KYH786326,SRP564871
SRR32393677,AMPLICON,501,23471174,PRJNA1225157,SAMN46890712,"MIMS.me,MIGS/MIMS/MIMARKS.human-gut",13116042,RESEARCH INSTITUTE FOR SYSTEMS BIOLOGY AND MEDICINE (RISBM),2016-09-06/2017-11-27,public,"fastq,run.zq,sra","gs,ncbi,s3","gs.us-east1,ncbi.public,s3.us-east-1",human population,human gut,stool,SRX27725748,Russia,Europe,Russia: Arkhangelsk,43.04175,20.59786,Homo sapiens,Illumina MiSeq,64.31 N 40.32 E,KYH511863,PAIRED,PCR,METAGENOMIC,human gut metagenome,ILLUMINA,2025-03-07T00:00:00Z,2025-02-19T06:34:00Z,1,KYH511863,SRP564871
SRR32393678,AMPLICON,501,30114530,PRJNA1225157,SAMN46890711,"MIMS.me,MIGS/MIMS/MIMARKS.human-gut",17443105,RESEARCH INSTITUTE FOR SYSTEMS BIOLOGY AND MEDICINE (RISBM),2016-09-06/2017-11-27,public,"fastq,run.zq,sra","gs,ncbi,s3","gs.us-east1,ncbi.public,s3.us-east-1",human population,human gut,stool,SRX27725747,Russia,Europe,Russia: Arkhangelsk,53.70568,21.53554,Homo sapiens,Illumina MiSeq,64.31 N 40.32 E,KYH352028,PAIRED,PCR,METAGENOMIC,human gut metagenome,ILLUMINA,2025-03-07T00:00:00Z,2025-02-19T06:34:00Z,1,KYH352028,SRP564871
SRR32393679,AMPLICON,501,8639072,PRJNA1225157,SAMN46890710,"MIMS.me,MIGS/MIMS/MIMARKS.human-gut",4887804,RESEARCH INSTITUTE FOR SYSTEMS BIOLOGY AND MEDICINE (RISBM),2016-09-06/2017-11-27,public,"fastq,run.zq,sra","gs,ncbi,s3","gs.us-east1,ncbi.public,s3.us-east-1",human population,human gut,stool,SRX27725746,Russia,Europe,Russia: Arkhangelsk,67.25257,27.4767,Homo sapiens,Illumina MiSeq,64.31 N 40.32 E,KYH714257,PAIRED,PCR,METAGENOMIC,human gut metagenome,ILLUMINA,2025-03-07T00:00:00Z,2025-02-19T06:34:00Z,1,KYH714257,SRP564871
SRR32393680,AMPLICON,501,8157650,PRJNA1225157,SAMN46890709,"MIMS.me,MIGS/MIMS/MIMARKS.human-gut",4537824,RESEARCH INSTITUTE FOR SYSTEMS BIOLOGY AND MEDICINE (RISBM),2016-09-06/2017-11-27,public,"fastq,run.zq,sra","gs,ncbi,s3","gs.us-east1,ncbi.public,s3.us-east-1",human population,human gut,stool,SRX27725745,Russia,Europe,Russia: Arkhangelsk,63.17864,29.83089,Homo sapiens,Illumina MiSeq,64.31 N 40.32 E,KYH899572,PAIRED,PCR,METAGENOMIC,human gut metagenome,ILLUMINA,2025-03-07T00:00:00Z,2025-02-19T06:34:00Z,1,KYH899572,SRP564871
SRR32393681,AMPLICON,501,29469172,PRJNA1225157,SAMN46890708,"MIMS.me,MIGS/MIMS/MIMARKS.human-gut",16687928,RESEARCH INSTITUTE FOR SYSTEMS BIOLOGY AND MEDICINE (RISBM),2016-09-06/2017-11-27,public,"fastq,run.zq,sra","gs,ncbi,s3","gs.us-east1,ncbi.public,s3.us-east-1",human population,human gut,stool,SRX27725744,Russia,Europe,Russia: Arkhangelsk,65.32512,28.82654,Homo sapiens,Illumina MiSeq,64.31 N 40.32 E,KYH762451,PAIRED,PCR,METAGENOMIC,human gut metagenome,ILLUMINA,2025-03-07T00:00:00Z,2025-02-19T06:34:00Z,1,KYH762451,SRP564871
SRR32393682,AMPLICON,500,9202000,PRJNA1225157,SAMN46890546,"MIMS.me,MIGS/MIMS/MIMARKS.human-gut",5385180,RESEARCH INSTITUTE FOR SYSTEMS BIOLOGY AND MEDICINE (RISBM),2016-09-06/2017-11-27,public,"fastq,run.zq,sra","gs,ncbi,s3","gs.us-east1,ncbi.public,s3.us-east-1",human population,human gut,stool,SRX27725743,Russia,Europe,Russia: Arkhangelsk,68.13689,36.52438,Homo sapiens,Illumina MiSeq,64.31 N 40.32 E,KYH826921,PAIRED,PCR,METAGENOMIC,human gut metagenome,ILLUMINA,2025-03-07T00:00:00Z,2025-02-19T06:34:00Z,1,KYH826921,SRP564871
SRR32393683,AMPLICON,501,18328765,PRJNA1225157,SAMN46890707,"MIMS.me,MIGS/MIMS/MIMARKS.human-gut",10397160,RESEARCH INSTITUTE FOR SYSTEMS BIOLOGY AND MEDICINE (RISBM),2016-09-06/2017-11-27,public,"fastq,run.zq,sra","gs,ncbi,s3","gs.us-east1,ncbi.public,s3.us-east-1",human population,human gut,stool,SRX27725742,Russia,Europe,Russia: Arkhangelsk,45.34428,24.21648,Homo sapiens,Illumina MiSeq,64.31 N 40.32 E,KYH983037,PAIRED,PCR,METAGENOMIC,human gut metagenome,ILLUMINA,2025-03-07T00:00:00Z,2025-02-19T06:34:00Z,1,KYH983037,SRP564871
SRR32393684,AMPLICON,501,20126232,PRJNA1225157,SAMN46890706,"MIMS.me,MIGS/MIMS/MIMARKS.human-gut",11301173,RESEARCH INSTITUTE FOR SYSTEMS BIOLOGY AND MEDICINE (RISBM),2016-09-06/2017-11-27,public,"fastq,run.zq,sra","gs,ncbi,s3","gs.us-east1,ncbi.public,s3.us-east-1",human population,human gut,stool,SRX27725741,Russia,Europe,Russia: Arkhangelsk,63.54278,37.25587,Homo sapiens,Illumina MiSeq,64.31 N 40.32 E,KYH511769,PAIRED,PCR,METAGENOMIC,human gut metagenome,ILLUMINA,2025-03-07T00:00:00Z,2025-02-19T06:34:00Z,1,KYH511769,SRP564871
SRR32393685,AMPLICON,501,17843856,PRJNA1225157,SAMN46890705,"MIMS.me,MIGS/MIMS/MIMARKS.human-gut",10380390,RESEARCH INSTITUTE FOR SYSTEMS BIOLOGY AND MEDICINE (RISBM),2016-09-06/2017-11-27,public,"fastq,run.zq,sra","gs,ncbi,s3","gs.us-east1,ncbi.public,s3.us-east-1",human population,human gut,stool,SRX27725740,Russia,Europe,Russia: Arkhangelsk,64.88159,27.4089,Homo sapiens,Illumina MiSeq,64.31 N 40.32 E,KYH628911,PAIRED,PCR,METAGENOMIC,human gut metagenome,ILLUMINA,2025-03-07T00:00:00Z,2025-02-19T06:34:00Z,1,KYH628911,SRP564871
SRR32393686,AMPLICON,500,20542500,PRJNA1225157,SAMN46890704,"MIMS.me,MIGS/MIMS/MIMARKS.human-gut",11785630,RESEARCH INSTITUTE FOR SYSTEMS BIOLOGY AND MEDICINE (RISBM),2016-09-06/2017-11-27,public,"fastq,run.zq,sra","gs,ncbi,s3","gs.us-east1,ncbi.public,s3.us-east-1",human population,human gut,stool,SRX27725739,Russia,Europe,Russia: Arkhangelsk,37.48392,20.80856,Homo sapiens,Illumina MiSeq,64.31 N 40.32 E,KYH812531,PAIRED,PCR,METAGENOMIC,human gut metagenome,ILLUMINA,2025-03-07T00:00:00Z,2025-02-19T06:34:00Z,1,KYH812531,SRP564871
SRR32393687,AMPLICON,500,18172500,PRJNA1225157,SAMN46890703,"MIMS.me,MIGS/MIMS/MIMARKS.human-gut",10530624,RESEARCH INSTITUTE FOR SYSTEMS BIOLOGY AND MEDICINE (RISBM),2016-09-06/2017-11-27,public,"fastq,run.zq,sra","gs,ncbi,s3","gs.us-east1,ncbi.public,s3.us-east-1",human population,human gut,stool,SRX27725738,Russia,Europe,Russia: Arkhangelsk,63.91239,22.05912,Homo sapiens,Illumina MiSeq,64.31 N 40.32 E,KYH942751,PAIRED,PCR,METAGENOMIC,human gut metagenome,ILLUMINA,2025-03-07T00:00:00Z,2025-02-19T06:34:00Z,1,KYH942751,SRP564871
SRR32393688,AMPLICON,500,21578000,PRJNA1225157,SAMN46890702,"MIMS.me,MIGS/MIMS/MIMARKS.human-gut",12315199,RESEARCH INSTITUTE FOR SYSTEMS BIOLOGY AND MEDICINE (RISBM),2016-09-06/2017-11-27,public,"fastq,run.zq,sra","gs,ncbi,s3","gs.us-east1,ncbi.public,s3.us-east-1",human population,human gut,stool,SRX27725737,Russia,Europe,Russia: Arkhangelsk,64.07666,26.26203,Homo sapiens,Illumina MiSeq,64.31 N 40.32 E,KYH100202,PAIRED,PCR,METAGENOMIC,human gut metagenome,ILLUMINA,2025-03-07T00:00:00Z,2025-02-19T06:34:00Z,1,KYH100202,SRP564871
SRR32393689,AMPLICON,500,22443500,PRJNA1225157,SAMN46890701,"MIMS.me,MIGS/MIMS/MIMARKS.human-gut",12914331,RESEARCH INSTITUTE FOR SYSTEMS BIOLOGY AND MEDICINE (RISBM),2016-09-06/2017-11-27,public,"fastq,run.zq,sra","gs,ncbi,s3","gs.us-east1,ncbi.public,s3.us-east-1",human population,human gut,stool,SRX27725736,Russia,Europe,Russia: Arkhangelsk,48.64887,29.49523,Homo sapiens,Illumina MiSeq,64.31 N 40.32 E,KYH130527,PAIRED,PCR,METAGENOMIC,human gut metagenome,ILLUMINA,2025-03-07T00:00:00Z,2025-02-19T06:34:00Z,1,KYH130527,SRP564871
SRR32393690,AMPLICON,500,19024500,PRJNA1225157,SAMN46890700,"MIMS.me,MIGS/MIMS/MIMARKS.human-gut",11138782,RESEARCH INSTITUTE FOR SYSTEMS BIOLOGY AND MEDICINE (RISBM),2016-09-06/2017-11-27,public,"fastq,run.zq,sra","gs,ncbi,s3","gs.us-east1,ncbi.public,s3.us-east-1",human population,human gut,stool,SRX27725735,Russia,Europe,Russia: Arkhangelsk,62.89665,23.35245,Homo sapiens,Illumina MiSeq,64.31 N 40.32 E,KYH697485,PAIRED,PCR,METAGENOMIC,human gut metagenome,ILLUMINA,2025-03-07T00:00:00Z,2025-02-19T06:34:00Z,1,KYH697485,SRP564871
SRR32393691,AMPLICON,500,18381500,PRJNA1225157,SAMN46890699,"MIMS.me,MIGS/MIMS/MIMARKS.human-gut",10556737,RESEARCH INSTITUTE FOR SYSTEMS BIOLOGY AND MEDICINE (RISBM),2016-09-06/2017-11-27,public,"fastq,run.zq,sra","gs,ncbi,s3","gs.us-east1,ncbi.public,s3.us-east-1",human population,human gut,stool,SRX27725734,Russia,Europe,Russia: Arkhangelsk,44.09856,29.84843,Homo sapiens,Illumina MiSeq,64.31 N 40.32 E,KYH347605,PAIRED,PCR,METAGENOMIC,human gut metagenome,ILLUMINA,2025-03-07T00:00:00Z,2025-02-19T06:34:00Z,1,KYH347605,SRP564871
SRR32393692,AMPLICON,500,21605500,PRJNA1225157,SAMN46890698,"MIMS.me,MIGS/MIMS/MIMARKS.human-gut",12469319,RESEARCH INSTITUTE FOR SYSTEMS BIOLOGY AND MEDICINE (RISBM),2016-09-06/2017-11-27,public,"fastq,run.zq,sra","gs,ncbi,s3","gs.us-east1,ncbi.public,s3.us-east-1",human population,human gut,stool,SRX27725733,Russia,Europe,Russia: Arkhangelsk,38.17659,20.73024,Homo sapiens,Illumina MiSeq,64.31 N 40.32 E,KYH323866,PAIRED,PCR,METAGENOMIC,human gut metagenome,ILLUMINA,2025-03-07T00:00:00Z,2025-02-19T06:34:00Z,1,KYH323866,SRP564871
SRR32393693,AMPLICON,500,24369000,PRJNA1225157,SAMN46890545,"MIMS.me,MIGS/MIMS/MIMARKS.human-gut",13833075,RESEARCH INSTITUTE FOR SYSTEMS BIOLOGY AND MEDICINE (RISBM),2016-09-06/2017-11-27,public,"fastq,run.zq,sra","gs,ncbi,s3","gs.us-east1,ncbi.public,s3.us-east-1",human population,human gut,stool,SRX27725732,Russia,Europe,Russia: Arkhangelsk,51.73169,42.07067,Homo sapiens,Illumina MiSeq,64.31 N 40.32 E,KYH526146,PAIRED,PCR,METAGENOMIC,human gut metagenome,ILLUMINA,2025-03-07T00:00:00Z,2025-02-19T06:34:00Z,1,KYH526146,SRP564871
SRR32393694,AMPLICON,500,24472000,PRJNA1225157,SAMN46890697,"MIMS.me,MIGS/MIMS/MIMARKS.human-gut",14647237,RESEARCH INSTITUTE FOR SYSTEMS BIOLOGY AND MEDICINE (RISBM),2016-09-06/2017-11-27,public,"fastq,run.zq,sra","gs,ncbi,s3","gs.us-east1,ncbi.public,s3.us-east-1",human population,human gut,stool,SRX27725731,Russia,Europe,Russia: Arkhangelsk,68.9692,22.46382,Homo sapiens,Illumina MiSeq,64.31 N 40.32 E,KYH474143,PAIRED,PCR,METAGENOMIC,human gut metagenome,ILLUMINA,2025-03-07T00:00:00Z,2025-02-19T06:34:00Z,1,KYH474143,SRP564871
SRR32393695,AMPLICON,500,21405500,PRJNA1225157,SAMN46890696,"MIMS.me,MIGS/MIMS/MIMARKS.human-gut",12360276,RESEARCH INSTITUTE FOR SYSTEMS BIOLOGY AND MEDICINE (RISBM),2016-09-06/2017-11-27,public,"fastq,run.zq,sra","gs,ncbi,s3","gs.us-east1,ncbi.public,s3.us-east-1",human population,human gut,stool,SRX27725730,Russia,Europe,Russia: Arkhangelsk,57.42642,23.13991,Homo sapiens,Illumina MiSeq,64.31 N 40.32 E,KYH780560,PAIRED,PCR,METAGENOMIC,human gut metagenome,ILLUMINA,2025-03-07T00:00:00Z,2025-02-19T06:34:00Z,1,KYH780560,SRP564871
SRR32393696,AMPLICON,500,18750500,PRJNA1225157,SAMN46890695,"MIMS.me,MIGS/MIMS/MIMARKS.human-gut",11375837,RESEARCH INSTITUTE FOR SYSTEMS BIOLOGY AND MEDICINE (RISBM),2016-09-06/2017-11-27,public,"fastq,run.zq,sra","gs,ncbi,s3","gs.us-east1,ncbi.public,s3.us-east-1",human population,human gut,stool,SRX27725729,Russia,Europe,Russia: Arkhangelsk,54.5243,29.62963,Homo sapiens,Illumina MiSeq,64.31 N 40.32 E,KYH994991,PAIRED,PCR,METAGENOMIC,human gut metagenome,ILLUMINA,2025-03-07T00:00:00Z,2025-02-19T06:34:00Z,1,KYH994991,SRP564871
SRR32393697,AMPLICON,500,16653000,PRJNA1225157,SAMN46890694,"MIMS.me,MIGS/MIMS/MIMARKS.human-gut",9479229,RESEARCH INSTITUTE FOR SYSTEMS BIOLOGY AND MEDICINE (RISBM),2016-09-06/2017-11-27,public,"fastq,run.zq,sra","gs,ncbi,s3","gs.us-east1,ncbi.public,s3.us-east-1",human population,human gut,stool,SRX27725728,Russia,Europe,Russia: Arkhangelsk,37.65366,36.30341,Homo sapiens,Illumina MiSeq,64.31 N 40.32 E,KYH816033,PAIRED,PCR,METAGENOMIC,human gut metagenome,ILLUMINA,2025-03-07T00:00:00Z,2025-02-19T06:34:00Z,1,KYH816033,SRP564871
SRR32393698,AMPLICON,500,19404500,PRJNA1225157,SAMN46890693,"MIMS.me,MIGS/MIMS/MIMARKS.human-gut",11470796,RESEARCH INSTITUTE FOR SYSTEMS BIOLOGY AND MEDICINE (RISBM),2016-09-06/2017-11-27,public,"fastq,run.zq,sra","gs,ncbi,s3","gs.us-east1,ncbi.public,s3.us-east-1",human population,human gut,stool,SRX27725727,Russia,Europe,Russia: Arkhangelsk,38.5681,23.64527,Homo sapiens,Illumina MiSeq,64.31 N 40.32 E,KYH676220,PAIRED,PCR,METAGENOMIC,human gut metagenome,ILLUMINA,2025-03-07T00:00:00Z,2025-02-19T06:34:00Z,1,KYH676220,SRP564871
SRR32393699,AMPLICON,500,23380500,PRJNA1225157,SAMN46890692,"MIMS.me,MIGS/MIMS/MIMARKS.human-gut",13432529,RESEARCH INSTITUTE FOR SYSTEMS BIOLOGY AND MEDICINE (RISBM),2016-09-06/2017-11-27,public,"fastq,run.zq,sra","gs,ncbi,s3","gs.us-east1,ncbi.public,s3.us-east-1",human population,human gut,stool,SRX27725726,Russia,Europe,Russia: Arkhangelsk,68.89802,27.68961,Homo sapiens,Illumina MiSeq,64.31 N 40.32 E,KYH753689,PAIRED,PCR,METAGENOMIC,human gut metagenome,ILLUMINA,2025-03-07T00:00:00Z,2025-02-19T06:35:00Z,1,KYH753689,SRP564871
SRR32393700,AMPLICON,500,21819500,PRJNA1225157,SAMN46890691,"MIMS.me,MIGS/MIMS/MIMARKS.human-gut",12751788,RESEARCH INSTITUTE FOR SYSTEMS BIOLOGY AND MEDICINE (RISBM),2016-09-06/2017-11-27,public,"fastq,run.zq,sra","gs,ncbi,s3","gs.us-east1,ncbi.public,s3.us-east-1",human population,human gut,stool,SRX27725725,Russia,Europe,Russia: Arkhangelsk,60.85969,29.20209,Homo sapiens,Illumina MiSeq,64.31 N 40.32 E,KYH604085,PAIRED,PCR,METAGENOMIC,human gut metagenome,ILLUMINA,2025-03-07T00:00:00Z,2025-02-19T06:34:00Z,1,KYH604085,SRP564871
SRR32393701,AMPLICON,500,19134000,PRJNA1225157,SAMN46890690,"MIMS.me,MIGS/MIMS/MIMARKS.human-gut",10984144,RESEARCH INSTITUTE FOR SYSTEMS BIOLOGY AND MEDICINE (RISBM),2016-09-06/2017-11-27,public,"fastq,run.zq,sra","gs,ncbi,s3","gs.us-east1,ncbi.public,s3.us-east-1",human population,human gut,stool,SRX27725724,Russia,Europe,Russia: Arkhangelsk,60.85695,33.52839,Homo sapiens,Illumina MiSeq,64.31 N 40.32 E,KYH372250,PAIRED,PCR,METAGENOMIC,human gut metagenome,ILLUMINA,2025-03-07T00:00:00Z,2025-02-19T06:34:00Z,1,KYH372250,SRP564871
SRR32393702,AMPLICON,500,26215500,PRJNA1225157,SAMN46890689,"MIMS.me,MIGS/MIMS/MIMARKS.human-gut",14919740,RESEARCH INSTITUTE FOR SYSTEMS BIOLOGY AND MEDICINE (RISBM),2016-09-06/2017-11-27,public,"fastq,run.zq,sra","gs,ncbi,s3","gs.us-east1,ncbi.public,s3.us-east-1",human population,human gut,stool,SRX27725723,Russia,Europe,Russia: Arkhangelsk,58.77344,31.59679,Homo sapiens,Illumina MiSeq,64.31 N 40.32 E,KYH878877,PAIRED,PCR,METAGENOMIC,human gut metagenome,ILLUMINA,2025-03-07T00:00:00Z,2025-02-19T06:34:00Z,1,KYH878877,SRP564871
SRR32393703,AMPLICON,500,30275500,PRJNA1225157,SAMN46890688,"MIMS.me,MIGS/MIMS/MIMARKS.human-gut",17533235,RESEARCH INSTITUTE FOR SYSTEMS BIOLOGY AND MEDICINE (RISBM),2016-09-06/2017-11-27,public,"fastq,run.zq,sra","gs,ncbi,s3","gs.us-east1,ncbi.public,s3.us-east-1",human population,human gut,stool,SRX27725722,Russia,Europe,Russia: Arkhangelsk,56.07666,22.80418,Homo sapiens,Illumina MiSeq,64.31 N 40.32 E,KYH511462,PAIRED,PCR,METAGENOMIC,human gut metagenome,ILLUMINA,2025-03-07T00:00:00Z,2025-02-19T06:34:00Z,1,KYH511462,SRP564871
SRR32393704,AMPLICON,500,22851500,PRJNA1225157,SAMN46890544,"MIGS/MIMS/MIMARKS.human-gut,MIMS.me",13443411,RESEARCH INSTITUTE FOR SYSTEMS BIOLOGY AND MEDICINE (RISBM),2016-09-06/2017-11-27,public,"fastq,run.zq,sra","gs,ncbi,s3","gs.us-east1,ncbi.public,s3.us-east-1",human population,human gut,stool,SRX27725721,Russia,Europe,Russia: Arkhangelsk,54.39836,22.55338,Homo sapiens,Illumina MiSeq,64.31 N 40.32 E,KYH703975,PAIRED,PCR,METAGENOMIC,human gut metagenome,ILLUMINA,2025-03-07T00:00:00Z,2025-02-19T06:34:00Z,1,KYH703975,SRP564871
SRR32393705,AMPLICON,501,25901699,PRJNA1225157,SAMN46891206,"MIMS.me,MIGS/MIMS/MIMARKS.human-gut",15956825,RESEARCH INSTITUTE FOR SYSTEMS BIOLOGY AND MEDICINE (RISBM),2016-09-06/2017-11-27,public,"fastq,run.zq,sra","gs,ncbi,s3","gs.us-east1,ncbi.public,s3.us-east-1",human population,human gut,stool,SRX27725720,Russia,Europe,Russia: Arkhangelsk,55.25257,25.58897,Homo sapiens,Illumina MiSeq,64.31 N 40.32 E,KYH928595,PAIRED,PCR,METAGENOMIC,human gut metagenome,ILLUMINA,2025-03-07T00:00:00Z,2025-02-19T06:34:00Z,1,KYH928595,SRP564871
SRR32393706,AMPLICON,501,10357978,PRJNA1225157,SAMN46891205,"MIMS.me,MIGS/MIMS/MIMARKS.human-gut",6749397,RESEARCH INSTITUTE FOR SYSTEMS BIOLOGY AND MEDICINE (RISBM),2016-09-06/2017-11-27,public,"fastq,run.zq,sra","gs,ncbi,s3","gs.us-east1,ncbi.public,s3.us-east-1",human population,human gut,stool,SRX27725719,Russia,Europe,Russia: Arkhangelsk,68.98836,22.90623,Homo sapiens,Illumina MiSeq,64.31 N 40.32 E,KYH315745,PAIRED,PCR,METAGENOMIC,human gut metagenome,ILLUMINA,2025-03-07T00:00:00Z,2025-02-19T06:34:00Z,1,KYH315745,SRP564871
SRR32393707,AMPLICON,501,23901281,PRJNA1225157,SAMN46891204,"MIMS.me,MIGS/MIMS/MIMARKS.human-gut",14101693,RESEARCH INSTITUTE FOR SYSTEMS BIOLOGY AND MEDICINE (RISBM),2016-09-06/2017-11-27,public,"fastq,run.zq,sra","gs,ncbi,s3","gs.us-east1,ncbi.public,s3.us-east-1",human population,human gut,stool,SRX27725718,Russia,Europe,Russia: Arkhangelsk,51.71526,29.11999,Homo sapiens,Illumina MiSeq,64.31 N 40.32 E,KYH879735,PAIRED,PCR,METAGENOMIC,human gut metagenome,ILLUMINA,2025-03-07T00:00:00Z,2025-02-19T06:34:00Z,1,KYH879735,SRP564871
SRR32393708,AMPLICON,501,39242170,PRJNA1225157,SAMN46891203,"MIMS.me,MIGS/MIMS/MIMARKS.human-gut",24808833,RESEARCH INSTITUTE FOR SYSTEMS BIOLOGY AND MEDICINE (RISBM),2016-09-06/2017-11-27,public,"fastq,run.zq,sra","gs,ncbi,s3","gs.us-east1,ncbi.public,s3.us-east-1",human population,human gut,stool,SRX27725717,Russia,Europe,Russia: Arkhangelsk,50.23956,21.73661,Homo sapiens,Illumina MiSeq,64.31 N 40.32 E,KYH821734,PAIRED,PCR,METAGENOMIC,human gut metagenome,ILLUMINA,2025-03-07T00:00:00Z,2025-02-19T06:34:00Z,1,KYH821734,SRP564871
SRR32393709,AMPLICON,501,3885975,PRJNA1225157,SAMN46891202,"MIMS.me,MIGS/MIMS/MIMARKS.human-gut",2399838,RESEARCH INSTITUTE FOR SYSTEMS BIOLOGY AND MEDICINE (RISBM),2016-09-06/2017-11-27,public,"fastq,run.zq,sra","gs,ncbi,s3","gs.us-east1,ncbi.public,s3.us-east-1",human population,human gut,stool,SRX27725716,Russia,Europe,Russia: Arkhangelsk,69.07871,30.91133,Homo sapiens,Illumina MiSeq,64.31 N 40.32 E,KYH310369,PAIRED,PCR,METAGENOMIC,human gut metagenome,ILLUMINA,2025-03-07T00:00:00Z,2025-02-19T06:34:00Z,1,KYH310369,SRP564871
SRR32393710,AMPLICON,501,3752124,PRJNA1225157,SAMN46891201,"MIMS.me,MIGS/MIMS/MIMARKS.human-gut",2252227,RESEARCH INSTITUTE FOR SYSTEMS BIOLOGY AND MEDICINE (RISBM),2016-09-06/2017-11-27,public,"fastq,run.zq,sra","gs,ncbi,s3","gs.us-east1,ncbi.public,s3.us-east-1",human population,human gut,stool,SRX27725715,Russia,Europe,Russia: Arkhangelsk,55.6386,25.68797,Homo sapiens,Illumina MiSeq,64.31 N 40.32 E,KYH996062,PAIRED,PCR,METAGENOMIC,human gut metagenome,ILLUMINA,2025-03-07T00:00:00Z,2025-02-19T06:34:00Z,1,KYH996062,SRP564871
SRR32393711,AMPLICON,501,20796097,PRJNA1225157,SAMN46891200,"MIMS.me,MIGS/MIMS/MIMARKS.human-gut",12672219,RESEARCH INSTITUTE FOR SYSTEMS BIOLOGY AND MEDICINE (RISBM),2016-09-06/2017-11-27,public,"fastq,run.zq,sra","gs,ncbi,s3","gs.us-east1,ncbi.public,s3.us-east-1",human population,human gut,stool,SRX27725714,Russia,Europe,Russia: Arkhangelsk,63.66051,23.18597,Homo sapiens,Illumina MiSeq,64.31 N 40.32 E,KYH344642,PAIRED,PCR,METAGENOMIC,human gut metagenome,ILLUMINA,2025-03-07T00:00:00Z,2025-02-19T06:34:00Z,1,KYH344642,SRP564871
SRR32393712,AMPLICON,501,14208802,PRJNA1225157,SAMN46891199,"MIMS.me,MIGS/MIMS/MIMARKS.human-gut",8322970,RESEARCH INSTITUTE FOR SYSTEMS BIOLOGY AND MEDICINE (RISBM),2016-09-06/2017-11-27,public,"fastq,run.zq,sra","gs,ncbi,s3","gs.us-east1,ncbi.public,s3.us-east-1",human population,human gut,stool,SRX27725713,Russia,Europe,Russia: Arkhangelsk,65.73032,28.33227,Homo sapiens,Illumina MiSeq,64.31 N 40.32 E,KYH531478,PAIRED,PCR,METAGENOMIC,human gut metagenome,ILLUMINA,2025-03-07T00:00:00Z,2025-02-19T06:34:00Z,1,KYH531478,SRP564871
SRR32393713,AMPLICON,501,6866169,PRJNA1225157,SAMN46891198,"MIMS.me,MIGS/MIMS/MIMARKS.human-gut",4071962,RESEARCH INSTITUTE FOR SYSTEMS BIOLOGY AND MEDICINE (RISBM),2016-09-06/2017-11-27,public,"fastq,run.zq,sra","gs,ncbi,s3","gs.us-east1,ncbi.public,s3.us-east-1",human population,human gut,stool,SRX27725712,Russia,Europe,Russia: Arkhangelsk,53.28131,25.29662,Homo sapiens,Illumina MiSeq,64.31 N 40.32 E,KYH548198,PAIRED,PCR,METAGENOMIC,human gut metagenome,ILLUMINA,2025-03-07T00:00:00Z,2025-02-19T06:34:00Z,1,KYH548198,SRP564871
SRR32393714,AMPLICON,500,27715500,PRJNA1225157,SAMN46890595,"MIMS.me,MIGS/MIMS/MIMARKS.human-gut",16583671,RESEARCH INSTITUTE FOR SYSTEMS BIOLOGY AND MEDICINE (RISBM),2016-09-06/2017-11-27,public,"fastq,run.zq,sra","gs,ncbi,s3","gs.us-east1,ncbi.public,s3.us-east-1",human population,human gut,stool,SRX27725711,Russia,Europe,Russia: Arkhangelsk,44.67351,35.89754,Homo sapiens,Illumina MiSeq,64.31 N 40.32 E,KYH432128,PAIRED,PCR,METAGENOMIC,human gut metagenome,ILLUMINA,2025-03-07T00:00:00Z,2025-02-19T06:34:00Z,1,KYH432128,SRP564871
SRR32393715,AMPLICON,501,157591861,PRJNA1225157,SAMN46891197,"MIMS.me,MIGS/MIMS/MIMARKS.human-gut",93603152,RESEARCH INSTITUTE FOR SYSTEMS BIOLOGY AND MEDICINE (RISBM),2016-09-06/2017-11-27,public,"fastq,run.zq,sra","gs,ncbi,s3","gs.us-east1,ncbi.public,s3.us-east-1",human population,human gut,stool,SRX27725710,Russia,Europe,Russia: Arkhangelsk,41.17454,18.84784,Homo sapiens,Illumina MiSeq,64.31 N 40.32 E,KYH856342,PAIRED,PCR,METAGENOMIC,human gut metagenome,ILLUMINA,2025-03-07T00:00:00Z,2025-02-19T06:34:00Z,1,KYH856342,SRP564871
SRR32393716,AMPLICON,501,3490196,PRJNA1225157,SAMN46891196,"MIMS.me,MIGS/MIMS/MIMARKS.human-gut",2053440,RESEARCH INSTITUTE FOR SYSTEMS BIOLOGY AND MEDICINE (RISBM),2016-09-06/2017-11-27,public,"fastq,run.zq,sra","gs,ncbi,s3","gs.us-east1,ncbi.public,s3.us-east-1",human population,human gut,stool,SRX27725709,Russia,Europe,Russia: Arkhangelsk,52.91992,25.63812,Homo sapiens,Illumina MiSeq,64.31 N 40.32 E,KYH724125,PAIRED,PCR,METAGENOMIC,human gut metagenome,ILLUMINA,2025-03-07T00:00:00Z,2025-02-19T06:34:00Z,1,KYH724125,SRP564871
SRR32393717,AMPLICON,501,30054590,PRJNA1225157,SAMN46891195,"MIMS.me,MIGS/MIMS/MIMARKS.human-gut",17394756,RESEARCH INSTITUTE FOR SYSTEMS BIOLOGY AND MEDICINE (RISBM),2016-09-06/2017-11-27,public,"fastq,run.zq,sra","gs,ncbi,s3","gs.us-east1,ncbi.public,s3.us-east-1",human population,human gut,stool,SRX27725708,Russia,Europe,Russia: Arkhangelsk,60.83504,27.98886,Homo sapiens,Illumina MiSeq,64.31 N 40.32 E,KYH294801,PAIRED,PCR,METAGENOMIC,human gut metagenome,ILLUMINA,2025-03-07T00:00:00Z,2025-02-19T06:34:00Z,1,KYH294801,SRP564871
SRR32393718,AMPLICON,501,10209831,PRJNA1225157,SAMN46891194,"MIMS.me,MIGS/MIMS/MIMARKS.human-gut",5915244,RESEARCH INSTITUTE FOR SYSTEMS BIOLOGY AND MEDICINE (RISBM),2016-09-06/2017-11-27,public,"fastq,run.zq,sra","gs,ncbi,s3","gs.us-east1,ncbi.public,s3.us-east-1",human population,human gut,stool,SRX27725707,Russia,Europe,Russia: Arkhangelsk,50.41205,32.75187,Homo sapiens,Illumina MiSeq,64.31 N 40.32 E,KYH568019,PAIRED,PCR,METAGENOMIC,human gut metagenome,ILLUMINA,2025-03-07T00:00:00Z,2025-02-19T06:34:00Z,1,KYH568019,SRP564871
SRR32393719,AMPLICON,501,24531096,PRJNA1225157,SAMN46891193,"MIMS.me,MIGS/MIMS/MIMARKS.human-gut",15195327,RESEARCH INSTITUTE FOR SYSTEMS BIOLOGY AND MEDICINE (RISBM),2016-09-06/2017-11-27,public,"fastq,run.zq,sra","gs,ncbi,s3","gs.us-east1,ncbi.public,s3.us-east-1",human population,human gut,stool,SRX27725706,Russia,Europe,Russia: Arkhangelsk,45.52225,24.12163,Homo sapiens,Illumina MiSeq,64.31 N 40.32 E,KYH411599,PAIRED,PCR,METAGENOMIC,human gut metagenome,ILLUMINA,2025-03-07T00:00:00Z,2025-02-19T06:34:00Z,1,KYH411599,SRP564871
SRR32393720,AMPLICON,501,13295279,PRJNA1225157,SAMN46891192,"MIMS.me,MIGS/MIMS/MIMARKS.human-gut",7693507,RESEARCH INSTITUTE FOR SYSTEMS BIOLOGY AND MEDICINE (RISBM),2016-09-06/2017-11-27,public,"fastq,run.zq,sra","gs,ncbi,s3","gs.us-east1,ncbi.public,s3.us-east-1",human population,human gut,stool,SRX27725705,Russia,Europe,Russia: Arkhangelsk,47.19507,26.83594,Homo sapiens,Illumina MiSeq,64.31 N 40.32 E,KYH844721,PAIRED,PCR,METAGENOMIC,human gut metagenome,ILLUMINA,2025-03-07T00:00:00Z,2025-02-19T06:34:00Z,1,KYH844721,SRP564871
SRR32393721,AMPLICON,501,31429983,PRJNA1225157,SAMN46891191,"MIMS.me,MIGS/MIMS/MIMARKS.human-gut",19562541,RESEARCH INSTITUTE FOR SYSTEMS BIOLOGY AND MEDICINE (RISBM),2016-09-06/2017-11-27,public,"fastq,run.zq,sra","gs,ncbi,s3","gs.us-east1,ncbi.public,s3.us-east-1",human population,human gut,stool,SRX27725704,Russia,Europe,Russia: Arkhangelsk,68.59138,27.59995,Homo sapiens,Illumina MiSeq,64.31 N 40.32 E,KYH388627,PAIRED,PCR,METAGENOMIC,human gut metagenome,ILLUMINA,2025-03-07T00:00:00Z,2025-02-19T06:34:00Z,1,KYH388627,SRP564871
SRR32393722,AMPLICON,499,15379729,PRJNA1225157,SAMN46891190,"MIMS.me,MIGS/MIMS/MIMARKS.human-gut",9479945,RESEARCH INSTITUTE FOR SYSTEMS BIOLOGY AND MEDICINE (RISBM),2016-09-06/2017-11-27,public,"fastq,run.zq,sra","gs,ncbi,s3","gs.us-east1,ncbi.public,s3.us-east-1",human population,human gut,stool,SRX27725703,Russia,Europe,Russia: Arkhangelsk,40.3258,28.10562,Homo sapiens,Illumina MiSeq,64.31 N 40.32 E,KYH224127,PAIRED,PCR,METAGENOMIC,human gut metagenome,ILLUMINA,2025-03-07T00:00:00Z,2025-02-19T06:34:00Z,1,KYH224127,SRP564871
SRR32393723,AMPLICON,501,12671859,PRJNA1225157,SAMN46891189,"MIMS.me,MIGS/MIMS/MIMARKS.human-gut",7612290,RESEARCH INSTITUTE FOR SYSTEMS BIOLOGY AND MEDICINE (RISBM),2016-09-06/2017-11-27,public,"fastq,run.zq,sra","gs,ncbi,s3","gs.us-east1,ncbi.public,s3.us-east-1",human population,human gut,stool,SRX27725702,Russia,Europe,Russia: Arkhangelsk,50.08624,30.02924,Homo sapiens,Illumina MiSeq,64.31 N 40.32 E,KYH974156,PAIRED,PCR,METAGENOMIC,human gut metagenome,ILLUMINA,2025-03-07T00:00:00Z,2025-02-19T06:34:00Z,1,KYH974156,SRP564871
SRR32393724,AMPLICON,501,22925344,PRJNA1225157,SAMN46891188,"MIMS.me,MIGS/MIMS/MIMARKS.human-gut",13510068,RESEARCH INSTITUTE FOR SYSTEMS BIOLOGY AND MEDICINE (RISBM),2016-09-06/2017-11-27,public,"fastq,run.zq,sra","gs,ncbi,s3","gs.us-east1,ncbi.public,s3.us-east-1",human population,human gut,stool,SRX27725701,Russia,Europe,Russia: Arkhangelsk,68.87611,39.97727,Homo sapiens,Illumina MiSeq,64.31 N 40.32 E,KYH460536,PAIRED,PCR,METAGENOMIC,human gut metagenome,ILLUMINA,2025-03-07T00:00:00Z,2025-02-19T06:34:00Z,1,KYH460536,SRP564871
SRR32393725,AMPLICON,501,40219176,PRJNA1225157,SAMN46891119,"MIMS.me,MIGS/MIMS/MIMARKS.human-gut",24491727,RESEARCH INSTITUTE FOR SYSTEMS BIOLOGY AND MEDICINE (RISBM),2016-09-06/2017-11-27,public,"fastq,run.zq,sra","gs,ncbi,s3","gs.us-east1,ncbi.public,s3.us-east-1",human population,human gut,stool,SRX27726049,Russia,Europe,Russia: Arkhangelsk,62.16564,25.29301,Homo sapiens,Illumina MiSeq,64.31 N 40.32 E,KYH132141,PAIRED,PCR,METAGENOMIC,human gut metagenome,ILLUMINA,2025-03-07T00:00:00Z,2025-02-19T06:35:00Z,1,KYH132141,SRP564871
SRR32393726,AMPLICON,501,15732799,PRJNA1225157,SAMN46891118,"MIMS.me,MIGS/MIMS/MIMARKS.human-gut",9405031,RESEARCH INSTITUTE FOR SYSTEMS BIOLOGY AND MEDICINE (RISBM),2016-09-06/2017-11-27,public,"fastq,run.zq,sra","gs,ncbi,s3","gs.us-east1,ncbi.public,s3.us-east-1",human population,human gut,stool,SRX27726048,Russia,Europe,Russia: Arkhangelsk,53.13347,26.41128,Homo sapiens,Illumina MiSeq,64.31 N 40.32 E,KYH882200,PAIRED,PCR,METAGENOMIC,human gut metagenome,ILLUMINA,2025-03-07T00:00:00Z,2025-02-19T06:34:00Z,1,KYH882200,SRP564871
SRR32393727,AMPLICON,500,22037000,PRJNA1225157,SAMN46890587,"MIMS.me,MIGS/MIMS/MIMARKS.human-gut",12838745,RESEARCH INSTITUTE FOR SYSTEMS BIOLOGY AND MEDICINE (RISBM),2016-09-06/2017-11-27,public,"fastq,run.zq,sra","gs,ncbi,s3","gs.us-east1,ncbi.public,s3.us-east-1",human population,human gut,stool,SRX27726047,Russia,Europe,Russia: Arkhangelsk,50.82546,25.72342,Homo sapiens,Illumina MiSeq,64.31 N 40.32 E,KYH635816,PAIRED,PCR,METAGENOMIC,human gut metagenome,ILLUMINA,2025-03-07T00:00:00Z,2025-02-19T06:34:00Z,1,KYH635816,SRP564871
SRR32393728,AMPLICON,501,8241553,PRJNA1225157,SAMN46891117,"MIMS.me,MIGS/MIMS/MIMARKS.human-gut",4977900,RESEARCH INSTITUTE FOR SYSTEMS BIOLOGY AND MEDICINE (RISBM),2016-09-06/2017-11-27,public,"fastq,run.zq,sra","gs,ncbi,s3","gs.us-east1,ncbi.public,s3.us-east-1",human population,human gut,stool,SRX27726046,Russia,Europe,Russia: Arkhangelsk,44.01916,32.39587,Homo sapiens,Illumina MiSeq,64.31 N 40.32 E,KYH277043,PAIRED,PCR,METAGENOMIC,human gut metagenome,ILLUMINA,2025-03-07T00:00:00Z,2025-02-19T06:34:00Z,1,KYH277043,SRP564871
SRR32393729,AMPLICON,501,28781927,PRJNA1225157,SAMN46891116,"MIMS.me,MIGS/MIMS/MIMARKS.human-gut",17120443,RESEARCH INSTITUTE FOR SYSTEMS BIOLOGY AND MEDICINE (RISBM),2016-09-06/2017-11-27,public,"fastq,run.zq,sra","gs,ncbi,s3","gs.us-east1,ncbi.public,s3.us-east-1",human population,human gut,stool,SRX27726045,Russia,Europe,Russia: Arkhangelsk,67.04997,42.18612,Homo sapiens,Illumina MiSeq,64.31 N 40.32 E,KYH674611,PAIRED,PCR,METAGENOMIC,human gut metagenome,ILLUMINA,2025-03-07T00:00:00Z,2025-02-19T06:34:00Z,1,KYH674611,SRP564871
SRR32393730,AMPLICON,501,1682046,PRJNA1225157,SAMN46891115,"MIMS.me,MIGS/MIMS/MIMARKS.human-gut",1084066,RESEARCH INSTITUTE FOR SYSTEMS BIOLOGY AND MEDICINE (RISBM),2016-09-06/2017-11-27,public,"fastq,run.zq,sra","gs,ncbi,s3","gs.us-east1,ncbi.public,s3.us-east-1",human population,human gut,stool,SRX27726044,Russia,Europe,Russia: Arkhangelsk,50.69678,31.26947,Homo sapiens,Illumina MiSeq,64.31 N 40.32 E,KYH775343,PAIRED,PCR,METAGENOMIC,human gut metagenome,ILLUMINA,2025-03-07T00:00:00Z,2025-02-19T06:34:00Z,1,KYH775343,SRP564871
SRR32393731,AMPLICON,501,24980403,PRJNA1225157,SAMN46891114,"MIMS.me,MIGS/MIMS/MIMARKS.human-gut",14933907,RESEARCH INSTITUTE FOR SYSTEMS BIOLOGY AND MEDICINE (RISBM),2016-09-06/2017-11-27,public,"fastq,run.zq,sra","gs,ncbi,s3","gs.us-east1,ncbi.public,s3.us-east-1",human population,human gut,stool,SRX27726043,Russia,Europe,Russia: Arkhangelsk,59.97536,23.75213,Homo sapiens,Illumina MiSeq,64.31 N 40.32 E,KYH295076,PAIRED,PCR,METAGENOMIC,human gut metagenome,ILLUMINA,2025-03-07T00:00:00Z,2025-02-19T06:34:00Z,1,KYH295076,SRP564871
SRR32393732,AMPLICON,501,7104769,PRJNA1225157,SAMN46891113,"MIMS.me,MIGS/MIMS/MIMARKS.human-gut",4271118,RESEARCH INSTITUTE FOR SYSTEMS BIOLOGY AND MEDICINE (RISBM),2016-09-06/2017-11-27,public,"fastq,run.zq,sra","gs,ncbi,s3","gs.us-east1,ncbi.public,s3.us-east-1",human population,human gut,stool,SRX27726042,Russia,Europe,Russia: Arkhangelsk,61.81793,25.6086,Homo sapiens,Illumina MiSeq,64.31 N 40.32 E,KYH135977,PAIRED,PCR,METAGENOMIC,human gut metagenome,ILLUMINA,2025-03-07T00:00:00Z,2025-02-19T06:34:00Z,1,KYH135977,SRP564871
SRR32393733,AMPLICON,501,3701732,PRJNA1225157,SAMN46891112,"MIMS.me,MIGS/MIMS/MIMARKS.human-gut",2254890,RESEARCH INSTITUTE FOR SYSTEMS BIOLOGY AND MEDICINE (RISBM),2016-09-06/2017-11-27,public,"fastq,run.zq,sra","gs,ncbi,s3","gs.us-east1,ncbi.public,s3.us-east-1",human population,human gut,stool,SRX27726041,Russia,Europe,Russia: Arkhangelsk,68.16975,46.66209,Homo sapiens,Illumina MiSeq,64.31 N 40.32 E,KYH823429,PAIRED,PCR,METAGENOMIC,human gut metagenome,ILLUMINA,2025-03-07T00:00:00Z,2025-02-19T06:34:00Z,1,KYH823429,SRP564871
SRR32393734,AMPLICON,501,17209553,PRJNA1225157,SAMN46891111,"MIMS.me,MIGS/MIMS/MIMARKS.human-gut",10520651,RESEARCH INSTITUTE FOR SYSTEMS BIOLOGY AND MEDICINE (RISBM),2016-09-06/2017-11-27,public,"fastq,run.zq,sra","gs,ncbi,s3","gs.us-east1,ncbi.public,s3.us-east-1",human population,human gut,stool,SRX27726040,Russia,Europe,Russia: Arkhangelsk,50.10267,27.38804,Homo sapiens,Illumina MiSeq,64.31 N 40.32 E,KYH194670,PAIRED,PCR,METAGENOMIC,human gut metagenome,ILLUMINA,2025-03-07T00:00:00Z,2025-02-19T06:34:00Z,1,KYH194670,SRP564871
SRR32393735,AMPLICON,501,10224307,PRJNA1225157,SAMN46891110,"MIMS.me,MIGS/MIMS/MIMARKS.human-gut",6204637,RESEARCH INSTITUTE FOR SYSTEMS BIOLOGY AND MEDICINE (RISBM),2016-09-06/2017-11-27,public,"fastq,run.zq,sra","gs,ncbi,s3","gs.us-east1,ncbi.public,s3.us-east-1",human population,human gut,stool,SRX27726039,Russia,Europe,Russia: Arkhangelsk,39.87406,25.52177,Homo sapiens,Illumina MiSeq,64.31 N 40.32 E,KYH108785,PAIRED,PCR,METAGENOMIC,human gut metagenome,ILLUMINA,2025-03-07T00:00:00Z,2025-02-19T06:34:00Z,1,KYH108785,SRP564871
SRR32393736,AMPLICON,501,23125286,PRJNA1225157,SAMN46891109,"MIMS.me,MIGS/MIMS/MIMARKS.human-gut",13374327,RESEARCH INSTITUTE FOR SYSTEMS BIOLOGY AND MEDICINE (RISBM),2016-09-06/2017-11-27,public,"fastq,run.zq,sra","gs,ncbi,s3","gs.us-east1,ncbi.public,s3.us-east-1",human population,human gut,stool,SRX27726038,Russia,Europe,Russia: Arkhangelsk,56.93634,25.87097,Homo sapiens,Illumina MiSeq,64.31 N 40.32 E,KYH692511,PAIRED,PCR,METAGENOMIC,human gut metagenome,ILLUMINA,2025-03-07T00:00:00Z,2025-02-19T06:34:00Z,1,KYH692511,SRP564871
SRR32393737,AMPLICON,501,15211074,PRJNA1225157,SAMN46891108,"MIMS.me,MIGS/MIMS/MIMARKS.human-gut",9386477,RESEARCH INSTITUTE FOR SYSTEMS BIOLOGY AND MEDICINE (RISBM),2016-09-06/2017-11-27,public,"fastq,run.zq,sra","gs,ncbi,s3","gs.us-east1,ncbi.public,s3.us-east-1",human population,human gut,stool,SRX27726037,Russia,Europe,Russia: Arkhangelsk,58.66119,23.1462,Homo sapiens,Illumina MiSeq,64.31 N 40.32 E,KYH840844,PAIRED,PCR,METAGENOMIC,human gut metagenome,ILLUMINA,2025-03-07T00:00:00Z,2025-02-19T06:34:00Z,1,KYH840844,SRP564871
